sample_idx,fold
1,0
4,0
8,0
13,0
18,0
19,0
25,0
28,0
30,0
34,0
66,0
71,0
74,0
76,0
84,0
86,0
90,0
95,0
101,0
105,0
113,0
119,0
121,0
125,0
136,0
138,0
139,0
143,0
144,0
147,0
148,0
150,0
156,0
158,0
159,0
165,0
183,0
200,0
208,0
209,0
210,0
225,0
226,0
230,0
234,0
239,0
241,0
243,0
246,0
251,0
261,0
270,0
271,0
279,0
280,0
282,0
283,0
291,0
299,0
307,0
308,0
309,0
310,0
322,0
323,0
331,0
334,0
338,0
342,0
343,0
345,0
351,0
356,0
360,0
381,0
384,0
395,0
396,0
403,0
404,0
411,0
412,0
416,0
419,0
424,0
431,0
434,0
437,0
441,0
443,0
447,0
449,0
450,0
455,0
458,0
461,0
467,0
468,0
470,0
471,0
474,0
477,0
478,0
479,0
488,0
494,0
501,0
507,0
508,0
518,0
522,0
529,0
535,0
536,0
542,0
546,0
549,0
550,0
558,0
561,0
562,0
567,0
569,0
571,0
573,0
574,0
577,0
582,0
583,0
584,0
588,0
591,0
596,0
598,0
602,0
606,0
607,0
610,0
612,0
616,0
624,0
625,0
628,0
630,0
631,0
633,0
652,0
663,0
668,0
672,0
675,0
679,0
683,0
685,0
689,0
693,0
705,0
709,0
710,0
711,0
718,0
721,0
729,0
744,0
752,0
764,0
772,0
777,0
794,0
809,0
820,0
822,0
827,0
835,0
836,0
837,0
839,0
843,0
856,0
861,0
863,0
867,0
868,0
872,0
873,0
878,0
886,0
894,0
898,0
902,0
906,0
909,0
910,0
917,0
918,0
919,0
920,0
922,0
924,0
932,0
934,0
943,0
949,0
955,0
957,0
972,0
974,0
977,0
980,0
984,0
990,0
993,0
994,0
998,0
1000,0
1003,0
1005,0
1013,0
1015,0
1016,0
1019,0
1023,0
1028,0
1047,0
1049,0
1060,0
1062,0
1065,0
1066,0
1068,0
1075,0
1078,0
1085,0
1087,0
1088,0
1105,0
1107,0
1108,0
1112,0
1115,0
1127,0
1133,0
1136,0
1140,0
1144,0
1145,0
1155,0
1158,0
1162,0
1167,0
1169,0
1176,0
1190,0
1214,0
1227,0
1231,0
1234,0
1238,0
1243,0
1247,0
1251,0
1256,0
1262,0
1264,0
1265,0
1269,0
1270,0
1271,0
1282,0
1285,0
1288,0
1290,0
1294,0
1295,0
1296,0
1305,0
1331,0
1333,0
1338,0
1343,0
1344,0
1345,0
1349,0
1373,0
1378,0
1382,0
1388,0
1390,0
1400,0
1401,0
1406,0
1410,0
1423,0
1427,0
1429,0
1445,0
1449,0
1455,0
1456,0
1462,0
1472,0
1481,0
1483,0
1486,0
1491,0
1492,0
1501,0
1512,0
1518,0
1519,0
1520,0
1524,0
1529,0
1536,0
1551,0
1556,0
1560,0
1578,0
1590,0
1593,0
1602,0
1606,0
1611,0
1612,0
1616,0
1634,0
1635,0
1636,0
1637,0
1642,0
1643,0
1650,0
1654,0
1661,0
1664,0
1674,0
1676,0
1677,0
1680,0
1681,0
1721,0
1723,0
1725,0
1726,0
1727,0
1728,0
1729,0
1735,0
1745,0
1766,0
1768,0
1770,0
1775,0
1780,0
1781,0
1785,0
1789,0
1791,0
1792,0
1804,0
1805,0
1809,0
1812,0
1823,0
1830,0
1834,0
1836,0
1838,0
1841,0
1853,0
1854,0
1855,0
1856,0
1857,0
1862,0
1863,0
1864,0
1893,0
1902,0
1908,0
1910,0
1916,0
1921,0
1941,0
1945,0
1950,0
1953,0
1956,0
1957,0
1964,0
1972,0
1983,0
1985,0
1986,0
1989,0
1990,0
1992,0
2010,0
2016,0
2017,0
2020,0
2024,0
2030,0
2036,0
2045,0
2055,0
2070,0
2071,0
2080,0
2083,0
2085,0
2086,0
2088,0
2096,0
2097,0
2102,0
2103,0
2104,0
2105,0
2106,0
2108,0
2119,0
2125,0
2126,0
2155,0
2166,0
2173,0
2176,0
2178,0
2185,0
2194,0
2196,0
2232,0
2235,0
2243,0
2245,0
2253,0
2256,0
2269,0
2280,0
2298,0
2319,0
2320,0
2324,0
2327,0
2333,0
2335,0
2337,0
2345,0
2346,0
2347,0
2348,0
2349,0
2363,0
2365,0
2368,0
2370,0
2385,0
2386,0
2391,0
2394,0
2400,0
2410,0
2418,0
2429,0
2434,0
2441,0
2444,0
2447,0
2452,0
2456,0
2458,0
2463,0
2466,0
2478,0
2482,0
2487,0
2491,0
2504,0
2509,0
2516,0
2517,0
2520,0
2525,0
2535,0
2536,0
2543,0
2547,0
2549,0
2560,0
2561,0
2562,0
2565,0
2571,0
2574,0
2579,0
2581,0
2583,0
2587,0
2605,0
2615,0
2617,0
2623,0
2627,0
2632,0
2639,0
2643,0
2647,0
2649,0
2653,0
2654,0
2659,0
2661,0
2665,0
2667,0
2669,0
2672,0
2682,0
2690,0
2691,0
2694,0
2700,0
2702,0
2705,0
2706,0
2714,0
2719,0
2720,0
2721,0
2722,0
2724,0
2731,0
2748,0
2749,0
2750,0
2755,0
2756,0
2779,0
2781,0
2790,0
2793,0
2799,0
2801,0
2813,0
2817,0
2826,0
2827,0
2828,0
2829,0
2832,0
2836,0
2842,0
2844,0
2851,0
2855,0
2860,0
2861,0
2865,0
2885,0
2891,0
2893,0
2894,0
2895,0
2905,0
2909,0
2911,0
2919,0
2925,0
2926,0
2927,0
2933,0
2936,0
2938,0
2939,0
2943,0
2950,0
2954,0
2957,0
2965,0
2968,0
2972,0
2980,0
2981,0
2983,0
2987,0
2998,0
2999,0
3007,0
3012,0
3025,0
3026,0
3029,0
3038,0
3039,0
3040,0
3043,0
3044,0
3047,0
3059,0
3068,0
3074,0
3082,0
3083,0
3085,0
3099,0
3102,0
3103,0
3107,0
3113,0
3121,0
3128,0
3131,0
3132,0
3136,0
3142,0
3149,0
3153,0
3155,0
3171,0
3176,0
3183,0
3187,0
3209,0
3211,0
3217,0
3221,0
3231,0
3237,0
3243,0
3245,0
3254,0
3255,0
3269,0
3273,0
3284,0
3289,0
3296,0
3299,0
3300,0
3306,0
3307,0
3311,0
3312,0
3318,0
3324,0
3326,0
3328,0
3330,0
3332,0
3337,0
3338,0
3341,0
3349,0
3354,0
3365,0
3369,0
3372,0
3380,0
3385,0
3386,0
3397,0
3413,0
3425,0
3432,0
3433,0
3438,0
3439,0
3445,0
3448,0
3455,0
3460,0
3466,0
3473,0
3477,0
3485,0
3488,0
3496,0
3498,0
3499,0
3504,0
3505,0
3506,0
3510,0
3513,0
3518,0
3526,0
3530,0
3533,0
3535,0
3541,0
3544,0
3549,0
3551,0
3552,0
3553,0
3558,0
3562,0
3564,0
3568,0
3573,0
3575,0
3576,0
3579,0
3581,0
3600,0
3602,0
3609,0
3613,0
3616,0
3618,0
3621,0
3622,0
3636,0
3640,0
3642,0
3643,0
3645,0
3649,0
3656,0
3657,0
3658,0
3674,0
3680,0
3686,0
3697,0
3701,0
3705,0
3707,0
3709,0
3710,0
3717,0
3720,0
3736,0
3740,0
3747,0
3752,0
3755,0
3766,0
3771,0
3775,0
3776,0
3777,0
3783,0
3785,0
3793,0
3797,0
3798,0
3799,0
3829,0
3831,0
3838,0
3842,0
3844,0
3845,0
3850,0
3858,0
3862,0
3863,0
3865,0
3869,0
3878,0
3886,0
3890,0
3897,0
3899,0
3900,0
3902,0
3916,0
3921,0
3922,0
3936,0
3937,0
3938,0
3942,0
3944,0
3945,0
3946,0
3952,0
3954,0
3960,0
3962,0
3967,0
3979,0
3987,0
3989,0
3993,0
3995,0
3997,0
4003,0
4004,0
4005,0
4017,0
4023,0
4026,0
4027,0
4033,0
4043,0
4045,0
4049,0
4051,0
4052,0
4056,0
4061,0
4065,0
4076,0
4080,0
4089,0
4092,0
4098,0
4103,0
4108,0
4109,0
4113,0
4114,0
4128,0
4130,0
4136,0
4138,0
4140,0
4146,0
4148,0
4150,0
4154,0
4179,0
4180,0
4183,0
4196,0
4201,0
4202,0
4203,0
4235,0
4236,0
4237,0
4239,0
4245,0
4247,0
4253,0
4275,0
4279,0
4288,0
4289,0
4290,0
4291,0
4296,0
4298,0
4299,0
4310,0
4312,0
4313,0
4323,0
4324,0
4330,0
4331,0
4333,0
4336,0
4337,0
4340,0
4341,0
4345,0
4359,0
4363,0
4367,0
4401,0
4426,0
4431,0
4432,0
4435,0
4439,0
4446,0
4448,0
4456,0
4457,0
4463,0
4466,0
4470,0
4472,0
4485,0
4492,0
4506,0
4507,0
4517,0
4533,0
4535,0
4538,0
4540,0
4544,0
4548,0
4551,0
4554,0
4567,0
4568,0
4572,0
4596,0
4604,0
4607,0
4612,0
4619,0
4624,0
4626,0
4630,0
4644,0
4654,0
4659,0
4664,0
4665,0
4670,0
4682,0
4687,0
4688,0
4689,0
4690,0
4692,0
4695,0
4696,0
4701,0
4703,0
4712,0
4720,0
4721,0
4726,0
4730,0
4741,0
4746,0
4752,0
4755,0
4759,0
4760,0
4763,0
4764,0
4765,0
4773,0
4790,0
4795,0
4796,0
4810,0
4822,0
4824,0
4829,0
4832,0
4833,0
4843,0
4846,0
4847,0
4849,0
4850,0
4853,0
4856,0
4859,0
4861,0
4862,0
4868,0
4871,0
4873,0
4874,0
4881,0
4890,0
4895,0
4899,0
4911,0
4918,0
4919,0
4922,0
4929,0
4932,0
4933,0
4934,0
4936,0
4937,0
4945,0
4946,0
4950,0
4954,0
4956,0
4960,0
4961,0
4962,0
4966,0
4969,0
4972,0
4975,0
4979,0
4980,0
4987,0
4994,0
5003,0
5010,0
5013,0
5023,0
5026,0
5029,0
5032,0
5037,0
5039,0
5042,0
5044,0
5045,0
5061,0
5069,0
5083,0
5084,0
5092,0
5095,0
5098,0
5100,0
5101,0
5106,0
5107,0
5108,0
5114,0
5132,0
5135,0
5140,0
5142,0
5152,0
5163,0
5174,0
5175,0
5185,0
5189,0
5193,0
5194,0
5203,0
5206,0
5220,0
5228,0
5234,0
5239,0
5244,0
5255,0
5256,0
5257,0
5258,0
5259,0
5267,0
5270,0
5275,0
5280,0
5284,0
5287,0
5293,0
5295,0
5296,0
5299,0
5304,0
5316,0
5317,0
5318,0
5322,0
5324,0
5330,0
5332,0
5336,0
5345,0
5347,0
5359,0
5362,0
5372,0
5375,0
5383,0
5389,0
5392,0
5394,0
5403,0
5408,0
5420,0
5426,0
5429,0
5432,0
5433,0
5435,0
5438,0
5447,0
5451,0
5453,0
5455,0
5462,0
5464,0
5466,0
5468,0
5474,0
5483,0
5485,0
5487,0
5491,0
5492,0
5493,0
5494,0
5504,0
5505,0
5506,0
5524,0
5527,0
5532,0
5534,0
5537,0
5551,0
5553,0
5557,0
5563,0
5565,0
5570,0
5571,0
5572,0
5573,0
5576,0
5581,0
5585,0
5589,0
5597,0
5602,0
5603,0
5609,0
5631,0
5655,0
5661,0
5662,0
5664,0
5665,0
5668,0
5669,0
5671,0
5676,0
5686,0
5688,0
5706,0
5714,0
5719,0
5726,0
5729,0
5730,0
5732,0
5737,0
5743,0
5746,0
5755,0
5757,0
5759,0
5760,0
5775,0
5776,0
5779,0
5780,0
5782,0
5786,0
5790,0
5791,0
5795,0
5798,0
5799,0
5800,0
5805,0
5812,0
5813,0
5814,0
5820,0
5821,0
5823,0
5826,0
5827,0
5829,0
5831,0
5833,0
5835,0
5837,0
5840,0
5842,0
5843,0
5847,0
5848,0
5849,0
5853,0
5857,0
5858,0
5859,0
5863,0
5865,0
5866,0
5875,0
5883,0
5890,0
5898,0
5903,0
5912,0
5913,0
5914,0
5922,0
5937,0
5941,0
5948,0
5958,0
5962,0
5982,0
5984,0
5990,0
5992,0
6003,0
6012,0
6025,0
6028,0
6029,0
6031,0
6052,0
6054,0
6055,0
6057,0
6058,0
6061,0
6062,0
6064,0
6069,0
6072,0
6078,0
6091,0
6093,0
6095,0
6108,0
6123,0
6131,0
6133,0
6139,0
6140,0
6145,0
6151,0
6165,0
6169,0
6173,0
6181,0
6182,0
6184,0
6194,0
6195,0
6201,0
6207,0
6212,0
6219,0
6222,0
6256,0
6257,0
6261,0
6263,0
6266,0
6273,0
6280,0
6283,0
6296,0
6298,0
6301,0
6302,0
6304,0
6307,0
6308,0
6319,0
6321,0
6327,0
6333,0
6334,0
6339,0
6341,0
6343,0
6352,0
6355,0
6362,0
6364,0
6370,0
6373,0
6379,0
6381,0
6382,0
6383,0
6387,0
6401,0
6411,0
6413,0
6414,0
6420,0
6439,0
6444,0
6450,0
6452,0
6462,0
6467,0
6468,0
6469,0
6476,0
6483,0
6485,0
6488,0
6492,0
6493,0
6494,0
6500,0
6501,0
6511,0
6513,0
6519,0
6524,0
6532,0
6533,0
6541,0
6542,0
6543,0
6544,0
6546,0
6549,0
6554,0
6556,0
6564,0
6565,0
6567,0
6568,0
6578,0
6582,0
6585,0
6587,0
6593,0
6594,0
6595,0
6596,0
6605,0
6611,0
6626,0
6631,0
6636,0
6637,0
6642,0
6643,0
6644,0
6651,0
6654,0
6655,0
6661,0
6665,0
6668,0
6672,0
6676,0
6677,0
6685,0
6687,0
6694,0
6704,0
6708,0
6711,0
6712,0
6713,0
6714,0
6719,0
6737,0
6744,0
6745,0
6747,0
6748,0
6750,0
6761,0
6764,0
6770,0
6775,0
6776,0
6780,0
6784,0
6786,0
6789,0
6791,0
6800,0
6804,0
6805,0
6811,0
6815,0
6819,0
6829,0
6830,0
6833,0
6834,0
6839,0
6841,0
6842,0
6848,0
6851,0
6852,0
6861,0
6862,0
6868,0
6875,0
6878,0
6879,0
6895,0
6908,0
6909,0
6913,0
6914,0
6916,0
6918,0
6924,0
6926,0
6933,0
6936,0
6938,0
6939,0
6948,0
6949,0
6950,0
6957,0
6964,0
6975,0
6980,0
6996,0
7005,0
7008,0
7011,0
7016,0
7018,0
7022,0
7023,0
7025,0
7026,0
7029,0
7031,0
7034,0
7042,0
7044,0
7047,0
7049,0
7052,0
7056,0
7060,0
7061,0
7062,0
7063,0
7064,0
7065,0
7083,0
7084,0
7090,0
7091,0
7095,0
7097,0
7099,0
7100,0
7101,0
7104,0
7105,0
7107,0
7126,0
7128,0
7133,0
7137,0
7138,0
7152,0
7155,0
7156,0
7159,0
7165,0
7166,0
7170,0
7175,0
7178,0
7192,0
7195,0
7197,0
7198,0
7211,0
7215,0
7218,0
7220,0
7222,0
7223,0
7232,0
7242,0
7256,0
7262,0
7264,0
7280,0
7284,0
7300,0
7313,0
7318,0
7319,0
7322,0
7327,0
7330,0
7334,0
7345,0
7346,0
7352,0
7361,0
7372,0
7374,0
7390,0
7391,0
7397,0
7401,0
7405,0
7406,0
7407,0
7409,0
7411,0
7417,0
7428,0
7430,0
7431,0
7437,0
7441,0
7443,0
7444,0
7446,0
7451,0
7454,0
7460,0
7469,0
7473,0
7476,0
7480,0
7482,0
7486,0
7487,0
7494,0
7497,0
7502,0
7509,0
7511,0
7515,0
7520,0
7524,0
7528,0
7531,0
7538,0
7539,0
7550,0
7552,0
7557,0
7563,0
7572,0
7575,0
7576,0
7577,0
7578,0
7579,0
7580,0
7585,0
7586,0
7592,0
7608,0
7612,0
7622,0
7623,0
7625,0
7635,0
7643,0
7644,0
7645,0
7649,0
7652,0
7657,0
7676,0
7679,0
7686,0
7700,0
7701,0
7704,0
7705,0
7706,0
7709,0
7714,0
7716,0
7717,0
7731,0
7733,0
7741,0
7746,0
7748,0
7753,0
7760,0
7761,0
7766,0
7776,0
7788,0
7790,0
7791,0
7799,0
7803,0
7809,0
7812,0
7813,0
7814,0
7815,0
7820,0
7822,0
7825,0
7826,0
7831,0
7840,0
7848,0
7856,0
7859,0
7860,0
7878,0
7887,0
7888,0
7911,0
7913,0
7915,0
7924,0
7932,0
7939,0
7940,0
7946,0
7956,0
7957,0
7959,0
7962,0
7981,0
7996,0
8008,0
8023,0
8026,0
8029,0
8030,0
8032,0
8037,0
8038,0
8043,0
8047,0
8050,0
8053,0
8070,0
8072,0
8080,0
8087,0
8088,0
8090,0
8092,0
8094,0
8096,0
8112,0
8117,0
8128,0
8130,0
8131,0
8133,0
8136,0
8159,0
8161,0
8163,0
8164,0
8165,0
8168,0
8171,0
8210,0
8213,0
8216,0
8227,0
8230,0
8236,0
8240,0
8242,0
8247,0
8257,0
8259,0
8260,0
8262,0
8265,0
8270,0
8271,0
8280,0
8281,0
8282,0
8284,0
8287,0
8288,0
8291,0
8292,0
8293,0
8297,0
8319,0
8329,0
8333,0
8342,0
8348,0
8349,0
8350,0
8352,0
8355,0
8359,0
8369,0
8370,0
8373,0
8374,0
8377,0
8388,0
8392,0
8396,0
8399,0
8404,0
8408,0
8420,0
8427,0
8429,0
8432,0
8437,0
8445,0
8447,0
8449,0
8455,0
8462,0
8465,0
8473,0
8479,0
8506,0
8511,0
8516,0
8520,0
8523,0
8528,0
8529,0
8531,0
8538,0
8547,0
8582,0
8585,0
8591,0
8597,0
8598,0
8599,0
8625,0
8630,0
8632,0
8641,0
8642,0
8645,0
8647,0
8650,0
8652,0
8653,0
8654,0
8655,0
8666,0
8672,0
8676,0
8681,0
8687,0
8690,0
8694,0
8696,0
8697,0
8699,0
8700,0
8703,0
8704,0
8706,0
8708,0
8710,0
8719,0
8723,0
8724,0
8732,0
8733,0
8737,0
8738,0
8741,0
8743,0
8744,0
8745,0
8747,0
8748,0
8752,0
8753,0
8762,0
8767,0
8777,0
8780,0
8791,0
8796,0
8799,0
8804,0
8808,0
8809,0
8812,0
8816,0
8821,0
8824,0
8825,0
8829,0
8836,0
8845,0
8848,0
8849,0
8850,0
8852,0
8853,0
8860,0
8866,0
8871,0
8874,0
8875,0
8876,0
8879,0
8902,0
8908,0
8916,0
8925,0
8926,0
8935,0
8944,0
8948,0
8949,0
8950,0
8954,0
8955,0
8957,0
8958,0
8967,0
8975,0
8980,0
8981,0
8989,0
8990,0
8998,0
9000,0
9010,0
9016,0
9017,0
9019,0
9023,0
9025,0
9027,0
9029,0
9031,0
9060,0
9065,0
9068,0
9076,0
9084,0
9085,0
9089,0
9096,0
9098,0
9105,0
9107,0
9108,0
9117,0
9121,0
9122,0
9131,0
9133,0
9136,0
9138,0
9142,0
9153,0
9161,0
9165,0
9171,0
9174,0
9181,0
9184,0
9188,0
9193,0
9195,0
9199,0
9208,0
9215,0
9216,0
9217,0
9227,0
9228,0
9231,0
9232,0
9233,0
9234,0
9238,0
9240,0
9242,0
9244,0
9245,0
9249,0
9255,0
9263,0
9270,0
9271,0
9276,0
9280,0
9287,0
9288,0
9293,0
9297,0
9308,0
9312,0
9313,0
9317,0
9318,0
9319,0
9320,0
9342,0
9349,0
9356,0
9359,0
9365,0
9366,0
9379,0
9384,0
9388,0
9392,0
9408,0
9413,0
9416,0
9420,0
9421,0
9453,0
9454,0
9457,0
9468,0
9469,0
9472,0
9474,0
9477,0
9481,0
9484,0
9498,0
9503,0
9507,0
9510,0
9512,0
9514,0
9518,0
9540,0
9542,0
9547,0
9550,0
9551,0
9553,0
9557,0
9562,0
9563,0
9565,0
9567,0
9573,0
9574,0
9575,0
9584,0
9591,0
9593,0
9594,0
9598,0
9603,0
9605,0
9608,0
9615,0
9617,0
9620,0
9624,0
9627,0
9635,0
9637,0
9646,0
9651,0
9654,0
9659,0
9660,0
9663,0
9666,0
9677,0
9681,0
9686,0
9693,0
9695,0
9696,0
9708,0
9714,0
9716,0
9718,0
9719,0
9721,0
9723,0
9724,0
9730,0
9742,0
9743,0
9757,0
9764,0
9776,0
9797,0
9799,0
9803,0
9812,0
9814,0
9818,0
9821,0
9828,0
9830,0
9836,0
9840,0
9843,0
9847,0
9852,0
9857,0
9859,0
9868,0
9870,0
9876,0
9879,0
9881,0
9884,0
9888,0
9896,0
9898,0
9905,0
9914,0
9920,0
9926,0
9936,0
9942,0
9946,0
9948,0
9952,0
9956,0
9961,0
9969,0
9979,0
9985,0
9999,0
10008,0
10011,0
10014,0
10016,0
10018,0
10031,0
10040,0
10043,0
10049,0
10050,0
10053,0
10055,0
10059,0
10069,0
10072,0
10074,0
10077,0
10079,0
10080,0
10098,0
10100,0
10105,0
10106,0
10120,0
10123,0
10125,0
10141,0
10147,0
10164,0
10172,0
10181,0
10187,0
10193,0
10194,0
10198,0
10203,0
10208,0
10219,0
10230,0
10240,0
10256,0
10257,0
10268,0
10280,0
10281,0
10294,0
10296,0
10304,0
10328,0
10331,0
10333,0
10337,0
10341,0
10347,0
10373,0
10376,0
10377,0
10379,0
10380,0
10381,0
10383,0
10384,0
10388,0
10390,0
10395,0
10401,0
10402,0
10407,0
10409,0
10417,0
10434,0
10437,0
10440,0
10442,0
10444,0
10447,0
10449,0
10451,0
10455,0
10457,0
10473,0
10477,0
10478,0
10482,0
10484,0
10494,0
10501,0
10503,0
10508,0
10511,0
10512,0
10514,0
10528,0
10530,0
10544,0
10554,0
10556,0
10562,0
10567,0
10582,0
10584,0
10587,0
10590,0
10595,0
10601,0
10603,0
10606,0
10611,0
10612,0
10613,0
10622,0
10627,0
10636,0
10642,0
10644,0
10649,0
10653,0
10654,0
10665,0
10666,0
10673,0
10676,0
10679,0
10683,0
10689,0
10691,0
10696,0
10697,0
10699,0
10701,0
10714,0
10717,0
10721,0
10727,0
10739,0
10742,0
10745,0
10747,0
10749,0
10750,0
10756,0
10757,0
10759,0
10778,0
10793,0
10794,0
10796,0
10800,0
10805,0
10809,0
10811,0
10816,0
10817,0
10819,0
10826,0
10829,0
10841,0
10846,0
10849,0
10850,0
10862,0
10868,0
10871,0
10877,0
10879,0
10887,0
10888,0
10891,0
10894,0
10896,0
10897,0
10899,0
10902,0
10904,0
10905,0
10919,0
10920,0
10923,0
10924,0
10931,0
10934,0
10935,0
10938,0
10942,0
10957,0
10969,0
10972,0
10981,0
10996,0
10998,0
11003,0
11012,0
11016,0
11019,0
11022,0
11027,0
11029,0
11040,0
11049,0
11061,0
11063,0
11075,0
11078,0
11086,0
11087,0
11092,0
11104,0
11109,0
11110,0
11112,0
11114,0
11120,0
11122,0
11127,0
11131,0
11144,0
11148,0
11149,0
11155,0
11157,0
11160,0
11163,0
11168,0
11169,0
11172,0
11177,0
11182,0
11186,0
11202,0
11205,0
11220,0
11221,0
11226,0
11227,0
11236,0
11241,0
11242,0
11258,0
11263,0
11264,0
11274,0
11278,0
11287,0
11299,0
11317,0
11324,0
11333,0
11345,0
11346,0
11352,0
11363,0
11365,0
11366,0
11368,0
11369,0
11373,0
11374,0
11375,0
11395,0
11396,0
11401,0
11407,0
11408,0
11411,0
11418,0
11429,0
11450,0
11454,0
11461,0
11462,0
11463,0
11465,0
11477,0
11478,0
11482,0
11490,0
11502,0
11510,0
11511,0
11513,0
11518,0
11520,0
11523,0
11538,0
11542,0
11543,0
11545,0
11557,0
11558,0
11562,0
11565,0
11566,0
11569,0
11570,0
11578,0
11581,0
11609,0
11612,0
11623,0
11626,0
11630,0
11631,0
11632,0
11634,0
11645,0
11648,0
11653,0
11658,0
11659,0
11660,0
11661,0
11666,0
11671,0
11684,0
11690,0
11692,0
11696,0
11697,0
11702,0
11712,0
11717,0
11724,0
11726,0
11727,0
11730,0
11734,0
11739,0
11740,0
11747,0
11750,0
11753,0
11754,0
11756,0
11764,0
11767,0
11771,0
11781,0
11782,0
11784,0
11795,0
11797,0
11800,0
11803,0
11805,0
11806,0
11808,0
11829,0
11833,0
11834,0
11839,0
11840,0
11844,0
11847,0
11848,0
11852,0
11856,0
11859,0
11861,0
11864,0
11869,0
11872,0
11873,0
11877,0
11892,0
11897,0
11899,0
11903,0
11912,0
11920,0
11921,0
11923,0
11926,0
11935,0
11937,0
11940,0
11943,0
11948,0
11951,0
11966,0
11975,0
11979,0
11988,0
11998,0
12000,0
12001,0
12002,0
12021,0
12034,0
12041,0
12049,0
12057,0
12073,0
12077,0
12079,0
12082,0
12088,0
12098,0
12099,0
12102,0
12118,0
12120,0
12126,0
12128,0
12131,0
12139,0
12142,0
12143,0
12145,0
12149,0
12151,0
12154,0
12168,0
12170,0
12176,0
12179,0
12182,0
12183,0
12185,0
12187,0
12188,0
12196,0
12211,0
12212,0
12223,0
12225,0
12227,0
12228,0
12230,0
12232,0
12239,0
12241,0
12245,0
12249,0
12250,0
12265,0
12266,0
12267,0
12275,0
12282,0
12284,0
12288,0
12291,0
12294,0
12296,0
12300,0
12304,0
12306,0
12311,0
12316,0
12319,0
12320,0
12325,0
12331,0
12333,0
12337,0
12338,0
12340,0
12341,0
12345,0
12350,0
12360,0
12366,0
12370,0
12371,0
12379,0
12399,0
12404,0
12411,0
12414,0
12418,0
12421,0
12422,0
12433,0
12434,0
12438,0
12440,0
12441,0
12447,0
12451,0
12458,0
12460,0
12461,0
12462,0
12465,0
12468,0
12473,0
12477,0
12485,0
12492,0
12499,0
12511,0
12514,0
12524,0
12527,0
12543,0
12548,0
12556,0
12558,0
12568,0
12573,0
12588,0
12589,0
12591,0
12592,0
12593,0
12596,0
12603,0
12609,0
12614,0
12616,0
12617,0
12618,0
12623,0
12625,0
12630,0
12631,0
12636,0
12638,0
12639,0
12641,0
12643,0
12645,0
12646,0
12647,0
12654,0
12655,0
12658,0
12659,0
12665,0
12666,0
12667,0
12669,0
12671,0
12675,0
12695,0
12697,0
12698,0
12710,0
12718,0
12720,0
12721,0
12723,0
12730,0
12735,0
12736,0
12737,0
12750,0
12753,0
12757,0
12763,0
12765,0
12766,0
12768,0
12782,0
12785,0
12793,0
12794,0
12795,0
12798,0
12801,0
12808,0
12812,0
12813,0
12816,0
12824,0
12825,0
12827,0
12829,0
12836,0
12841,0
12845,0
12852,0
12855,0
12862,0
12866,0
12868,0
12871,0
12874,0
12882,0
12884,0
12885,0
12897,0
12906,0
12908,0
12931,0
12934,0
12935,0
12954,0
12965,0
12971,0
12981,0
12983,0
12999,0
13000,0
13004,0
13012,0
13014,0
13016,0
13019,0
13022,0
13023,0
13024,0
13045,0
13063,0
13077,0
13083,0
13085,0
13089,0
13094,0
13107,0
13113,0
13117,0
13121,0
13124,0
13134,0
13149,0
13154,0
13156,0
13157,0
13167,0
13168,0
13171,0
13176,0
13177,0
13180,0
13182,0
13183,0
13194,0
13200,0
13202,0
13204,0
13206,0
13207,0
13229,0
13236,0
13245,0
13246,0
13249,0
13264,0
13267,0
13274,0
13279,0
13286,0
13291,0
13293,0
13301,0
13307,0
13309,0
13313,0
13314,0
13315,0
13317,0
13323,0
13327,0
13328,0
13329,0
13336,0
13340,0
13348,0
13351,0
13354,0
13362,0
13367,0
13369,0
13375,0
13378,0
13381,0
13386,0
13390,0
13393,0
13409,0
13418,0
13419,0
13424,0
13425,0
13427,0
13436,0
13441,0
13449,0
13460,0
13464,0
13473,0
13476,0
13477,0
13485,0
13488,0
13495,0
13498,0
13509,0
13510,0
13511,0
13514,0
13518,0
13524,0
13525,0
13526,0
13528,0
13529,0
13532,0
13541,0
13554,0
13557,0
13560,0
13561,0
13577,0
13583,0
13585,0
13587,0
13600,0
13603,0
13610,0
13611,0
13616,0
13619,0
13623,0
13625,0
13634,0
13636,0
13646,0
13651,0
13652,0
13661,0
13667,0
13669,0
13680,0
13682,0
13686,0
13689,0
13690,0
13697,0
13716,0
13724,0
13728,0
13730,0
13741,0
13744,0
13754,0
13755,0
13763,0
13765,0
13771,0
13782,0
13783,0
13784,0
13785,0
13793,0
13796,0
13797,0
13803,0
13814,0
13815,0
13822,0
13825,0
13828,0
13831,0
13836,0
13837,0
13838,0
13843,0
13857,0
13861,0
13864,0
13866,0
13878,0
13886,0
13890,0
13906,0
13917,0
13918,0
13921,0
13938,0
13939,0
13941,0
13946,0
13947,0
13954,0
13965,0
13970,0
13973,0
13994,0
14001,0
14005,0
14007,0
14009,0
14019,0
14022,0
14025,0
14028,0
14031,0
14035,0
14036,0
14037,0
14038,0
14041,0
14045,0
14061,0
14062,0
14066,0
14068,0
14072,0
14076,0
14080,0
14081,0
14082,0
14089,0
14093,0
14097,0
14101,0
14102,0
14103,0
14118,0
14121,0
14126,0
14129,0
14137,0
14140,0
14144,0
14152,0
14160,0
14164,0
14166,0
14167,0
14168,0
14180,0
14181,0
14186,0
14190,0
14194,0
14195,0
14208,0
14212,0
14216,0
14219,0
14235,0
14241,0
14242,0
14246,0
14249,0
14257,0
14260,0
14263,0
14271,0
14272,0
14274,0
14276,0
14281,0
14287,0
14289,0
14291,0
14292,0
14297,0
14298,0
14303,0
14307,0
14308,0
14311,0
14314,0
14318,0
14319,0
14325,0
14328,0
14338,0
14339,0
14344,0
14351,0
14360,0
14370,0
14371,0
14375,0
14380,0
14384,0
14387,0
14393,0
14399,0
14405,0
14407,0
14409,0
14412,0
14420,0
14437,0
14466,0
14467,0
14479,0
14481,0
14482,0
14483,0
14486,0
14488,0
14499,0
14501,0
14507,0
14512,0
14513,0
14514,0
14515,0
14520,0
14523,0
14531,0
14554,0
14557,0
14559,0
14562,0
14573,0
14582,0
14584,0
14586,0
14593,0
14594,0
14595,0
14603,0
14605,0
14606,0
14614,0
14616,0
14618,0
14624,0
14625,0
14630,0
14632,0
14634,0
14639,0
14642,0
14646,0
14656,0
14657,0
14662,0
14666,0
14667,0
14679,0
14680,0
14682,0
14686,0
14689,0
14694,0
14696,0
14700,0
14707,0
14709,0
14720,0
14723,0
14724,0
14729,0
14737,0
14741,0
14742,0
14744,0
14755,0
14758,0
14761,0
14762,0
14766,0
14767,0
14774,0
14780,0
14787,0
14789,0
14791,0
14797,0
14799,0
14802,0
14803,0
14807,0
14812,0
14815,0
14818,0
14823,0
14829,0
14831,0
14840,0
14842,0
14843,0
14845,0
14846,0
14858,0
14860,0
14861,0
14867,0
14870,0
14876,0
14881,0
14882,0
14883,0
14885,0
14894,0
14927,0
14930,0
14935,0
14936,0
14947,0
14955,0
14959,0
14965,0
14966,0
14967,0
14969,0
14970,0
14972,0
14976,0
14988,0
14992,0
14995,0
15004,0
15005,0
15008,0
15016,0
15017,0
15019,0
15024,0
15029,0
15040,0
15052,0
15054,0
15060,0
15062,0
15067,0
15073,0
15077,0
15078,0
15085,0
15095,0
15106,0
15116,0
15127,0
15130,0
15135,0
15138,0
15140,0
15141,0
15147,0
15174,0
15178,0
15181,0
15187,0
15191,0
15193,0
15198,0
15199,0
15205,0
15207,0
15215,0
15230,0
15232,0
15239,0
15244,0
15248,0
15260,0
15263,0
15264,0
15269,0
15274,0
15281,0
15284,0
15286,0
15287,0
15289,0
15293,0
15298,0
15299,0
15300,0
15312,0
15316,0
15320,0
15323,0
15324,0
15329,0
15332,0
15335,0
15338,0
15339,0
15342,0
15364,0
15365,0
15366,0
15367,0
15371,0
15374,0
15376,0
15382,0
15383,0
15384,0
15386,0
15389,0
15395,0
15402,0
15407,0
15416,0
15419,0
15424,0
15427,0
15438,0
15449,0
15452,0
15453,0
15462,0
15465,0
15476,0
15477,0
15481,0
15483,0
15492,0
15498,0
15504,0
15509,0
15511,0
15518,0
15519,0
15524,0
15530,0
15535,0
15545,0
15555,0
15560,0
15571,0
15582,0
15593,0
15600,0
15605,0
15609,0
15610,0
15620,0
15643,0
15653,0
15654,0
15657,0
15664,0
15669,0
15682,0
15685,0
15688,0
15692,0
15694,0
15696,0
15697,0
15704,0
15713,0
15719,0
15721,0
15726,0
15734,0
15739,0
15740,0
15744,0
15748,0
15750,0
15751,0
15755,0
15757,0
15758,0
15762,0
15766,0
15767,0
15770,0
15773,0
15775,0
15788,0
15801,0
15802,0
15805,0
15814,0
15815,0
15821,0
15822,0
15826,0
15827,0
15828,0
15833,0
15836,0
15841,0
15844,0
15846,0
15855,0
15866,0
15867,0
15876,0
15893,0
15898,0
15903,0
15905,0
15906,0
15907,0
15910,0
15916,0
15922,0
15924,0
15931,0
15935,0
15936,0
15937,0
15949,0
15957,0
15971,0
15974,0
15977,0
15980,0
15985,0
15986,0
15988,0
15990,0
15993,0
15994,0
15995,0
15998,0
16004,0
16009,0
16017,0
16019,0
16025,0
16028,0
16044,0
16049,0
16054,0
16059,0
16063,0
16065,0
16068,0
16070,0
16071,0
16073,0
16076,0
16077,0
16081,0
16083,0
16084,0
16089,0
16090,0
16102,0
16107,0
16110,0
16111,0
16112,0
16114,0
16116,0
16126,0
16135,0
16141,0
16150,0
16153,0
16156,0
16159,0
16165,0
16168,0
16169,0
16174,0
16181,0
16183,0
16184,0
16186,0
16189,0
16196,0
16197,0
16199,0
16201,0
16203,0
16217,0
16226,0
16230,0
16232,0
16236,0
16240,0
16242,0
16251,0
16253,0
16265,0
16269,0
16277,0
16281,0
16282,0
16287,0
16291,0
16298,0
16301,0
16303,0
16305,0
16306,0
16307,0
16313,0
16315,0
16316,0
16326,0
16328,0
16339,0
16344,0
16347,0
16348,0
16349,0
16352,0
16355,0
16362,0
16376,0
16378,0
16379,0
16384,0
16387,0
16394,0
16395,0
16403,0
16407,0
16411,0
16417,0
16420,0
16421,0
16423,0
16427,0
16441,0
16445,0
16446,0
16447,0
16451,0
16453,0
16461,0
16470,0
16478,0
16479,0
16480,0
16484,0
16485,0
16489,0
16490,0
16500,0
16513,0
16514,0
16518,0
16526,0
16529,0
16535,0
16546,0
16548,0
16549,0
16554,0
16559,0
16577,0
16586,0
16590,0
16598,0
16607,0
16618,0
16619,0
16629,0
16630,0
16631,0
16641,0
16645,0
16653,0
16654,0
16655,0
16656,0
16658,0
16665,0
16669,0
16672,0
16683,0
16684,0
16685,0
16687,0
16699,0
16700,0
16705,0
16707,0
16710,0
16719,0
16723,0
16730,0
16736,0
16742,0
16747,0
16766,0
16769,0
16773,0
16776,0
16781,0
16784,0
16790,0
16791,0
16792,0
16793,0
16797,0
16806,0
16808,0
16816,0
16822,0
16825,0
16830,0
16831,0
16839,0
16849,0
16854,0
16855,0
16860,0
16887,0
16891,0
16892,0
16893,0
16899,0
16904,0
16905,0
16908,0
16913,0
16914,0
16916,0
16919,0
16923,0
16924,0
16928,0
16931,0
16934,0
16951,0
16952,0
16957,0
16958,0
16959,0
16960,0
16962,0
16981,0
16982,0
16984,0
16994,0
16997,0
17003,0
17024,0
17038,0
17041,0
17042,0
17046,0
17056,0
17059,0
17070,0
17075,0
17083,0
17084,0
17088,0
17094,0
17095,0
17104,0
17112,0
17114,0
17119,0
17120,0
17132,0
17139,0
17142,0
17145,0
17151,0
17159,0
17161,0
17174,0
17178,0
17184,0
17190,0
17193,0
17204,0
17216,0
17224,0
17226,0
17229,0
17236,0
17241,0
17244,0
17245,0
17246,0
17247,0
17248,0
17258,0
17260,0
17263,0
17265,0
17268,0
17274,0
17281,0
17282,0
17296,0
17297,0
17311,0
17316,0
17320,0
17324,0
17325,0
17340,0
17350,0
17353,0
17354,0
17358,0
17362,0
17365,0
17381,0
17385,0
17387,0
17388,0
17406,0
17410,0
17417,0
17418,0
17425,0
17434,0
17435,0
17443,0
17446,0
17451,0
17454,0
17455,0
17461,0
17463,0
17467,0
17469,0
17478,0
17481,0
17485,0
17486,0
17508,0
17511,0
17512,0
17517,0
17518,0
17522,0
17525,0
17526,0
17528,0
17529,0
17532,0
17539,0
17549,0
17551,0
17555,0
17560,0
17561,0
17575,0
17578,0
17580,0
17591,0
17598,0
17610,0
17616,0
17617,0
17622,0
17629,0
17641,0
17647,0
17649,0
17657,0
17658,0
17680,0
17681,0
17688,0
17691,0
17699,0
17701,0
17702,0
17718,0
17723,0
17728,0
17734,0
17737,0
17739,0
17750,0
17754,0
17757,0
17760,0
17762,0
17766,0
17767,0
17776,0
17777,0
17786,0
17790,0
17793,0
17799,0
17806,0
17807,0
17813,0
17814,0
17816,0
17820,0
17821,0
17822,0
17823,0
17827,0
17829,0
17832,0
17836,0
17841,0
17845,0
17849,0
17850,0
17851,0
17854,0
17874,0
17885,0
17886,0
17897,0
17902,0
17903,0
17905,0
17918,0
17929,0
17932,0
17935,0
17937,0
17939,0
17940,0
17942,0
17957,0
17960,0
17962,0
17966,0
17968,0
17969,0
17970,0
17978,0
17988,0
17999,0
18013,0
18016,0
18023,0
18024,0
18034,0
18035,0
18037,0
18041,0
18042,0
18044,0
18045,0
18055,0
18061,0
18062,0
18066,0
18068,0
18076,0
18078,0
18079,0
18082,0
18083,0
18086,0
18092,0
18096,0
18101,0
18102,0
18104,0
18113,0
18116,0
18122,0
18126,0
18127,0
18130,0
18139,0
18158,0
18160,0
18164,0
18168,0
18186,0
18195,0
18200,0
18212,0
18215,0
18217,0
18227,0
18231,0
18232,0
18237,0
18262,0
18267,0
18273,0
18276,0
18278,0
18281,0
18282,0
18286,0
18291,0
18301,0
18306,0
18309,0
18314,0
18321,0
18325,0
18327,0
18328,0
18339,0
18341,0
18344,0
18345,0
18353,0
18355,0
18357,0
18361,0
18363,0
18364,0
18368,0
18369,0
18371,0
18372,0
18373,0
18375,0
18379,0
18387,0
18390,0
18391,0
18393,0
18396,0
18405,0
18431,0
18432,0
18448,0
18454,0
18457,0
18473,0
18475,0
18481,0
18493,0
18498,0
18505,0
18510,0
18520,0
18539,0
18540,0
18545,0
18546,0
18557,0
18562,0
18564,0
18566,0
18573,0
18576,0
18578,0
18587,0
18599,0
18606,0
18608,0
18618,0
18623,0
18625,0
18643,0
18644,0
18657,0
18673,0
18674,0
18688,0
18691,0
18693,0
18704,0
18707,0
18709,0
18710,0
18735,0
18737,0
18741,0
18742,0
18745,0
18752,0
18757,0
18758,0
18759,0
18773,0
18779,0
18781,0
18793,0
18802,0
18809,0
18814,0
18817,0
18824,0
18837,0
18841,0
18844,0
18849,0
18858,0
18864,0
18865,0
18867,0
18870,0
18872,0
18878,0
18891,0
18895,0
18899,0
18902,0
18905,0
18907,0
18925,0
18928,0
18936,0
18941,0
18945,0
18952,0
18963,0
18970,0
18973,0
18975,0
18979,0
18985,0
18992,0
18993,0
19002,0
19005,0
19007,0
19008,0
19013,0
19018,0
19029,0
19043,0
19045,0
19047,0
19052,0
19059,0
19060,0
19068,0
19073,0
19079,0
19090,0
19092,0
19104,0
19110,0
19111,0
19115,0
19121,0
19122,0
19134,0
19140,0
19142,0
19154,0
19158,0
19161,0
19163,0
19165,0
19169,0
19172,0
19175,0
19177,0
19189,0
19199,0
19213,0
19215,0
19217,0
19218,0
19228,0
19229,0
19231,0
19232,0
19243,0
19252,0
19256,0
19266,0
19269,0
19271,0
19284,0
19285,0
3,1
7,1
10,1
12,1
15,1
17,1
26,1
32,1
33,1
35,1
46,1
50,1
57,1
58,1
62,1
65,1
67,1
68,1
70,1
75,1
80,1
83,1
85,1
91,1
96,1
106,1
108,1
110,1
111,1
115,1
124,1
127,1
133,1
135,1
149,1
151,1
154,1
155,1
173,1
175,1
179,1
181,1
193,1
195,1
196,1
216,1
220,1
221,1
227,1
235,1
238,1
247,1
250,1
253,1
255,1
258,1
260,1
266,1
269,1
274,1
287,1
292,1
296,1
302,1
303,1
306,1
311,1
315,1
317,1
318,1
330,1
347,1
357,1
361,1
366,1
369,1
373,1
382,1
392,1
402,1
410,1
415,1
417,1
421,1
427,1
433,1
436,1
462,1
465,1
469,1
481,1
491,1
496,1
502,1
504,1
523,1
526,1
530,1
531,1
533,1
538,1
539,1
544,1
556,1
557,1
559,1
566,1
572,1
575,1
580,1
590,1
601,1
604,1
609,1
614,1
627,1
629,1
635,1
639,1
642,1
647,1
650,1
653,1
654,1
661,1
662,1
664,1
666,1
674,1
676,1
677,1
684,1
687,1
696,1
697,1
698,1
704,1
706,1
707,1
714,1
716,1
728,1
733,1
734,1
735,1
740,1
743,1
748,1
750,1
751,1
755,1
757,1
758,1
759,1
762,1
765,1
767,1
769,1
775,1
779,1
782,1
786,1
787,1
788,1
789,1
800,1
808,1
813,1
817,1
821,1
824,1
829,1
833,1
846,1
854,1
855,1
864,1
865,1
874,1
876,1
877,1
884,1
888,1
897,1
904,1
926,1
933,1
942,1
944,1
950,1
953,1
961,1
964,1
975,1
979,1
983,1
989,1
1002,1
1006,1
1020,1
1021,1
1031,1
1035,1
1037,1
1041,1
1042,1
1043,1
1052,1
1053,1
1059,1
1067,1
1070,1
1071,1
1079,1
1081,1
1082,1
1083,1
1084,1
1090,1
1094,1
1100,1
1101,1
1102,1
1106,1
1117,1
1121,1
1122,1
1132,1
1152,1
1156,1
1161,1
1171,1
1173,1
1193,1
1205,1
1211,1
1215,1
1216,1
1225,1
1232,1
1235,1
1240,1
1242,1
1244,1
1245,1
1246,1
1250,1
1258,1
1261,1
1266,1
1268,1
1280,1
1289,1
1291,1
1300,1
1301,1
1302,1
1313,1
1325,1
1328,1
1339,1
1346,1
1359,1
1360,1
1361,1
1364,1
1365,1
1366,1
1367,1
1368,1
1370,1
1372,1
1381,1
1383,1
1393,1
1402,1
1408,1
1413,1
1418,1
1419,1
1420,1
1421,1
1422,1
1428,1
1431,1
1432,1
1446,1
1452,1
1453,1
1457,1
1458,1
1460,1
1461,1
1465,1
1469,1
1475,1
1477,1
1479,1
1480,1
1490,1
1493,1
1494,1
1495,1
1497,1
1505,1
1509,1
1510,1
1511,1
1517,1
1521,1
1523,1
1525,1
1532,1
1540,1
1545,1
1552,1
1569,1
1570,1
1572,1
1574,1
1576,1
1589,1
1592,1
1600,1
1608,1
1615,1
1618,1
1619,1
1626,1
1627,1
1630,1
1638,1
1641,1
1645,1
1646,1
1648,1
1649,1
1651,1
1655,1
1656,1
1669,1
1686,1
1688,1
1698,1
1699,1
1704,1
1707,1
1709,1
1713,1
1716,1
1732,1
1734,1
1736,1
1746,1
1748,1
1759,1
1762,1
1767,1
1774,1
1776,1
1779,1
1784,1
1788,1
1796,1
1799,1
1801,1
1807,1
1814,1
1821,1
1828,1
1833,1
1835,1
1839,1
1845,1
1849,1
1861,1
1868,1
1870,1
1874,1
1877,1
1879,1
1883,1
1888,1
1890,1
1898,1
1903,1
1905,1
1912,1
1913,1
1928,1
1929,1
1930,1
1931,1
1932,1
1936,1
1939,1
1940,1
1965,1
1969,1
1971,1
1977,1
1984,1
1987,1
1991,1
1994,1
2002,1
2014,1
2015,1
2018,1
2025,1
2028,1
2029,1
2041,1
2046,1
2049,1
2050,1
2056,1
2057,1
2058,1
2060,1
2064,1
2065,1
2067,1
2069,1
2074,1
2076,1
2082,1
2087,1
2090,1
2095,1
2099,1
2101,1
2110,1
2113,1
2114,1
2117,1
2123,1
2124,1
2129,1
2148,1
2149,1
2153,1
2154,1
2156,1
2159,1
2162,1
2165,1
2169,1
2174,1
2181,1
2184,1
2187,1
2190,1
2193,1
2198,1
2200,1
2201,1
2204,1
2208,1
2212,1
2216,1
2218,1
2220,1
2226,1
2234,1
2240,1
2241,1
2242,1
2250,1
2251,1
2260,1
2262,1
2264,1
2266,1
2267,1
2273,1
2276,1
2287,1
2302,1
2303,1
2307,1
2309,1
2311,1
2313,1
2321,1
2323,1
2325,1
2326,1
2328,1
2336,1
2341,1
2342,1
2350,1
2352,1
2354,1
2357,1
2359,1
2362,1
2378,1
2387,1
2395,1
2398,1
2419,1
2421,1
2422,1
2423,1
2425,1
2427,1
2432,1
2435,1
2440,1
2445,1
2446,1
2450,1
2454,1
2460,1
2462,1
2465,1
2467,1
2471,1
2476,1
2479,1
2494,1
2500,1
2502,1
2512,1
2515,1
2526,1
2527,1
2533,1
2538,1
2539,1
2564,1
2567,1
2572,1
2575,1
2577,1
2586,1
2589,1
2595,1
2597,1
2601,1
2604,1
2616,1
2620,1
2621,1
2622,1
2642,1
2644,1
2645,1
2652,1
2662,1
2670,1
2671,1
2673,1
2675,1
2677,1
2679,1
2687,1
2688,1
2699,1
2701,1
2707,1
2708,1
2709,1
2712,1
2718,1
2725,1
2726,1
2738,1
2746,1
2754,1
2772,1
2782,1
2783,1
2786,1
2795,1
2802,1
2805,1
2808,1
2811,1
2812,1
2818,1
2821,1
2823,1
2831,1
2839,1
2843,1
2846,1
2847,1
2848,1
2869,1
2870,1
2873,1
2879,1
2883,1
2888,1
2892,1
2908,1
2913,1
2914,1
2920,1
2934,1
2937,1
2945,1
2946,1
2956,1
2963,1
2971,1
2976,1
2978,1
2979,1
2994,1
3001,1
3016,1
3018,1
3027,1
3030,1
3031,1
3041,1
3054,1
3056,1
3062,1
3066,1
3067,1
3073,1
3078,1
3081,1
3086,1
3090,1
3092,1
3093,1
3095,1
3111,1
3114,1
3115,1
3118,1
3134,1
3148,1
3161,1
3166,1
3180,1
3182,1
3186,1
3203,1
3205,1
3206,1
3207,1
3227,1
3239,1
3240,1
3248,1
3249,1
3251,1
3256,1
3257,1
3261,1
3264,1
3277,1
3279,1
3281,1
3282,1
3286,1
3290,1
3293,1
3294,1
3298,1
3301,1
3302,1
3303,1
3313,1
3315,1
3336,1
3344,1
3352,1
3353,1
3357,1
3358,1
3359,1
3362,1
3364,1
3367,1
3370,1
3373,1
3388,1
3406,1
3409,1
3419,1
3422,1
3429,1
3430,1
3451,1
3452,1
3461,1
3462,1
3474,1
3480,1
3483,1
3486,1
3493,1
3495,1
3497,1
3500,1
3501,1
3512,1
3514,1
3515,1
3516,1
3517,1
3519,1
3525,1
3534,1
3536,1
3539,1
3542,1
3543,1
3565,1
3567,1
3569,1
3572,1
3580,1
3585,1
3591,1
3594,1
3596,1
3599,1
3601,1
3611,1
3619,1
3624,1
3635,1
3637,1
3646,1
3650,1
3653,1
3659,1
3661,1
3663,1
3665,1
3670,1
3675,1
3676,1
3690,1
3693,1
3699,1
3706,1
3708,1
3716,1
3719,1
3721,1
3750,1
3756,1
3770,1
3781,1
3787,1
3789,1
3791,1
3795,1
3800,1
3805,1
3810,1
3812,1
3813,1
3818,1
3824,1
3825,1
3828,1
3832,1
3839,1
3847,1
3848,1
3849,1
3851,1
3855,1
3859,1
3861,1
3867,1
3871,1
3875,1
3881,1
3882,1
3883,1
3894,1
3895,1
3904,1
3906,1
3911,1
3915,1
3930,1
3931,1
3949,1
3953,1
3961,1
3965,1
3968,1
3977,1
4007,1
4013,1
4020,1
4029,1
4035,1
4039,1
4041,1
4055,1
4058,1
4059,1
4066,1
4068,1
4079,1
4085,1
4087,1
4091,1
4094,1
4096,1
4097,1
4107,1
4112,1
4116,1
4118,1
4119,1
4120,1
4121,1
4129,1
4132,1
4149,1
4151,1
4153,1
4161,1
4166,1
4168,1
4169,1
4170,1
4173,1
4175,1
4177,1
4185,1
4186,1
4188,1
4191,1
4193,1
4195,1
4197,1
4198,1
4205,1
4209,1
4218,1
4221,1
4226,1
4227,1
4228,1
4241,1
4259,1
4267,1
4270,1
4272,1
4278,1
4283,1
4285,1
4292,1
4294,1
4305,1
4315,1
4320,1
4321,1
4322,1
4325,1
4328,1
4334,1
4344,1
4349,1
4352,1
4362,1
4364,1
4368,1
4369,1
4373,1
4380,1
4385,1
4392,1
4393,1
4394,1
4398,1
4399,1
4406,1
4409,1
4410,1
4416,1
4417,1
4422,1
4427,1
4442,1
4450,1
4454,1
4462,1
4477,1
4483,1
4484,1
4491,1
4494,1
4501,1
4504,1
4505,1
4508,1
4515,1
4518,1
4519,1
4520,1
4532,1
4539,1
4545,1
4555,1
4558,1
4559,1
4561,1
4571,1
4579,1
4584,1
4587,1
4589,1
4593,1
4597,1
4606,1
4608,1
4613,1
4616,1
4617,1
4620,1
4622,1
4628,1
4632,1
4633,1
4634,1
4636,1
4651,1
4653,1
4660,1
4661,1
4672,1
4675,1
4680,1
4684,1
4686,1
4693,1
4694,1
4710,1
4713,1
4716,1
4723,1
4744,1
4747,1
4753,1
4771,1
4778,1
4792,1
4793,1
4801,1
4808,1
4809,1
4814,1
4815,1
4821,1
4858,1
4872,1
4879,1
4880,1
4907,1
4909,1
4914,1
4926,1
4939,1
4944,1
4952,1
4957,1
4983,1
4992,1
4997,1
4998,1
5001,1
5004,1
5005,1
5008,1
5009,1
5012,1
5014,1
5015,1
5016,1
5019,1
5020,1
5024,1
5031,1
5033,1
5034,1
5038,1
5047,1
5049,1
5051,1
5052,1
5057,1
5058,1
5059,1
5060,1
5062,1
5064,1
5066,1
5067,1
5073,1
5075,1
5082,1
5087,1
5088,1
5093,1
5102,1
5104,1
5110,1
5111,1
5118,1
5120,1
5122,1
5123,1
5124,1
5127,1
5128,1
5134,1
5137,1
5148,1
5160,1
5166,1
5172,1
5183,1
5186,1
5199,1
5200,1
5205,1
5207,1
5212,1
5215,1
5226,1
5227,1
5231,1
5240,1
5246,1
5252,1
5262,1
5264,1
5271,1
5279,1
5281,1
5282,1
5285,1
5286,1
5288,1
5310,1
5313,1
5325,1
5326,1
5339,1
5348,1
5352,1
5370,1
5373,1
5378,1
5380,1
5396,1
5397,1
5401,1
5404,1
5410,1
5414,1
5427,1
5430,1
5439,1
5442,1
5446,1
5450,1
5452,1
5457,1
5467,1
5488,1
5496,1
5497,1
5498,1
5499,1
5503,1
5515,1
5526,1
5529,1
5530,1
5538,1
5539,1
5540,1
5542,1
5548,1
5549,1
5552,1
5566,1
5574,1
5575,1
5578,1
5580,1
5588,1
5596,1
5604,1
5607,1
5621,1
5624,1
5625,1
5630,1
5639,1
5640,1
5650,1
5651,1
5652,1
5672,1
5673,1
5679,1
5681,1
5682,1
5689,1
5690,1
5693,1
5697,1
5698,1
5702,1
5707,1
5711,1
5718,1
5721,1
5724,1
5727,1
5736,1
5744,1
5745,1
5747,1
5753,1
5756,1
5774,1
5783,1
5787,1
5796,1
5797,1
5804,1
5816,1
5819,1
5828,1
5855,1
5860,1
5862,1
5864,1
5869,1
5872,1
5878,1
5891,1
5893,1
5895,1
5902,1
5905,1
5907,1
5917,1
5924,1
5938,1
5942,1
5944,1
5955,1
5966,1
5968,1
5971,1
5981,1
5986,1
5988,1
5989,1
5993,1
5995,1
5997,1
6004,1
6005,1
6006,1
6008,1
6014,1
6019,1
6022,1
6026,1
6037,1
6040,1
6042,1
6043,1
6044,1
6045,1
6053,1
6056,1
6060,1
6085,1
6086,1
6092,1
6098,1
6101,1
6114,1
6119,1
6122,1
6127,1
6130,1
6141,1
6148,1
6149,1
6155,1
6156,1
6157,1
6175,1
6176,1
6180,1
6185,1
6188,1
6193,1
6198,1
6200,1
6209,1
6210,1
6223,1
6224,1
6225,1
6237,1
6245,1
6246,1
6247,1
6249,1
6258,1
6267,1
6269,1
6272,1
6276,1
6279,1
6281,1
6285,1
6287,1
6292,1
6299,1
6303,1
6305,1
6306,1
6316,1
6320,1
6323,1
6325,1
6328,1
6332,1
6335,1
6337,1
6348,1
6351,1
6353,1
6358,1
6363,1
6365,1
6376,1
6380,1
6389,1
6392,1
6396,1
6400,1
6406,1
6410,1
6417,1
6418,1
6424,1
6427,1
6430,1
6431,1
6432,1
6436,1
6443,1
6447,1
6453,1
6458,1
6471,1
6477,1
6481,1
6482,1
6484,1
6486,1
6490,1
6502,1
6510,1
6515,1
6526,1
6528,1
6530,1
6531,1
6539,1
6552,1
6553,1
6557,1
6563,1
6580,1
6581,1
6589,1
6597,1
6598,1
6599,1
6602,1
6603,1
6604,1
6615,1
6618,1
6619,1
6624,1
6627,1
6629,1
6632,1
6645,1
6647,1
6648,1
6658,1
6659,1
6664,1
6673,1
6689,1
6690,1
6693,1
6706,1
6722,1
6731,1
6733,1
6736,1
6743,1
6751,1
6767,1
6783,1
6788,1
6798,1
6802,1
6806,1
6822,1
6823,1
6825,1
6835,1
6836,1
6838,1
6847,1
6853,1
6854,1
6860,1
6865,1
6874,1
6877,1
6880,1
6881,1
6883,1
6892,1
6903,1
6915,1
6919,1
6922,1
6925,1
6928,1
6934,1
6937,1
6940,1
6942,1
6943,1
6944,1
6951,1
6953,1
6955,1
6973,1
6976,1
6977,1
6981,1
6984,1
6987,1
6992,1
6993,1
6997,1
6998,1
7006,1
7010,1
7014,1
7036,1
7040,1
7043,1
7051,1
7074,1
7079,1
7082,1
7092,1
7102,1
7103,1
7120,1
7124,1
7127,1
7136,1
7139,1
7142,1
7143,1
7145,1
7157,1
7160,1
7161,1
7177,1
7179,1
7186,1
7187,1
7188,1
7189,1
7201,1
7202,1
7204,1
7206,1
7207,1
7208,1
7210,1
7224,1
7230,1
7251,1
7252,1
7255,1
7258,1
7261,1
7270,1
7271,1
7285,1
7287,1
7290,1
7295,1
7298,1
7301,1
7302,1
7303,1
7306,1
7321,1
7323,1
7324,1
7335,1
7337,1
7339,1
7354,1
7356,1
7365,1
7366,1
7375,1
7377,1
7384,1
7399,1
7402,1
7408,1
7412,1
7413,1
7415,1
7421,1
7432,1
7434,1
7438,1
7440,1
7442,1
7447,1
7453,1
7457,1
7458,1
7459,1
7461,1
7464,1
7465,1
7467,1
7477,1
7483,1
7488,1
7489,1
7490,1
7493,1
7495,1
7496,1
7499,1
7501,1
7503,1
7505,1
7506,1
7508,1
7512,1
7523,1
7525,1
7530,1
7541,1
7544,1
7547,1
7554,1
7555,1
7565,1
7569,1
7574,1
7587,1
7588,1
7593,1
7595,1
7601,1
7603,1
7604,1
7613,1
7617,1
7620,1
7626,1
7631,1
7634,1
7639,1
7641,1
7646,1
7651,1
7655,1
7658,1
7659,1
7662,1
7671,1
7672,1
7673,1
7674,1
7687,1
7688,1
7689,1
7691,1
7692,1
7693,1
7696,1
7697,1
7698,1
7703,1
7708,1
7718,1
7719,1
7720,1
7725,1
7740,1
7747,1
7751,1
7758,1
7765,1
7772,1
7780,1
7784,1
7792,1
7796,1
7806,1
7807,1
7833,1
7834,1
7851,1
7855,1
7857,1
7885,1
7889,1
7890,1
7895,1
7902,1
7912,1
7917,1
7923,1
7930,1
7937,1
7938,1
7942,1
7943,1
7944,1
7947,1
7951,1
7952,1
7955,1
7964,1
7968,1
7969,1
7972,1
7975,1
7979,1
7987,1
7988,1
7989,1
7990,1
8001,1
8003,1
8007,1
8011,1
8012,1
8017,1
8031,1
8034,1
8042,1
8045,1
8048,1
8054,1
8057,1
8061,1
8064,1
8065,1
8075,1
8076,1
8082,1
8084,1
8091,1
8093,1
8095,1
8099,1
8114,1
8121,1
8125,1
8141,1
8142,1
8152,1
8154,1
8155,1
8160,1
8178,1
8179,1
8180,1
8184,1
8194,1
8204,1
8215,1
8218,1
8219,1
8221,1
8223,1
8224,1
8225,1
8229,1
8232,1
8238,1
8243,1
8246,1
8255,1
8256,1
8272,1
8285,1
8289,1
8300,1
8301,1
8302,1
8306,1
8322,1
8336,1
8338,1
8343,1
8345,1
8346,1
8353,1
8357,1
8383,1
8387,1
8390,1
8394,1
8400,1
8403,1
8406,1
8416,1
8423,1
8425,1
8434,1
8446,1
8450,1
8452,1
8456,1
8457,1
8459,1
8460,1
8463,1
8464,1
8466,1
8468,1
8474,1
8475,1
8478,1
8480,1
8484,1
8486,1
8491,1
8495,1
8499,1
8503,1
8504,1
8505,1
8510,1
8515,1
8524,1
8537,1
8544,1
8546,1
8549,1
8555,1
8560,1
8563,1
8565,1
8575,1
8577,1
8583,1
8584,1
8592,1
8606,1
8608,1
8610,1
8613,1
8618,1
8620,1
8628,1
8631,1
8634,1
8637,1
8643,1
8646,1
8651,1
8662,1
8674,1
8678,1
8679,1
8685,1
8688,1
8695,1
8707,1
8712,1
8714,1
8716,1
8720,1
8727,1
8739,1
8751,1
8768,1
8776,1
8779,1
8784,1
8787,1
8795,1
8800,1
8801,1
8822,1
8826,1
8830,1
8833,1
8834,1
8839,1
8841,1
8843,1
8844,1
8846,1
8857,1
8858,1
8859,1
8861,1
8864,1
8883,1
8890,1
8893,1
8913,1
8918,1
8921,1
8932,1
8934,1
8936,1
8945,1
8946,1
8947,1
8962,1
8969,1
8973,1
8982,1
8985,1
8987,1
8993,1
8997,1
9004,1
9005,1
9009,1
9013,1
9014,1
9021,1
9026,1
9032,1
9036,1
9039,1
9044,1
9048,1
9058,1
9062,1
9067,1
9069,1
9074,1
9079,1
9081,1
9086,1
9090,1
9095,1
9101,1
9103,1
9106,1
9109,1
9127,1
9128,1
9129,1
9140,1
9143,1
9149,1
9155,1
9157,1
9159,1
9162,1
9163,1
9168,1
9172,1
9182,1
9183,1
9186,1
9190,1
9197,1
9204,1
9209,1
9210,1
9211,1
9213,1
9239,1
9241,1
9243,1
9265,1
9268,1
9269,1
9274,1
9278,1
9283,1
9284,1
9291,1
9292,1
9301,1
9303,1
9304,1
9306,1
9311,1
9315,1
9327,1
9330,1
9344,1
9347,1
9355,1
9373,1
9380,1
9385,1
9387,1
9391,1
9402,1
9404,1
9406,1
9410,1
9415,1
9436,1
9439,1
9440,1
9441,1
9442,1
9444,1
9460,1
9461,1
9466,1
9467,1
9479,1
9480,1
9486,1
9494,1
9502,1
9505,1
9529,1
9534,1
9549,1
9560,1
9564,1
9566,1
9569,1
9571,1
9578,1
9579,1
9585,1
9588,1
9595,1
9604,1
9606,1
9609,1
9610,1
9616,1
9621,1
9625,1
9632,1
9636,1
9638,1
9639,1
9640,1
9657,1
9682,1
9684,1
9689,1
9697,1
9698,1
9704,1
9705,1
9706,1
9707,1
9709,1
9727,1
9734,1
9735,1
9737,1
9738,1
9746,1
9749,1
9753,1
9755,1
9758,1
9760,1
9761,1
9765,1
9767,1
9769,1
9774,1
9778,1
9780,1
9783,1
9784,1
9787,1
9792,1
9801,1
9802,1
9804,1
9805,1
9809,1
9815,1
9825,1
9827,1
9832,1
9835,1
9841,1
9846,1
9849,1
9854,1
9858,1
9882,1
9891,1
9903,1
9906,1
9908,1
9912,1
9917,1
9918,1
9927,1
9931,1
9940,1
9945,1
9957,1
9958,1
9963,1
9964,1
9968,1
9970,1
9971,1
9978,1
9982,1
9984,1
9993,1
9995,1
9996,1
10004,1
10005,1
10013,1
10015,1
10034,1
10035,1
10042,1
10046,1
10061,1
10067,1
10070,1
10084,1
10087,1
10093,1
10094,1
10095,1
10107,1
10110,1
10112,1
10115,1
10118,1
10121,1
10124,1
10127,1
10132,1
10137,1
10142,1
10145,1
10158,1
10160,1
10163,1
10167,1
10169,1
10170,1
10176,1
10178,1
10183,1
10185,1
10186,1
10192,1
10196,1
10204,1
10205,1
10209,1
10210,1
10211,1
10213,1
10215,1
10216,1
10228,1
10236,1
10239,1
10243,1
10245,1
10248,1
10271,1
10274,1
10275,1
10276,1
10277,1
10284,1
10286,1
10289,1
10291,1
10293,1
10300,1
10301,1
10312,1
10313,1
10315,1
10319,1
10323,1
10332,1
10336,1
10343,1
10345,1
10348,1
10353,1
10357,1
10364,1
10368,1
10372,1
10382,1
10385,1
10394,1
10396,1
10397,1
10400,1
10404,1
10406,1
10412,1
10415,1
10416,1
10418,1
10427,1
10430,1
10431,1
10433,1
10435,1
10438,1
10439,1
10448,1
10453,1
10454,1
10460,1
10469,1
10470,1
10472,1
10489,1
10490,1
10491,1
10498,1
10510,1
10517,1
10518,1
10521,1
10527,1
10532,1
10540,1
10541,1
10545,1
10546,1
10550,1
10553,1
10561,1
10563,1
10565,1
10573,1
10575,1
10578,1
10580,1
10588,1
10592,1
10593,1
10596,1
10608,1
10610,1
10615,1
10618,1
10626,1
10640,1
10643,1
10646,1
10657,1
10658,1
10667,1
10668,1
10669,1
10670,1
10672,1
10675,1
10688,1
10692,1
10700,1
10703,1
10704,1
10709,1
10711,1
10713,1
10716,1
10718,1
10723,1
10724,1
10729,1
10730,1
10733,1
10740,1
10741,1
10746,1
10748,1
10764,1
10769,1
10772,1
10774,1
10780,1
10783,1
10785,1
10792,1
10797,1
10804,1
10806,1
10807,1
10813,1
10814,1
10818,1
10834,1
10836,1
10844,1
10847,1
10848,1
10852,1
10859,1
10864,1
10869,1
10873,1
10883,1
10886,1
10892,1
10908,1
10912,1
10914,1
10915,1
10917,1
10925,1
10927,1
10937,1
10939,1
10953,1
10961,1
10964,1
10967,1
10968,1
10970,1
10975,1
10976,1
10977,1
10979,1
10982,1
10991,1
10995,1
11001,1
11004,1
11007,1
11017,1
11021,1
11026,1
11033,1
11036,1
11039,1
11053,1
11054,1
11057,1
11058,1
11067,1
11068,1
11070,1
11081,1
11088,1
11090,1
11094,1
11098,1
11099,1
11111,1
11116,1
11123,1
11133,1
11141,1
11153,1
11167,1
11176,1
11179,1
11188,1
11196,1
11199,1
11214,1
11216,1
11217,1
11218,1
11222,1
11223,1
11231,1
11234,1
11248,1
11249,1
11253,1
11257,1
11262,1
11267,1
11269,1
11275,1
11280,1
11284,1
11285,1
11286,1
11290,1
11291,1
11294,1
11296,1
11300,1
11301,1
11306,1
11314,1
11320,1
11322,1
11325,1
11328,1
11347,1
11350,1
11351,1
11353,1
11378,1
11400,1
11403,1
11404,1
11415,1
11416,1
11417,1
11421,1
11423,1
11430,1
11431,1
11438,1
11439,1
11444,1
11447,1
11449,1
11452,1
11456,1
11464,1
11466,1
11467,1
11471,1
11473,1
11480,1
11481,1
11487,1
11488,1
11489,1
11492,1
11499,1
11500,1
11503,1
11505,1
11507,1
11508,1
11512,1
11525,1
11528,1
11529,1
11541,1
11552,1
11559,1
11561,1
11564,1
11573,1
11574,1
11577,1
11582,1
11587,1
11595,1
11597,1
11598,1
11600,1
11601,1
11604,1
11605,1
11606,1
11611,1
11616,1
11619,1
11628,1
11635,1
11636,1
11637,1
11638,1
11643,1
11647,1
11651,1
11665,1
11668,1
11674,1
11677,1
11679,1
11681,1
11687,1
11695,1
11709,1
11710,1
11711,1
11714,1
11716,1
11731,1
11736,1
11737,1
11743,1
11745,1
11749,1
11757,1
11763,1
11769,1
11773,1
11775,1
11779,1
11785,1
11793,1
11799,1
11809,1
11814,1
11815,1
11816,1
11817,1
11822,1
11823,1
11832,1
11838,1
11842,1
11845,1
11855,1
11857,1
11876,1
11882,1
11883,1
11886,1
11888,1
11901,1
11914,1
11919,1
11922,1
11930,1
11931,1
11947,1
11953,1
11958,1
11965,1
11967,1
11983,1
11992,1
11995,1
11996,1
11997,1
11999,1
12007,1
12008,1
12009,1
12013,1
12018,1
12024,1
12025,1
12035,1
12037,1
12040,1
12043,1
12047,1
12048,1
12052,1
12053,1
12067,1
12075,1
12096,1
12097,1
12108,1
12112,1
12113,1
12115,1
12119,1
12124,1
12127,1
12130,1
12150,1
12153,1
12156,1
12160,1
12161,1
12163,1
12171,1
12177,1
12178,1
12180,1
12184,1
12195,1
12202,1
12208,1
12213,1
12219,1
12231,1
12233,1
12246,1
12253,1
12254,1
12268,1
12272,1
12280,1
12281,1
12287,1
12290,1
12292,1
12293,1
12299,1
12301,1
12303,1
12305,1
12310,1
12313,1
12318,1
12326,1
12330,1
12342,1
12343,1
12347,1
12348,1
12354,1
12355,1
12358,1
12359,1
12361,1
12373,1
12383,1
12388,1
12391,1
12392,1
12394,1
12395,1
12398,1
12400,1
12403,1
12407,1
12428,1
12436,1
12437,1
12443,1
12446,1
12463,1
12466,1
12470,1
12480,1
12483,1
12486,1
12491,1
12497,1
12498,1
12501,1
12508,1
12523,1
12526,1
12531,1
12534,1
12537,1
12541,1
12547,1
12550,1
12551,1
12553,1
12562,1
12565,1
12569,1
12579,1
12580,1
12584,1
12594,1
12601,1
12605,1
12611,1
12622,1
12633,1
12635,1
12648,1
12653,1
12662,1
12686,1
12688,1
12690,1
12700,1
12708,1
12714,1
12716,1
12719,1
12725,1
12728,1
12733,1
12734,1
12738,1
12739,1
12740,1
12741,1
12742,1
12743,1
12744,1
12749,1
12756,1
12760,1
12773,1
12774,1
12775,1
12777,1
12779,1
12789,1
12799,1
12803,1
12810,1
12811,1
12814,1
12818,1
12821,1
12822,1
12823,1
12834,1
12839,1
12843,1
12844,1
12850,1
12854,1
12870,1
12876,1
12879,1
12881,1
12889,1
12891,1
12892,1
12898,1
12899,1
12901,1
12913,1
12914,1
12921,1
12923,1
12925,1
12932,1
12938,1
12939,1
12940,1
12941,1
12943,1
12947,1
12948,1
12952,1
12958,1
12962,1
12967,1
12969,1
12970,1
12973,1
12977,1
12985,1
12990,1
13009,1
13015,1
13017,1
13026,1
13028,1
13030,1
13038,1
13042,1
13047,1
13049,1
13052,1
13056,1
13057,1
13061,1
13074,1
13076,1
13081,1
13082,1
13087,1
13088,1
13095,1
13099,1
13102,1
13104,1
13105,1
13110,1
13115,1
13116,1
13118,1
13119,1
13135,1
13144,1
13148,1
13150,1
13151,1
13152,1
13163,1
13164,1
13165,1
13166,1
13174,1
13175,1
13192,1
13197,1
13201,1
13203,1
13214,1
13220,1
13223,1
13225,1
13228,1
13230,1
13233,1
13240,1
13250,1
13253,1
13256,1
13257,1
13262,1
13265,1
13269,1
13270,1
13280,1
13281,1
13283,1
13284,1
13287,1
13295,1
13297,1
13299,1
13303,1
13304,1
13306,1
13311,1
13316,1
13318,1
13321,1
13322,1
13341,1
13342,1
13343,1
13344,1
13355,1
13356,1
13359,1
13363,1
13364,1
13365,1
13373,1
13388,1
13391,1
13392,1
13394,1
13402,1
13404,1
13405,1
13406,1
13408,1
13412,1
13420,1
13433,1
13437,1
13439,1
13442,1
13445,1
13448,1
13453,1
13455,1
13465,1
13467,1
13469,1
13472,1
13475,1
13478,1
13479,1
13482,1
13489,1
13490,1
13493,1
13496,1
13501,1
13506,1
13507,1
13508,1
13523,1
13533,1
13535,1
13543,1
13547,1
13550,1
13563,1
13566,1
13568,1
13572,1
13579,1
13582,1
13586,1
13591,1
13592,1
13596,1
13598,1
13607,1
13612,1
13618,1
13624,1
13628,1
13632,1
13633,1
13640,1
13647,1
13648,1
13654,1
13671,1
13673,1
13676,1
13678,1
13698,1
13705,1
13719,1
13731,1
13734,1
13736,1
13739,1
13745,1
13747,1
13751,1
13758,1
13764,1
13773,1
13775,1
13779,1
13792,1
13794,1
13795,1
13800,1
13801,1
13802,1
13807,1
13809,1
13812,1
13818,1
13819,1
13826,1
13827,1
13829,1
13830,1
13833,1
13835,1
13841,1
13845,1
13850,1
13853,1
13868,1
13869,1
13870,1
13871,1
13873,1
13874,1
13875,1
13876,1
13880,1
13883,1
13887,1
13892,1
13897,1
13901,1
13909,1
13919,1
13920,1
13923,1
13926,1
13930,1
13932,1
13935,1
13944,1
13948,1
13950,1
13953,1
13958,1
13960,1
13961,1
13962,1
13975,1
13977,1
13980,1
13982,1
13990,1
13991,1
13998,1
14003,1
14006,1
14026,1
14047,1
14051,1
14054,1
14055,1
14056,1
14063,1
14064,1
14070,1
14071,1
14073,1
14077,1
14078,1
14094,1
14098,1
14099,1
14107,1
14120,1
14122,1
14123,1
14130,1
14132,1
14142,1
14147,1
14150,1
14154,1
14155,1
14169,1
14177,1
14178,1
14185,1
14189,1
14196,1
14199,1
14200,1
14207,1
14210,1
14211,1
14213,1
14214,1
14217,1
14223,1
14233,1
14250,1
14252,1
14264,1
14269,1
14270,1
14278,1
14279,1
14293,1
14295,1
14301,1
14305,1
14313,1
14316,1
14317,1
14322,1
14329,1
14334,1
14341,1
14349,1
14353,1
14354,1
14355,1
14357,1
14392,1
14408,1
14410,1
14411,1
14414,1
14417,1
14418,1
14425,1
14440,1
14441,1
14442,1
14445,1
14446,1
14450,1
14451,1
14454,1
14456,1
14459,1
14463,1
14465,1
14473,1
14490,1
14493,1
14494,1
14495,1
14496,1
14497,1
14506,1
14522,1
14533,1
14555,1
14566,1
14567,1
14569,1
14570,1
14578,1
14583,1
14585,1
14587,1
14588,1
14590,1
14591,1
14602,1
14607,1
14609,1
14611,1
14619,1
14627,1
14645,1
14651,1
14658,1
14663,1
14669,1
14671,1
14675,1
14681,1
14690,1
14701,1
14708,1
14710,1
14711,1
14714,1
14716,1
14739,1
14745,1
14752,1
14754,1
14757,1
14760,1
14764,1
14779,1
14783,1
14800,1
14809,1
14816,1
14822,1
14824,1
14825,1
14827,1
14828,1
14832,1
14834,1
14839,1
14844,1
14848,1
14849,1
14855,1
14856,1
14857,1
14863,1
14868,1
14871,1
14873,1
14874,1
14889,1
14892,1
14896,1
14902,1
14904,1
14906,1
14914,1
14920,1
14923,1
14925,1
14937,1
14939,1
14953,1
14957,1
14964,1
14968,1
14980,1
14982,1
14984,1
14985,1
14990,1
14996,1
14998,1
14999,1
15002,1
15013,1
15014,1
15015,1
15020,1
15021,1
15023,1
15030,1
15031,1
15038,1
15039,1
15047,1
15049,1
15050,1
15056,1
15057,1
15068,1
15070,1
15074,1
15076,1
15080,1
15081,1
15082,1
15086,1
15093,1
15100,1
15102,1
15111,1
15113,1
15114,1
15119,1
15123,1
15126,1
15128,1
15129,1
15134,1
15136,1
15151,1
15152,1
15155,1
15175,1
15177,1
15194,1
15208,1
15217,1
15226,1
15229,1
15242,1
15245,1
15249,1
15251,1
15253,1
15254,1
15255,1
15256,1
15265,1
15268,1
15272,1
15276,1
15280,1
15291,1
15295,1
15303,1
15326,1
15328,1
15340,1
15345,1
15357,1
15362,1
15369,1
15372,1
15381,1
15385,1
15392,1
15394,1
15400,1
15404,1
15409,1
15413,1
15414,1
15423,1
15429,1
15432,1
15439,1
15446,1
15448,1
15450,1
15451,1
15459,1
15461,1
15463,1
15467,1
15473,1
15474,1
15484,1
15489,1
15490,1
15491,1
15493,1
15499,1
15510,1
15513,1
15514,1
15515,1
15522,1
15528,1
15538,1
15544,1
15550,1
15554,1
15562,1
15563,1
15567,1
15581,1
15583,1
15594,1
15597,1
15599,1
15603,1
15606,1
15617,1
15621,1
15622,1
15624,1
15626,1
15628,1
15629,1
15634,1
15647,1
15670,1
15672,1
15673,1
15674,1
15681,1
15684,1
15686,1
15706,1
15708,1
15712,1
15716,1
15717,1
15718,1
15729,1
15733,1
15738,1
15754,1
15765,1
15776,1
15777,1
15782,1
15799,1
15804,1
15810,1
15825,1
15829,1
15835,1
15838,1
15839,1
15842,1
15848,1
15850,1
15854,1
15856,1
15857,1
15858,1
15862,1
15869,1
15871,1
15886,1
15888,1
15892,1
15899,1
15911,1
15915,1
15917,1
15927,1
15929,1
15941,1
15951,1
15968,1
15976,1
15979,1
15981,1
15989,1
15991,1
15992,1
16001,1
16016,1
16018,1
16031,1
16036,1
16037,1
16040,1
16041,1
16042,1
16050,1
16052,1
16053,1
16057,1
16060,1
16069,1
16072,1
16087,1
16092,1
16097,1
16100,1
16101,1
16104,1
16105,1
16108,1
16113,1
16115,1
16119,1
16121,1
16124,1
16132,1
16134,1
16139,1
16140,1
16146,1
16154,1
16157,1
16164,1
16192,1
16204,1
16205,1
16206,1
16228,1
16238,1
16243,1
16249,1
16250,1
16260,1
16264,1
16271,1
16276,1
16279,1
16286,1
16289,1
16295,1
16300,1
16308,1
16311,1
16317,1
16320,1
16329,1
16331,1
16335,1
16340,1
16343,1
16356,1
16357,1
16361,1
16364,1
16373,1
16377,1
16396,1
16397,1
16398,1
16404,1
16405,1
16408,1
16409,1
16412,1
16418,1
16424,1
16436,1
16458,1
16459,1
16462,1
16464,1
16497,1
16499,1
16505,1
16508,1
16512,1
16516,1
16517,1
16519,1
16523,1
16524,1
16530,1
16531,1
16547,1
16556,1
16570,1
16572,1
16576,1
16585,1
16591,1
16593,1
16604,1
16605,1
16610,1
16613,1
16616,1
16621,1
16623,1
16624,1
16627,1
16632,1
16633,1
16639,1
16644,1
16650,1
16659,1
16670,1
16671,1
16677,1
16678,1
16680,1
16689,1
16691,1
16694,1
16697,1
16698,1
16702,1
16703,1
16711,1
16714,1
16715,1
16718,1
16722,1
16724,1
16726,1
16729,1
16733,1
16735,1
16739,1
16748,1
16755,1
16759,1
16764,1
16771,1
16772,1
16788,1
16794,1
16795,1
16796,1
16798,1
16807,1
16809,1
16814,1
16820,1
16828,1
16834,1
16836,1
16838,1
16840,1
16844,1
16852,1
16856,1
16857,1
16858,1
16869,1
16874,1
16877,1
16879,1
16880,1
16881,1
16889,1
16898,1
16907,1
16915,1
16922,1
16929,1
16936,1
16938,1
16942,1
16945,1
16946,1
16948,1
16949,1
16950,1
16963,1
16967,1
16968,1
16971,1
16979,1
16980,1
16986,1
16993,1
17004,1
17005,1
17009,1
17017,1
17018,1
17019,1
17025,1
17027,1
17029,1
17031,1
17032,1
17033,1
17035,1
17040,1
17043,1
17045,1
17048,1
17049,1
17052,1
17053,1
17057,1
17060,1
17062,1
17064,1
17065,1
17067,1
17078,1
17085,1
17086,1
17089,1
17093,1
17096,1
17098,1
17101,1
17110,1
17113,1
17116,1
17123,1
17124,1
17126,1
17127,1
17131,1
17133,1
17141,1
17146,1
17147,1
17152,1
17156,1
17165,1
17166,1
17170,1
17175,1
17179,1
17180,1
17199,1
17201,1
17202,1
17203,1
17211,1
17213,1
17215,1
17222,1
17223,1
17240,1
17243,1
17254,1
17262,1
17269,1
17270,1
17273,1
17280,1
17284,1
17285,1
17286,1
17300,1
17304,1
17306,1
17308,1
17318,1
17322,1
17327,1
17330,1
17331,1
17341,1
17343,1
17347,1
17352,1
17360,1
17363,1
17367,1
17372,1
17383,1
17392,1
17393,1
17395,1
17396,1
17408,1
17409,1
17412,1
17420,1
17423,1
17424,1
17429,1
17430,1
17432,1
17436,1
17441,1
17444,1
17447,1
17449,1
17450,1
17456,1
17459,1
17465,1
17470,1
17472,1
17473,1
17477,1
17487,1
17488,1
17496,1
17499,1
17506,1
17531,1
17533,1
17538,1
17548,1
17552,1
17563,1
17565,1
17566,1
17567,1
17568,1
17571,1
17572,1
17573,1
17574,1
17576,1
17577,1
17581,1
17594,1
17606,1
17607,1
17615,1
17620,1
17621,1
17623,1
17630,1
17633,1
17639,1
17640,1
17642,1
17645,1
17650,1
17654,1
17660,1
17661,1
17664,1
17665,1
17668,1
17676,1
17678,1
17683,1
17685,1
17687,1
17694,1
17696,1
17697,1
17700,1
17713,1
17719,1
17721,1
17727,1
17729,1
17732,1
17742,1
17745,1
17763,1
17774,1
17782,1
17785,1
17788,1
17792,1
17802,1
17804,1
17815,1
17819,1
17831,1
17834,1
17839,1
17843,1
17844,1
17848,1
17857,1
17861,1
17864,1
17887,1
17890,1
17891,1
17893,1
17895,1
17896,1
17901,1
17906,1
17907,1
17911,1
17913,1
17914,1
17928,1
17938,1
17953,1
17954,1
17964,1
17971,1
17973,1
17977,1
17982,1
17983,1
17984,1
17985,1
17986,1
17991,1
17992,1
17996,1
17997,1
18008,1
18010,1
18014,1
18017,1
18027,1
18028,1
18043,1
18046,1
18048,1
18071,1
18077,1
18087,1
18088,1
18091,1
18093,1
18103,1
18105,1
18106,1
18112,1
18117,1
18121,1
18123,1
18137,1
18154,1
18172,1
18176,1
18177,1
18182,1
18187,1
18201,1
18205,1
18211,1
18213,1
18214,1
18216,1
18225,1
18226,1
18235,1
18236,1
18240,1
18241,1
18244,1
18251,1
18254,1
18255,1
18258,1
18264,1
18268,1
18269,1
18270,1
18284,1
18289,1
18290,1
18293,1
18298,1
18300,1
18307,1
18311,1
18313,1
18318,1
18329,1
18330,1
18338,1
18340,1
18352,1
18358,1
18360,1
18366,1
18367,1
18377,1
18382,1
18383,1
18385,1
18389,1
18397,1
18398,1
18399,1
18409,1
18413,1
18414,1
18418,1
18422,1
18423,1
18436,1
18438,1
18441,1
18443,1
18444,1
18461,1
18464,1
18466,1
18467,1
18484,1
18486,1
18494,1
18497,1
18499,1
18502,1
18508,1
18516,1
18523,1
18527,1
18541,1
18552,1
18553,1
18554,1
18563,1
18569,1
18577,1
18581,1
18588,1
18591,1
18597,1
18602,1
18604,1
18607,1
18610,1
18612,1
18615,1
18620,1
18624,1
18630,1
18633,1
18634,1
18635,1
18636,1
18637,1
18640,1
18649,1
18651,1
18653,1
18655,1
18656,1
18663,1
18665,1
18670,1
18675,1
18677,1
18690,1
18692,1
18697,1
18699,1
18701,1
18702,1
18705,1
18706,1
18720,1
18725,1
18732,1
18738,1
18740,1
18743,1
18746,1
18751,1
18755,1
18769,1
18774,1
18775,1
18787,1
18791,1
18803,1
18812,1
18813,1
18828,1
18832,1
18833,1
18834,1
18835,1
18853,1
18854,1
18860,1
18873,1
18875,1
18883,1
18887,1
18910,1
18920,1
18924,1
18929,1
18930,1
18935,1
18937,1
18938,1
18939,1
18956,1
18960,1
18961,1
18964,1
18965,1
18966,1
18967,1
18968,1
18971,1
18972,1
18974,1
18981,1
18982,1
18984,1
18987,1
18989,1
18994,1
18997,1
18999,1
19001,1
19009,1
19022,1
19023,1
19024,1
19027,1
19028,1
19035,1
19038,1
19039,1
19054,1
19058,1
19061,1
19063,1
19064,1
19076,1
19086,1
19089,1
19093,1
19094,1
19112,1
19119,1
19124,1
19125,1
19127,1
19136,1
19143,1
19147,1
19157,1
19160,1
19164,1
19170,1
19185,1
19192,1
19195,1
19203,1
19205,1
19221,1
19227,1
19233,1
19237,1
19238,1
19244,1
19249,1
19251,1
19253,1
19263,1
19268,1
19283,1
19287,1
19289,1
19293,1
19297,1
19298,1
19303,1
0,2
2,2
23,2
29,2
36,2
38,2
41,2
42,2
45,2
52,2
61,2
64,2
88,2
92,2
94,2
97,2
100,2
102,2
103,2
109,2
112,2
114,2
117,2
120,2
122,2
123,2
128,2
134,2
137,2
142,2
152,2
153,2
157,2
161,2
162,2
163,2
167,2
176,2
177,2
186,2
187,2
191,2
198,2
202,2
204,2
206,2
207,2
219,2
223,2
229,2
233,2
249,2
259,2
263,2
264,2
265,2
267,2
268,2
275,2
276,2
281,2
293,2
300,2
313,2
316,2
319,2
320,2
321,2
324,2
325,2
332,2
333,2
335,2
337,2
341,2
346,2
349,2
350,2
362,2
364,2
372,2
374,2
375,2
380,2
383,2
389,2
393,2
394,2
397,2
401,2
408,2
413,2
425,2
429,2
430,2
438,2
439,2
440,2
444,2
451,2
456,2
473,2
482,2
484,2
486,2
489,2
497,2
505,2
509,2
524,2
528,2
534,2
545,2
551,2
552,2
560,2
564,2
568,2
576,2
585,2
587,2
605,2
620,2
622,2
626,2
634,2
640,2
641,2
643,2
645,2
648,2
649,2
656,2
657,2
658,2
669,2
680,2
682,2
688,2
699,2
708,2
712,2
713,2
717,2
722,2
725,2
726,2
727,2
736,2
737,2
741,2
746,2
754,2
760,2
763,2
766,2
771,2
774,2
781,2
784,2
790,2
798,2
804,2
805,2
806,2
814,2
818,2
825,2
831,2
845,2
847,2
848,2
849,2
862,2
870,2
879,2
887,2
890,2
893,2
895,2
913,2
916,2
923,2
930,2
936,2
947,2
948,2
960,2
962,2
971,2
986,2
988,2
992,2
1007,2
1011,2
1018,2
1022,2
1024,2
1026,2
1038,2
1046,2
1050,2
1056,2
1058,2
1061,2
1063,2
1072,2
1080,2
1086,2
1091,2
1092,2
1093,2
1098,2
1099,2
1103,2
1109,2
1113,2
1124,2
1129,2
1130,2
1135,2
1137,2
1138,2
1139,2
1143,2
1146,2
1147,2
1148,2
1151,2
1154,2
1163,2
1164,2
1166,2
1172,2
1175,2
1180,2
1181,2
1183,2
1185,2
1186,2
1187,2
1192,2
1194,2
1196,2
1198,2
1203,2
1204,2
1209,2
1213,2
1217,2
1221,2
1224,2
1226,2
1229,2
1248,2
1249,2
1252,2
1255,2
1259,2
1272,2
1274,2
1275,2
1281,2
1292,2
1293,2
1299,2
1307,2
1308,2
1310,2
1314,2
1318,2
1319,2
1320,2
1323,2
1324,2
1326,2
1327,2
1330,2
1334,2
1335,2
1350,2
1354,2
1355,2
1357,2
1362,2
1363,2
1369,2
1374,2
1375,2
1377,2
1380,2
1384,2
1386,2
1389,2
1394,2
1397,2
1398,2
1404,2
1409,2
1414,2
1416,2
1426,2
1433,2
1434,2
1435,2
1439,2
1448,2
1451,2
1454,2
1463,2
1470,2
1478,2
1482,2
1484,2
1502,2
1504,2
1506,2
1508,2
1513,2
1515,2
1522,2
1527,2
1535,2
1537,2
1538,2
1548,2
1549,2
1550,2
1555,2
1561,2
1564,2
1566,2
1567,2
1568,2
1585,2
1587,2
1596,2
1597,2
1603,2
1609,2
1617,2
1632,2
1647,2
1652,2
1653,2
1659,2
1660,2
1663,2
1666,2
1671,2
1678,2
1682,2
1685,2
1692,2
1693,2
1702,2
1708,2
1710,2
1712,2
1714,2
1715,2
1719,2
1720,2
1731,2
1738,2
1740,2
1742,2
1749,2
1751,2
1753,2
1755,2
1756,2
1758,2
1763,2
1772,2
1787,2
1790,2
1802,2
1810,2
1818,2
1820,2
1824,2
1829,2
1850,2
1851,2
1852,2
1858,2
1866,2
1867,2
1869,2
1871,2
1873,2
1875,2
1876,2
1881,2
1882,2
1885,2
1891,2
1899,2
1904,2
1918,2
1920,2
1923,2
1933,2
1934,2
1935,2
1937,2
1944,2
1946,2
1947,2
1948,2
1951,2
1952,2
1954,2
1960,2
1961,2
1974,2
1975,2
1978,2
1982,2
1988,2
1993,2
1995,2
1996,2
1998,2
1999,2
2008,2
2011,2
2026,2
2027,2
2035,2
2042,2
2043,2
2048,2
2054,2
2068,2
2073,2
2077,2
2078,2
2092,2
2094,2
2109,2
2116,2
2118,2
2127,2
2128,2
2140,2
2147,2
2158,2
2160,2
2164,2
2170,2
2177,2
2180,2
2183,2
2186,2
2203,2
2205,2
2211,2
2217,2
2219,2
2221,2
2222,2
2224,2
2230,2
2231,2
2233,2
2237,2
2247,2
2248,2
2252,2
2254,2
2255,2
2257,2
2259,2
2265,2
2268,2
2274,2
2275,2
2284,2
2288,2
2289,2
2293,2
2294,2
2295,2
2299,2
2300,2
2305,2
2308,2
2310,2
2312,2
2314,2
2316,2
2322,2
2331,2
2332,2
2356,2
2358,2
2366,2
2371,2
2373,2
2377,2
2379,2
2380,2
2383,2
2390,2
2393,2
2405,2
2406,2
2407,2
2414,2
2416,2
2426,2
2428,2
2430,2
2438,2
2443,2
2448,2
2449,2
2451,2
2457,2
2461,2
2464,2
2469,2
2472,2
2477,2
2480,2
2481,2
2490,2
2495,2
2499,2
2503,2
2505,2
2506,2
2507,2
2508,2
2518,2
2519,2
2523,2
2531,2
2550,2
2553,2
2554,2
2558,2
2569,2
2576,2
2591,2
2596,2
2598,2
2603,2
2608,2
2609,2
2610,2
2618,2
2626,2
2636,2
2638,2
2640,2
2651,2
2656,2
2657,2
2658,2
2664,2
2666,2
2676,2
2678,2
2681,2
2683,2
2686,2
2692,2
2693,2
2695,2
2696,2
2698,2
2711,2
2713,2
2717,2
2723,2
2729,2
2730,2
2732,2
2737,2
2740,2
2742,2
2743,2
2752,2
2761,2
2763,2
2769,2
2770,2
2773,2
2774,2
2777,2
2787,2
2797,2
2798,2
2806,2
2830,2
2833,2
2840,2
2841,2
2849,2
2856,2
2858,2
2859,2
2874,2
2876,2
2887,2
2890,2
2897,2
2899,2
2900,2
2902,2
2904,2
2907,2
2912,2
2915,2
2921,2
2929,2
2930,2
2940,2
2948,2
2951,2
2952,2
2960,2
2977,2
2985,2
2988,2
2989,2
2995,2
3003,2
3004,2
3010,2
3011,2
3015,2
3020,2
3021,2
3022,2
3032,2
3036,2
3046,2
3060,2
3061,2
3063,2
3070,2
3071,2
3084,2
3087,2
3094,2
3096,2
3097,2
3108,2
3116,2
3124,2
3126,2
3127,2
3135,2
3138,2
3147,2
3152,2
3158,2
3159,2
3160,2
3165,2
3168,2
3172,2
3179,2
3193,2
3194,2
3195,2
3197,2
3199,2
3200,2
3208,2
3210,2
3212,2
3219,2
3224,2
3225,2
3230,2
3235,2
3241,2
3242,2
3259,2
3291,2
3292,2
3319,2
3323,2
3335,2
3342,2
3346,2
3350,2
3360,2
3374,2
3375,2
3377,2
3378,2
3383,2
3384,2
3396,2
3398,2
3401,2
3402,2
3403,2
3405,2
3407,2
3408,2
3414,2
3415,2
3420,2
3421,2
3431,2
3434,2
3437,2
3446,2
3447,2
3453,2
3454,2
3459,2
3463,2
3465,2
3479,2
3484,2
3487,2
3502,2
3520,2
3521,2
3522,2
3527,2
3531,2
3546,2
3547,2
3548,2
3550,2
3554,2
3561,2
3570,2
3577,2
3584,2
3586,2
3590,2
3607,2
3610,2
3615,2
3617,2
3623,2
3626,2
3627,2
3629,2
3632,2
3644,2
3648,2
3660,2
3662,2
3664,2
3671,2
3672,2
3678,2
3681,2
3682,2
3688,2
3698,2
3702,2
3711,2
3713,2
3714,2
3715,2
3726,2
3729,2
3730,2
3731,2
3739,2
3744,2
3749,2
3751,2
3754,2
3758,2
3764,2
3769,2
3772,2
3784,2
3788,2
3792,2
3802,2
3820,2
3821,2
3827,2
3830,2
3837,2
3852,2
3857,2
3872,2
3885,2
3889,2
3893,2
3905,2
3907,2
3909,2
3913,2
3919,2
3920,2
3924,2
3929,2
3935,2
3943,2
3955,2
3966,2
3971,2
3972,2
3973,2
3975,2
3980,2
3992,2
3996,2
3999,2
4010,2
4014,2
4018,2
4025,2
4032,2
4040,2
4042,2
4047,2
4050,2
4057,2
4062,2
4067,2
4069,2
4074,2
4077,2
4081,2
4090,2
4105,2
4111,2
4115,2
4126,2
4135,2
4144,2
4145,2
4147,2
4156,2
4158,2
4162,2
4171,2
4176,2
4182,2
4184,2
4187,2
4199,2
4204,2
4215,2
4230,2
4233,2
4248,2
4251,2
4252,2
4255,2
4257,2
4258,2
4261,2
4263,2
4266,2
4271,2
4273,2
4287,2
4297,2
4301,2
4306,2
4311,2
4317,2
4327,2
4329,2
4332,2
4347,2
4348,2
4356,2
4372,2
4381,2
4407,2
4412,2
4414,2
4421,2
4425,2
4447,2
4451,2
4452,2
4453,2
4455,2
4458,2
4464,2
4465,2
4468,2
4469,2
4474,2
4482,2
4487,2
4488,2
4489,2
4490,2
4500,2
4503,2
4509,2
4511,2
4512,2
4522,2
4524,2
4530,2
4534,2
4536,2
4543,2
4560,2
4562,2
4564,2
4573,2
4580,2
4582,2
4588,2
4591,2
4598,2
4599,2
4601,2
4609,2
4618,2
4621,2
4623,2
4631,2
4637,2
4639,2
4646,2
4647,2
4649,2
4657,2
4669,2
4674,2
4677,2
4678,2
4679,2
4685,2
4691,2
4699,2
4714,2
4718,2
4719,2
4722,2
4728,2
4731,2
4733,2
4745,2
4749,2
4758,2
4762,2
4766,2
4767,2
4768,2
4770,2
4772,2
4775,2
4780,2
4782,2
4785,2
4786,2
4789,2
4794,2
4798,2
4799,2
4804,2
4806,2
4807,2
4811,2
4816,2
4818,2
4819,2
4823,2
4825,2
4826,2
4831,2
4834,2
4835,2
4836,2
4840,2
4841,2
4842,2
4854,2
4865,2
4867,2
4875,2
4876,2
4877,2
4885,2
4891,2
4892,2
4893,2
4894,2
4903,2
4905,2
4912,2
4916,2
4921,2
4927,2
4931,2
4940,2
4948,2
4949,2
4951,2
4959,2
4963,2
4965,2
4974,2
4977,2
4978,2
4981,2
4996,2
4999,2
5007,2
5017,2
5018,2
5021,2
5030,2
5036,2
5040,2
5055,2
5065,2
5071,2
5072,2
5081,2
5086,2
5109,2
5113,2
5125,2
5131,2
5139,2
5143,2
5145,2
5146,2
5158,2
5159,2
5162,2
5165,2
5169,2
5171,2
5173,2
5177,2
5178,2
5181,2
5184,2
5187,2
5197,2
5204,2
5209,2
5210,2
5216,2
5222,2
5223,2
5236,2
5242,2
5247,2
5248,2
5261,2
5266,2
5269,2
5272,2
5273,2
5276,2
5292,2
5294,2
5298,2
5305,2
5308,2
5309,2
5315,2
5319,2
5327,2
5331,2
5338,2
5340,2
5341,2
5344,2
5351,2
5353,2
5355,2
5356,2
5358,2
5361,2
5364,2
5367,2
5368,2
5387,2
5388,2
5395,2
5399,2
5400,2
5406,2
5407,2
5415,2
5423,2
5441,2
5443,2
5444,2
5448,2
5460,2
5470,2
5475,2
5486,2
5495,2
5508,2
5518,2
5521,2
5523,2
5525,2
5528,2
5531,2
5533,2
5535,2
5554,2
5561,2
5564,2
5577,2
5586,2
5587,2
5590,2
5591,2
5593,2
5595,2
5601,2
5610,2
5612,2
5613,2
5615,2
5618,2
5619,2
5620,2
5626,2
5628,2
5637,2
5642,2
5659,2
5663,2
5666,2
5667,2
5674,2
5677,2
5678,2
5691,2
5692,2
5696,2
5703,2
5710,2
5712,2
5725,2
5734,2
5740,2
5741,2
5750,2
5758,2
5761,2
5763,2
5766,2
5769,2
5770,2
5773,2
5777,2
5784,2
5801,2
5802,2
5806,2
5811,2
5817,2
5822,2
5824,2
5832,2
5836,2
5839,2
5841,2
5844,2
5845,2
5850,2
5867,2
5877,2
5881,2
5882,2
5904,2
5910,2
5911,2
5923,2
5929,2
5930,2
5931,2
5939,2
5940,2
5943,2
5947,2
5951,2
5954,2
5959,2
5961,2
5964,2
5965,2
5967,2
5970,2
5974,2
5976,2
5978,2
5999,2
6007,2
6010,2
6016,2
6017,2
6030,2
6038,2
6046,2
6049,2
6059,2
6063,2
6067,2
6073,2
6076,2
6079,2
6080,2
6082,2
6083,2
6084,2
6087,2
6090,2
6096,2
6102,2
6103,2
6104,2
6105,2
6107,2
6113,2
6115,2
6128,2
6129,2
6137,2
6154,2
6159,2
6161,2
6162,2
6167,2
6168,2
6171,2
6172,2
6174,2
6177,2
6179,2
6183,2
6190,2
6191,2
6192,2
6199,2
6203,2
6204,2
6205,2
6214,2
6215,2
6216,2
6217,2
6218,2
6220,2
6226,2
6230,2
6232,2
6233,2
6234,2
6243,2
6251,2
6259,2
6260,2
6262,2
6265,2
6286,2
6289,2
6290,2
6293,2
6310,2
6312,2
6317,2
6318,2
6322,2
6338,2
6344,2
6347,2
6350,2
6356,2
6357,2
6361,2
6368,2
6371,2
6374,2
6378,2
6384,2
6386,2
6390,2
6395,2
6397,2
6403,2
6408,2
6409,2
6421,2
6422,2
6425,2
6426,2
6434,2
6442,2
6448,2
6451,2
6455,2
6456,2
6463,2
6464,2
6466,2
6474,2
6475,2
6479,2
6487,2
6497,2
6498,2
6499,2
6506,2
6508,2
6517,2
6521,2
6523,2
6535,2
6537,2
6540,2
6545,2
6547,2
6571,2
6572,2
6575,2
6586,2
6600,2
6613,2
6634,2
6635,2
6638,2
6650,2
6652,2
6667,2
6675,2
6678,2
6679,2
6681,2
6683,2
6686,2
6696,2
6698,2
6699,2
6701,2
6702,2
6703,2
6707,2
6709,2
6717,2
6718,2
6727,2
6740,2
6746,2
6749,2
6752,2
6754,2
6758,2
6766,2
6769,2
6782,2
6790,2
6794,2
6795,2
6797,2
6801,2
6813,2
6816,2
6824,2
6831,2
6840,2
6844,2
6846,2
6855,2
6857,2
6863,2
6867,2
6870,2
6882,2
6884,2
6887,2
6890,2
6894,2
6900,2
6901,2
6902,2
6907,2
6910,2
6911,2
6921,2
6929,2
6930,2
6935,2
6947,2
6956,2
6959,2
6960,2
6962,2
6967,2
6968,2
6972,2
6974,2
6978,2
6979,2
6983,2
6988,2
6991,2
6999,2
7002,2
7007,2
7009,2
7019,2
7027,2
7030,2
7033,2
7037,2
7041,2
7046,2
7053,2
7055,2
7057,2
7058,2
7067,2
7068,2
7075,2
7093,2
7098,2
7109,2
7110,2
7113,2
7114,2
7115,2
7116,2
7135,2
7141,2
7144,2
7150,2
7153,2
7163,2
7171,2
7181,2
7190,2
7194,2
7199,2
7200,2
7213,2
7225,2
7226,2
7231,2
7235,2
7238,2
7240,2
7246,2
7248,2
7249,2
7265,2
7267,2
7268,2
7272,2
7275,2
7278,2
7279,2
7281,2
7282,2
7286,2
7288,2
7289,2
7291,2
7292,2
7307,2
7308,2
7315,2
7316,2
7320,2
7329,2
7332,2
7336,2
7343,2
7347,2
7349,2
7353,2
7355,2
7358,2
7359,2
7368,2
7369,2
7370,2
7379,2
7380,2
7381,2
7386,2
7387,2
7388,2
7393,2
7396,2
7404,2
7416,2
7423,2
7427,2
7435,2
7439,2
7448,2
7452,2
7455,2
7471,2
7474,2
7485,2
7492,2
7500,2
7513,2
7514,2
7516,2
7518,2
7519,2
7532,2
7533,2
7537,2
7542,2
7549,2
7556,2
7559,2
7560,2
7582,2
7583,2
7590,2
7598,2
7600,2
7611,2
7629,2
7633,2
7636,2
7648,2
7653,2
7654,2
7656,2
7660,2
7661,2
7665,2
7669,2
7677,2
7678,2
7681,2
7690,2
7694,2
7695,2
7699,2
7707,2
7713,2
7715,2
7723,2
7738,2
7743,2
7759,2
7767,2
7775,2
7778,2
7782,2
7793,2
7794,2
7797,2
7804,2
7808,2
7811,2
7824,2
7835,2
7836,2
7839,2
7841,2
7842,2
7847,2
7850,2
7854,2
7861,2
7862,2
7865,2
7867,2
7870,2
7872,2
7877,2
7882,2
7886,2
7893,2
7897,2
7899,2
7900,2
7903,2
7904,2
7906,2
7910,2
7920,2
7929,2
7933,2
7941,2
7948,2
7950,2
7953,2
7973,2
7977,2
7982,2
7983,2
7991,2
7993,2
7995,2
7997,2
8004,2
8006,2
8010,2
8013,2
8019,2
8020,2
8024,2
8039,2
8041,2
8044,2
8046,2
8051,2
8059,2
8066,2
8069,2
8073,2
8077,2
8078,2
8079,2
8089,2
8101,2
8103,2
8104,2
8106,2
8115,2
8119,2
8120,2
8124,2
8129,2
8132,2
8135,2
8138,2
8140,2
8143,2
8145,2
8147,2
8151,2
8157,2
8158,2
8162,2
8175,2
8177,2
8185,2
8192,2
8196,2
8199,2
8200,2
8203,2
8208,2
8212,2
8214,2
8226,2
8228,2
8233,2
8235,2
8245,2
8254,2
8261,2
8263,2
8266,2
8269,2
8275,2
8277,2
8295,2
8298,2
8299,2
8303,2
8305,2
8311,2
8312,2
8316,2
8317,2
8321,2
8326,2
8327,2
8330,2
8337,2
8339,2
8341,2
8344,2
8360,2
8365,2
8366,2
8371,2
8372,2
8385,2
8391,2
8397,2
8402,2
8409,2
8410,2
8412,2
8415,2
8422,2
8426,2
8435,2
8443,2
8444,2
8448,2
8451,2
8458,2
8467,2
8470,2
8471,2
8476,2
8482,2
8485,2
8487,2
8496,2
8500,2
8508,2
8514,2
8526,2
8530,2
8532,2
8536,2
8539,2
8540,2
8558,2
8561,2
8562,2
8564,2
8567,2
8568,2
8569,2
8570,2
8573,2
8576,2
8579,2
8580,2
8581,2
8593,2
8595,2
8602,2
8603,2
8604,2
8605,2
8607,2
8614,2
8617,2
8623,2
8633,2
8644,2
8659,2
8660,2
8661,2
8664,2
8677,2
8683,2
8684,2
8686,2
8698,2
8711,2
8717,2
8718,2
8722,2
8728,2
8735,2
8736,2
8740,2
8746,2
8749,2
8750,2
8757,2
8758,2
8760,2
8763,2
8770,2
8771,2
8778,2
8783,2
8785,2
8789,2
8793,2
8798,2
8806,2
8807,2
8810,2
8811,2
8815,2
8820,2
8823,2
8837,2
8838,2
8842,2
8854,2
8855,2
8856,2
8862,2
8870,2
8873,2
8878,2
8886,2
8889,2
8892,2
8894,2
8899,2
8900,2
8915,2
8919,2
8928,2
8930,2
8931,2
8939,2
8940,2
8961,2
8963,2
8964,2
8968,2
8971,2
8978,2
8983,2
8984,2
8986,2
8995,2
9002,2
9006,2
9007,2
9008,2
9011,2
9015,2
9034,2
9042,2
9043,2
9045,2
9047,2
9050,2
9056,2
9057,2
9063,2
9066,2
9071,2
9073,2
9077,2
9078,2
9082,2
9091,2
9092,2
9093,2
9099,2
9100,2
9118,2
9123,2
9124,2
9125,2
9126,2
9154,2
9166,2
9167,2
9170,2
9177,2
9180,2
9185,2
9201,2
9206,2
9207,2
9212,2
9220,2
9221,2
9222,2
9225,2
9226,2
9230,2
9236,2
9247,2
9251,2
9254,2
9257,2
9258,2
9259,2
9264,2
9267,2
9272,2
9273,2
9275,2
9282,2
9285,2
9286,2
9296,2
9298,2
9300,2
9316,2
9322,2
9326,2
9334,2
9336,2
9338,2
9343,2
9352,2
9354,2
9358,2
9362,2
9368,2
9370,2
9378,2
9389,2
9397,2
9398,2
9399,2
9401,2
9405,2
9407,2
9412,2
9419,2
9428,2
9429,2
9430,2
9431,2
9433,2
9437,2
9446,2
9448,2
9449,2
9451,2
9455,2
9456,2
9458,2
9465,2
9471,2
9473,2
9478,2
9485,2
9487,2
9489,2
9495,2
9496,2
9499,2
9500,2
9515,2
9523,2
9524,2
9530,2
9531,2
9532,2
9533,2
9536,2
9537,2
9545,2
9548,2
9554,2
9556,2
9561,2
9572,2
9576,2
9581,2
9582,2
9583,2
9586,2
9590,2
9596,2
9600,2
9611,2
9613,2
9623,2
9630,2
9633,2
9634,2
9642,2
9643,2
9647,2
9648,2
9652,2
9655,2
9662,2
9664,2
9668,2
9669,2
9670,2
9673,2
9675,2
9679,2
9680,2
9687,2
9690,2
9691,2
9701,2
9710,2
9712,2
9713,2
9715,2
9725,2
9744,2
9750,2
9752,2
9754,2
9775,2
9782,2
9786,2
9788,2
9789,2
9793,2
9796,2
9807,2
9810,2
9813,2
9820,2
9822,2
9823,2
9826,2
9833,2
9834,2
9837,2
9838,2
9850,2
9860,2
9863,2
9866,2
9867,2
9873,2
9875,2
9885,2
9887,2
9889,2
9890,2
9901,2
9902,2
9910,2
9923,2
9928,2
9930,2
9939,2
9947,2
9950,2
9951,2
9955,2
9972,2
9975,2
9976,2
9987,2
9990,2
9997,2
10002,2
10003,2
10007,2
10009,2
10019,2
10025,2
10026,2
10027,2
10032,2
10033,2
10037,2
10039,2
10044,2
10047,2
10057,2
10060,2
10063,2
10065,2
10073,2
10075,2
10082,2
10086,2
10088,2
10090,2
10097,2
10099,2
10101,2
10111,2
10116,2
10122,2
10128,2
10135,2
10136,2
10152,2
10156,2
10162,2
10165,2
10174,2
10180,2
10191,2
10197,2
10199,2
10201,2
10206,2
10214,2
10217,2
10221,2
10226,2
10227,2
10234,2
10237,2
10249,2
10250,2
10254,2
10259,2
10260,2
10262,2
10264,2
10269,2
10270,2
10279,2
10285,2
10290,2
10292,2
10299,2
10303,2
10305,2
10310,2
10314,2
10335,2
10340,2
10342,2
10344,2
10346,2
10349,2
10354,2
10355,2
10356,2
10361,2
10362,2
10366,2
10371,2
10375,2
10378,2
10391,2
10392,2
10393,2
10403,2
10408,2
10410,2
10411,2
10414,2
10419,2
10422,2
10425,2
10426,2
10429,2
10432,2
10443,2
10446,2
10452,2
10456,2
10461,2
10467,2
10479,2
10486,2
10487,2
10492,2
10493,2
10499,2
10504,2
10505,2
10506,2
10507,2
10515,2
10529,2
10538,2
10547,2
10552,2
10557,2
10572,2
10577,2
10591,2
10594,2
10597,2
10602,2
10614,2
10619,2
10620,2
10629,2
10631,2
10632,2
10635,2
10637,2
10641,2
10645,2
10652,2
10660,2
10671,2
10674,2
10677,2
10685,2
10686,2
10693,2
10694,2
10695,2
10698,2
10706,2
10708,2
10710,2
10715,2
10719,2
10726,2
10732,2
10737,2
10743,2
10744,2
10763,2
10770,2
10779,2
10790,2
10791,2
10801,2
10808,2
10810,2
10823,2
10824,2
10832,2
10833,2
10835,2
10838,2
10843,2
10853,2
10854,2
10855,2
10856,2
10857,2
10860,2
10880,2
10882,2
10884,2
10906,2
10909,2
10911,2
10929,2
10930,2
10933,2
10940,2
10943,2
10945,2
10946,2
10948,2
10954,2
10956,2
10963,2
10971,2
10973,2
10974,2
10978,2
10985,2
10988,2
10989,2
10990,2
10994,2
11000,2
11002,2
11018,2
11024,2
11025,2
11028,2
11030,2
11034,2
11038,2
11044,2
11056,2
11059,2
11064,2
11072,2
11073,2
11077,2
11082,2
11089,2
11097,2
11103,2
11106,2
11107,2
11115,2
11117,2
11125,2
11126,2
11150,2
11164,2
11165,2
11166,2
11178,2
11187,2
11190,2
11192,2
11197,2
11200,2
11208,2
11215,2
11224,2
11228,2
11230,2
11233,2
11245,2
11250,2
11252,2
11259,2
11261,2
11265,2
11272,2
11288,2
11289,2
11303,2
11307,2
11308,2
11310,2
11326,2
11327,2
11334,2
11335,2
11338,2
11342,2
11361,2
11371,2
11372,2
11376,2
11380,2
11381,2
11382,2
11386,2
11387,2
11389,2
11391,2
11392,2
11393,2
11402,2
11405,2
11409,2
11414,2
11420,2
11426,2
11427,2
11434,2
11435,2
11441,2
11442,2
11446,2
11453,2
11458,2
11479,2
11483,2
11491,2
11493,2
11501,2
11506,2
11514,2
11519,2
11533,2
11534,2
11537,2
11539,2
11540,2
11549,2
11553,2
11556,2
11567,2
11571,2
11580,2
11586,2
11599,2
11602,2
11607,2
11620,2
11624,2
11625,2
11627,2
11629,2
11646,2
11657,2
11667,2
11670,2
11680,2
11682,2
11689,2
11691,2
11700,2
11703,2
11706,2
11718,2
11738,2
11741,2
11748,2
11774,2
11780,2
11792,2
11794,2
11798,2
11802,2
11813,2
11819,2
11824,2
11831,2
11841,2
11860,2
11865,2
11867,2
11868,2
11871,2
11874,2
11875,2
11878,2
11880,2
11884,2
11891,2
11893,2
11894,2
11895,2
11904,2
11909,2
11913,2
11925,2
11956,2
11957,2
11963,2
11969,2
11973,2
11978,2
12003,2
12006,2
12011,2
12012,2
12014,2
12022,2
12027,2
12029,2
12031,2
12032,2
12042,2
12045,2
12054,2
12055,2
12061,2
12065,2
12069,2
12070,2
12071,2
12072,2
12076,2
12078,2
12081,2
12086,2
12087,2
12090,2
12091,2
12092,2
12094,2
12095,2
12101,2
12111,2
12114,2
12116,2
12135,2
12138,2
12140,2
12147,2
12148,2
12155,2
12159,2
12172,2
12174,2
12175,2
12190,2
12197,2
12198,2
12199,2
12200,2
12201,2
12203,2
12218,2
12224,2
12226,2
12235,2
12237,2
12238,2
12244,2
12247,2
12248,2
12252,2
12259,2
12270,2
12274,2
12276,2
12277,2
12283,2
12285,2
12289,2
12295,2
12308,2
12315,2
12321,2
12327,2
12334,2
12339,2
12346,2
12352,2
12356,2
12357,2
12369,2
12372,2
12375,2
12376,2
12378,2
12380,2
12385,2
12386,2
12389,2
12390,2
12408,2
12412,2
12415,2
12420,2
12424,2
12439,2
12444,2
12450,2
12452,2
12459,2
12467,2
12475,2
12476,2
12487,2
12494,2
12495,2
12504,2
12506,2
12507,2
12510,2
12517,2
12521,2
12528,2
12540,2
12544,2
12549,2
12552,2
12554,2
12559,2
12561,2
12570,2
12571,2
12572,2
12581,2
12585,2
12590,2
12595,2
12598,2
12599,2
12600,2
12604,2
12619,2
12621,2
12624,2
12629,2
12632,2
12634,2
12640,2
12642,2
12644,2
12657,2
12661,2
12677,2
12681,2
12687,2
12689,2
12691,2
12692,2
12693,2
12694,2
12706,2
12709,2
12711,2
12724,2
12727,2
12731,2
12732,2
12746,2
12748,2
12755,2
12759,2
12761,2
12762,2
12764,2
12769,2
12772,2
12778,2
12781,2
12802,2
12804,2
12805,2
12832,2
12833,2
12838,2
12847,2
12848,2
12849,2
12857,2
12858,2
12865,2
12867,2
12872,2
12875,2
12877,2
12893,2
12896,2
12902,2
12905,2
12907,2
12909,2
12916,2
12922,2
12926,2
12929,2
12930,2
12942,2
12944,2
12945,2
12956,2
12966,2
12968,2
12972,2
12978,2
12980,2
12982,2
12988,2
12993,2
12998,2
13008,2
13025,2
13032,2
13040,2
13043,2
13046,2
13048,2
13051,2
13053,2
13054,2
13055,2
13058,2
13065,2
13069,2
13071,2
13073,2
13075,2
13080,2
13084,2
13090,2
13091,2
13097,2
13098,2
13100,2
13106,2
13109,2
13111,2
13114,2
13123,2
13130,2
13132,2
13133,2
13145,2
13147,2
13155,2
13158,2
13159,2
13160,2
13161,2
13169,2
13170,2
13173,2
13178,2
13186,2
13187,2
13211,2
13213,2
13215,2
13217,2
13218,2
13242,2
13244,2
13247,2
13255,2
13261,2
13268,2
13273,2
13275,2
13276,2
13294,2
13302,2
13305,2
13319,2
13324,2
13326,2
13332,2
13335,2
13337,2
13338,2
13339,2
13349,2
13350,2
13352,2
13357,2
13366,2
13368,2
13374,2
13377,2
13380,2
13383,2
13389,2
13397,2
13398,2
13401,2
13403,2
13429,2
13434,2
13444,2
13447,2
13451,2
13452,2
13457,2
13463,2
13480,2
13497,2
13500,2
13503,2
13504,2
13517,2
13527,2
13536,2
13540,2
13544,2
13545,2
13548,2
13549,2
13553,2
13555,2
13556,2
13559,2
13567,2
13569,2
13574,2
13575,2
13576,2
13588,2
13589,2
13590,2
13593,2
13602,2
13604,2
13606,2
13608,2
13617,2
13622,2
13630,2
13631,2
13643,2
13653,2
13655,2
13668,2
13681,2
13683,2
13692,2
13693,2
13699,2
13701,2
13708,2
13712,2
13713,2
13714,2
13720,2
13723,2
13725,2
13732,2
13733,2
13746,2
13752,2
13753,2
13756,2
13761,2
13766,2
13772,2
13774,2
13777,2
13781,2
13787,2
13789,2
13791,2
13799,2
13805,2
13808,2
13816,2
13817,2
13823,2
13832,2
13839,2
13846,2
13849,2
13851,2
13854,2
13859,2
13862,2
13863,2
13865,2
13867,2
13872,2
13877,2
13894,2
13898,2
13899,2
13904,2
13907,2
13910,2
13914,2
13915,2
13916,2
13924,2
13925,2
13929,2
13933,2
13937,2
13951,2
13956,2
13959,2
13963,2
13966,2
13967,2
13969,2
13971,2
13985,2
13986,2
13987,2
13992,2
14000,2
14008,2
14010,2
14011,2
14013,2
14014,2
14016,2
14020,2
14032,2
14034,2
14046,2
14052,2
14053,2
14058,2
14074,2
14083,2
14091,2
14092,2
14100,2
14104,2
14108,2
14111,2
14113,2
14116,2
14127,2
14133,2
14135,2
14146,2
14149,2
14151,2
14153,2
14161,2
14162,2
14165,2
14172,2
14173,2
14174,2
14176,2
14182,2
14188,2
14197,2
14202,2
14203,2
14204,2
14205,2
14215,2
14218,2
14228,2
14231,2
14234,2
14236,2
14238,2
14240,2
14255,2
14256,2
14261,2
14265,2
14267,2
14285,2
14299,2
14300,2
14306,2
14309,2
14310,2
14332,2
14335,2
14337,2
14340,2
14352,2
14361,2
14362,2
14364,2
14372,2
14373,2
14374,2
14376,2
14381,2
14390,2
14395,2
14397,2
14401,2
14402,2
14403,2
14419,2
14422,2
14426,2
14430,2
14436,2
14447,2
14449,2
14452,2
14461,2
14464,2
14468,2
14471,2
14475,2
14476,2
14478,2
14485,2
14487,2
14489,2
14492,2
14505,2
14519,2
14527,2
14537,2
14538,2
14539,2
14545,2
14556,2
14561,2
14563,2
14564,2
14576,2
14577,2
14579,2
14580,2
14581,2
14596,2
14608,2
14610,2
14613,2
14615,2
14620,2
14621,2
14636,2
14641,2
14647,2
14654,2
14665,2
14672,2
14673,2
14676,2
14688,2
14692,2
14695,2
14715,2
14718,2
14725,2
14726,2
14727,2
14730,2
14732,2
14734,2
14735,2
14738,2
14740,2
14743,2
14746,2
14747,2
14751,2
14765,2
14768,2
14773,2
14777,2
14778,2
14782,2
14788,2
14790,2
14801,2
14804,2
14805,2
14810,2
14811,2
14813,2
14826,2
14835,2
14841,2
14847,2
14853,2
14865,2
14878,2
14879,2
14884,2
14886,2
14888,2
14899,2
14901,2
14909,2
14910,2
14911,2
14918,2
14919,2
14929,2
14956,2
14960,2
14963,2
14971,2
14975,2
14981,2
14989,2
15006,2
15010,2
15012,2
15018,2
15025,2
15027,2
15028,2
15034,2
15037,2
15041,2
15044,2
15045,2
15055,2
15061,2
15063,2
15064,2
15066,2
15075,2
15091,2
15094,2
15115,2
15118,2
15124,2
15131,2
15132,2
15133,2
15142,2
15143,2
15153,2
15154,2
15156,2
15157,2
15164,2
15166,2
15167,2
15168,2
15169,2
15179,2
15180,2
15184,2
15195,2
15196,2
15211,2
15213,2
15214,2
15216,2
15218,2
15225,2
15228,2
15234,2
15238,2
15241,2
15243,2
15246,2
15250,2
15252,2
15257,2
15258,2
15267,2
15271,2
15277,2
15279,2
15290,2
15292,2
15296,2
15297,2
15305,2
15310,2
15322,2
15331,2
15343,2
15350,2
15352,2
15353,2
15356,2
15373,2
15375,2
15378,2
15380,2
15388,2
15390,2
15398,2
15403,2
15412,2
15417,2
15418,2
15421,2
15422,2
15426,2
15428,2
15440,2
15443,2
15444,2
15445,2
15455,2
15457,2
15464,2
15468,2
15471,2
15478,2
15482,2
15486,2
15494,2
15495,2
15497,2
15502,2
15506,2
15507,2
15508,2
15512,2
15517,2
15520,2
15525,2
15526,2
15529,2
15534,2
15539,2
15541,2
15543,2
15547,2
15548,2
15549,2
15551,2
15556,2
15568,2
15575,2
15577,2
15579,2
15584,2
15586,2
15588,2
15591,2
15592,2
15595,2
15602,2
15607,2
15615,2
15625,2
15627,2
15637,2
15641,2
15646,2
15652,2
15658,2
15667,2
15668,2
15677,2
15687,2
15689,2
15693,2
15698,2
15699,2
15700,2
15701,2
15702,2
15707,2
15709,2
15714,2
15715,2
15720,2
15723,2
15724,2
15725,2
15735,2
15736,2
15741,2
15742,2
15743,2
15745,2
15746,2
15747,2
15749,2
15756,2
15759,2
15783,2
15784,2
15792,2
15793,2
15796,2
15806,2
15811,2
15812,2
15813,2
15818,2
15820,2
15830,2
15832,2
15837,2
15847,2
15851,2
15852,2
15860,2
15861,2
15864,2
15878,2
15879,2
15880,2
15881,2
15890,2
15894,2
15900,2
15904,2
15908,2
15913,2
15914,2
15918,2
15919,2
15920,2
15925,2
15930,2
15938,2
15943,2
15945,2
15948,2
15950,2
15955,2
15956,2
15958,2
15961,2
15973,2
15983,2
15997,2
16003,2
16006,2
16008,2
16013,2
16020,2
16034,2
16038,2
16043,2
16061,2
16064,2
16075,2
16079,2
16085,2
16086,2
16088,2
16103,2
16106,2
16122,2
16129,2
16137,2
16138,2
16142,2
16147,2
16155,2
16171,2
16173,2
16175,2
16177,2
16178,2
16187,2
16191,2
16193,2
16200,2
16202,2
16207,2
16209,2
16213,2
16216,2
16220,2
16221,2
16222,2
16224,2
16234,2
16237,2
16244,2
16246,2
16247,2
16248,2
16258,2
16259,2
16261,2
16266,2
16267,2
16285,2
16302,2
16304,2
16309,2
16310,2
16319,2
16321,2
16323,2
16324,2
16332,2
16334,2
16337,2
16346,2
16351,2
16353,2
16359,2
16363,2
16367,2
16374,2
16382,2
16383,2
16391,2
16392,2
16400,2
16402,2
16414,2
16416,2
16428,2
16429,2
16430,2
16431,2
16432,2
16433,2
16439,2
16440,2
16442,2
16449,2
16455,2
16456,2
16466,2
16468,2
16469,2
16473,2
16477,2
16482,2
16486,2
16493,2
16495,2
16496,2
16498,2
16504,2
16507,2
16509,2
16515,2
16520,2
16521,2
16525,2
16538,2
16541,2
16542,2
16558,2
16562,2
16568,2
16575,2
16582,2
16583,2
16584,2
16592,2
16600,2
16601,2
16608,2
16620,2
16634,2
16636,2
16638,2
16642,2
16647,2
16657,2
16662,2
16663,2
16673,2
16676,2
16693,2
16695,2
16696,2
16716,2
16731,2
16732,2
16734,2
16738,2
16740,2
16743,2
16746,2
16754,2
16756,2
16758,2
16767,2
16768,2
16775,2
16777,2
16785,2
16789,2
16811,2
16813,2
16817,2
16821,2
16823,2
16829,2
16835,2
16843,2
16846,2
16847,2
16850,2
16851,2
16862,2
16865,2
16870,2
16872,2
16873,2
16882,2
16883,2
16888,2
16895,2
16900,2
16920,2
16927,2
16933,2
16941,2
16944,2
16947,2
16955,2
16961,2
16964,2
16966,2
16969,2
16970,2
16976,2
16977,2
16978,2
16985,2
16987,2
16989,2
16990,2
16996,2
16999,2
17002,2
17006,2
17007,2
17010,2
17012,2
17015,2
17016,2
17030,2
17036,2
17037,2
17039,2
17050,2
17071,2
17076,2
17079,2
17080,2
17081,2
17090,2
17107,2
17108,2
17122,2
17129,2
17134,2
17137,2
17140,2
17143,2
17149,2
17150,2
17154,2
17157,2
17158,2
17162,2
17167,2
17173,2
17176,2
17177,2
17188,2
17194,2
17196,2
17200,2
17214,2
17218,2
17221,2
17227,2
17230,2
17231,2
17237,2
17238,2
17242,2
17249,2
17256,2
17267,2
17272,2
17278,2
17290,2
17294,2
17299,2
17303,2
17312,2
17315,2
17319,2
17329,2
17334,2
17335,2
17344,2
17346,2
17351,2
17355,2
17356,2
17361,2
17371,2
17382,2
17384,2
17397,2
17401,2
17404,2
17431,2
17433,2
17437,2
17440,2
17445,2
17466,2
17468,2
17474,2
17476,2
17490,2
17492,2
17493,2
17497,2
17498,2
17500,2
17501,2
17520,2
17527,2
17530,2
17541,2
17543,2
17558,2
17582,2
17589,2
17592,2
17602,2
17609,2
17611,2
17614,2
17626,2
17627,2
17648,2
17651,2
17653,2
17667,2
17669,2
17670,2
17675,2
17690,2
17693,2
17695,2
17704,2
17714,2
17717,2
17733,2
17736,2
17746,2
17747,2
17748,2
17751,2
17752,2
17759,2
17761,2
17768,2
17772,2
17778,2
17787,2
17791,2
17798,2
17824,2
17826,2
17828,2
17835,2
17837,2
17856,2
17862,2
17869,2
17873,2
17875,2
17876,2
17878,2
17883,2
17884,2
17899,2
17915,2
17919,2
17920,2
17924,2
17925,2
17926,2
17927,2
17941,2
17943,2
17949,2
17951,2
17952,2
17959,2
17980,2
17993,2
17995,2
17998,2
18005,2
18018,2
18020,2
18022,2
18026,2
18033,2
18036,2
18051,2
18052,2
18053,2
18059,2
18060,2
18063,2
18064,2
18075,2
18085,2
18089,2
18094,2
18107,2
18109,2
18115,2
18129,2
18132,2
18138,2
18141,2
18142,2
18144,2
18146,2
18147,2
18151,2
18152,2
18163,2
18166,2
18169,2
18170,2
18178,2
18179,2
18180,2
18181,2
18184,2
18185,2
18189,2
18190,2
18194,2
18196,2
18198,2
18202,2
18204,2
18209,2
18210,2
18218,2
18220,2
18221,2
18222,2
18228,2
18230,2
18238,2
18239,2
18247,2
18263,2
18266,2
18272,2
18277,2
18280,2
18285,2
18287,2
18292,2
18294,2
18296,2
18305,2
18308,2
18310,2
18316,2
18322,2
18323,2
18326,2
18335,2
18351,2
18354,2
18378,2
18381,2
18384,2
18404,2
18406,2
18407,2
18420,2
18421,2
18429,2
18442,2
18445,2
18447,2
18451,2
18453,2
18459,2
18469,2
18471,2
18476,2
18477,2
18479,2
18482,2
18483,2
18487,2
18500,2
18501,2
18507,2
18511,2
18513,2
18519,2
18521,2
18524,2
18536,2
18537,2
18550,2
18567,2
18570,2
18571,2
18575,2
18583,2
18585,2
18586,2
18593,2
18596,2
18603,2
18622,2
18626,2
18628,2
18629,2
18641,2
18650,2
18659,2
18660,2
18668,2
18669,2
18676,2
18683,2
18684,2
18694,2
18696,2
18698,2
18703,2
18708,2
18715,2
18716,2
18717,2
18726,2
18728,2
18729,2
18734,2
18736,2
18744,2
18753,2
18763,2
18767,2
18768,2
18770,2
18771,2
18776,2
18778,2
18792,2
18797,2
18804,2
18806,2
18811,2
18816,2
18819,2
18822,2
18823,2
18826,2
18829,2
18831,2
18842,2
18843,2
18845,2
18847,2
18861,2
18863,2
18869,2
18874,2
18877,2
18881,2
18886,2
18888,2
18889,2
18896,2
18900,2
18901,2
18908,2
18909,2
18913,2
18918,2
18932,2
18934,2
18959,2
18969,2
18978,2
18980,2
18986,2
18988,2
18990,2
19003,2
19004,2
19010,2
19019,2
19034,2
19044,2
19046,2
19051,2
19055,2
19056,2
19069,2
19071,2
19078,2
19082,2
19087,2
19098,2
19101,2
19103,2
19105,2
19106,2
19107,2
19130,2
19138,2
19139,2
19146,2
19149,2
19150,2
19151,2
19159,2
19166,2
19171,2
19178,2
19179,2
19180,2
19182,2
19188,2
19191,2
19198,2
19206,2
19208,2
19214,2
19223,2
19242,2
19246,2
19247,2
19250,2
19255,2
19258,2
19262,2
19264,2
19265,2
19270,2
19272,2
19273,2
19277,2
19279,2
19281,2
19286,2
19291,2
19292,2
19295,2
19302,2
9,3
11,3
16,3
20,3
24,3
43,3
44,3
51,3
53,3
54,3
55,3
56,3
72,3
87,3
99,3
104,3
116,3
118,3
129,3
130,3
131,3
140,3
141,3
166,3
170,3
172,3
180,3
188,3
189,3
190,3
197,3
201,3
205,3
212,3
213,3
214,3
215,3
217,3
218,3
228,3
231,3
232,3
236,3
242,3
254,3
256,3
257,3
262,3
272,3
273,3
284,3
288,3
290,3
295,3
298,3
301,3
304,3
305,3
312,3
314,3
328,3
329,3
340,3
353,3
359,3
365,3
368,3
371,3
378,3
385,3
387,3
391,3
406,3
409,3
422,3
426,3
428,3
432,3
435,3
446,3
452,3
454,3
457,3
460,3
463,3
475,3
476,3
480,3
483,3
485,3
487,3
490,3
493,3
495,3
499,3
510,3
511,3
513,3
516,3
517,3
520,3
521,3
527,3
532,3
540,3
541,3
543,3
553,3
565,3
570,3
578,3
581,3
586,3
593,3
594,3
597,3
599,3
600,3
608,3
613,3
621,3
655,3
659,3
665,3
670,3
671,3
686,3
692,3
700,3
715,3
724,3
731,3
732,3
738,3
742,3
747,3
761,3
770,3
778,3
793,3
797,3
799,3
801,3
802,3
803,3
807,3
811,3
812,3
828,3
830,3
832,3
840,3
852,3
857,3
858,3
859,3
866,3
869,3
875,3
881,3
883,3
889,3
892,3
896,3
900,3
908,3
911,3
912,3
914,3
928,3
931,3
935,3
938,3
939,3
940,3
941,3
951,3
954,3
965,3
966,3
967,3
969,3
970,3
982,3
991,3
995,3
1001,3
1004,3
1009,3
1014,3
1027,3
1032,3
1039,3
1040,3
1045,3
1051,3
1054,3
1057,3
1064,3
1073,3
1076,3
1077,3
1089,3
1095,3
1096,3
1104,3
1120,3
1123,3
1126,3
1131,3
1141,3
1150,3
1159,3
1160,3
1170,3
1177,3
1178,3
1179,3
1182,3
1188,3
1199,3
1200,3
1201,3
1202,3
1208,3
1210,3
1212,3
1219,3
1223,3
1228,3
1230,3
1237,3
1241,3
1257,3
1263,3
1276,3
1278,3
1279,3
1283,3
1284,3
1297,3
1303,3
1306,3
1309,3
1311,3
1312,3
1315,3
1316,3
1317,3
1322,3
1329,3
1336,3
1337,3
1347,3
1348,3
1351,3
1356,3
1371,3
1376,3
1379,3
1405,3
1415,3
1417,3
1425,3
1430,3
1438,3
1440,3
1441,3
1442,3
1443,3
1447,3
1464,3
1467,3
1468,3
1473,3
1474,3
1476,3
1485,3
1489,3
1496,3
1498,3
1499,3
1500,3
1507,3
1516,3
1528,3
1539,3
1541,3
1542,3
1544,3
1546,3
1554,3
1557,3
1558,3
1559,3
1563,3
1573,3
1577,3
1580,3
1582,3
1588,3
1591,3
1598,3
1599,3
1604,3
1607,3
1610,3
1613,3
1620,3
1622,3
1623,3
1624,3
1625,3
1629,3
1639,3
1662,3
1665,3
1667,3
1668,3
1670,3
1675,3
1679,3
1689,3
1696,3
1697,3
1701,3
1705,3
1711,3
1717,3
1722,3
1724,3
1739,3
1743,3
1752,3
1754,3
1760,3
1761,3
1769,3
1777,3
1778,3
1782,3
1783,3
1786,3
1798,3
1800,3
1808,3
1811,3
1813,3
1815,3
1816,3
1817,3
1822,3
1840,3
1847,3
1848,3
1859,3
1872,3
1878,3
1880,3
1892,3
1895,3
1896,3
1901,3
1907,3
1909,3
1915,3
1922,3
1925,3
1927,3
1938,3
1942,3
1958,3
1959,3
1968,3
1970,3
1976,3
1979,3
2003,3
2004,3
2005,3
2006,3
2009,3
2021,3
2032,3
2034,3
2040,3
2047,3
2053,3
2061,3
2062,3
2063,3
2066,3
2072,3
2075,3
2084,3
2089,3
2107,3
2111,3
2112,3
2121,3
2122,3
2131,3
2132,3
2133,3
2134,3
2137,3
2138,3
2141,3
2142,3
2144,3
2145,3
2146,3
2150,3
2152,3
2157,3
2168,3
2171,3
2179,3
2182,3
2188,3
2191,3
2192,3
2195,3
2197,3
2199,3
2202,3
2209,3
2213,3
2214,3
2215,3
2228,3
2229,3
2236,3
2249,3
2258,3
2277,3
2278,3
2282,3
2285,3
2286,3
2291,3
2292,3
2296,3
2297,3
2301,3
2306,3
2315,3
2317,3
2334,3
2338,3
2339,3
2340,3
2351,3
2360,3
2364,3
2375,3
2376,3
2381,3
2384,3
2389,3
2392,3
2397,3
2399,3
2402,3
2404,3
2409,3
2411,3
2412,3
2415,3
2420,3
2431,3
2433,3
2436,3
2437,3
2439,3
2453,3
2455,3
2459,3
2473,3
2483,3
2484,3
2488,3
2489,3
2493,3
2496,3
2497,3
2510,3
2530,3
2532,3
2537,3
2542,3
2544,3
2545,3
2546,3
2551,3
2557,3
2559,3
2563,3
2568,3
2573,3
2578,3
2580,3
2582,3
2584,3
2590,3
2592,3
2594,3
2602,3
2612,3
2613,3
2614,3
2619,3
2625,3
2630,3
2631,3
2637,3
2650,3
2660,3
2668,3
2684,3
2685,3
2689,3
2697,3
2703,3
2715,3
2716,3
2727,3
2734,3
2747,3
2751,3
2753,3
2759,3
2764,3
2768,3
2771,3
2775,3
2776,3
2778,3
2785,3
2788,3
2789,3
2791,3
2792,3
2796,3
2800,3
2804,3
2807,3
2809,3
2810,3
2814,3
2822,3
2824,3
2825,3
2834,3
2835,3
2838,3
2852,3
2853,3
2857,3
2863,3
2866,3
2867,3
2877,3
2881,3
2882,3
2886,3
2889,3
2898,3
2917,3
2918,3
2923,3
2928,3
2932,3
2935,3
2941,3
2955,3
2962,3
2966,3
2969,3
2974,3
2982,3
2984,3
2986,3
2991,3
2992,3
2993,3
2996,3
3008,3
3009,3
3014,3
3017,3
3024,3
3028,3
3033,3
3035,3
3037,3
3042,3
3050,3
3052,3
3053,3
3057,3
3058,3
3065,3
3072,3
3075,3
3079,3
3089,3
3100,3
3106,3
3110,3
3112,3
3119,3
3120,3
3137,3
3139,3
3141,3
3143,3
3144,3
3145,3
3146,3
3151,3
3156,3
3157,3
3164,3
3167,3
3169,3
3170,3
3173,3
3174,3
3177,3
3178,3
3181,3
3188,3
3189,3
3190,3
3196,3
3201,3
3204,3
3213,3
3220,3
3222,3
3228,3
3232,3
3233,3
3244,3
3247,3
3250,3
3260,3
3263,3
3267,3
3268,3
3270,3
3271,3
3272,3
3274,3
3275,3
3276,3
3280,3
3285,3
3287,3
3288,3
3295,3
3309,3
3314,3
3317,3
3320,3
3321,3
3322,3
3325,3
3327,3
3331,3
3334,3
3339,3
3345,3
3355,3
3366,3
3368,3
3371,3
3382,3
3389,3
3390,3
3391,3
3393,3
3395,3
3411,3
3412,3
3418,3
3423,3
3424,3
3426,3
3435,3
3436,3
3441,3
3443,3
3449,3
3450,3
3458,3
3467,3
3468,3
3469,3
3470,3
3471,3
3472,3
3478,3
3482,3
3489,3
3491,3
3503,3
3509,3
3511,3
3523,3
3528,3
3529,3
3537,3
3538,3
3540,3
3555,3
3557,3
3560,3
3582,3
3583,3
3587,3
3597,3
3604,3
3620,3
3628,3
3631,3
3639,3
3647,3
3651,3
3655,3
3667,3
3673,3
3679,3
3685,3
3687,3
3689,3
3692,3
3694,3
3696,3
3704,3
3712,3
3718,3
3722,3
3724,3
3728,3
3732,3
3734,3
3735,3
3737,3
3741,3
3742,3
3743,3
3745,3
3746,3
3753,3
3757,3
3759,3
3760,3
3765,3
3767,3
3768,3
3773,3
3774,3
3778,3
3779,3
3790,3
3801,3
3807,3
3808,3
3809,3
3811,3
3814,3
3819,3
3822,3
3826,3
3833,3
3836,3
3846,3
3854,3
3856,3
3860,3
3868,3
3870,3
3874,3
3879,3
3896,3
3903,3
3908,3
3912,3
3917,3
3925,3
3926,3
3932,3
3933,3
3948,3
3951,3
3956,3
3958,3
3963,3
3964,3
3981,3
3982,3
3988,3
3994,3
4000,3
4001,3
4008,3
4011,3
4015,3
4021,3
4022,3
4024,3
4028,3
4030,3
4034,3
4036,3
4048,3
4053,3
4063,3
4070,3
4071,3
4072,3
4078,3
4082,3
4083,3
4088,3
4093,3
4101,3
4102,3
4104,3
4106,3
4110,3
4123,3
4125,3
4127,3
4131,3
4134,3
4137,3
4139,3
4141,3
4152,3
4157,3
4164,3
4165,3
4172,3
4174,3
4189,3
4194,3
4200,3
4206,3
4207,3
4210,3
4212,3
4217,3
4219,3
4220,3
4222,3
4223,3
4224,3
4225,3
4242,3
4244,3
4256,3
4260,3
4264,3
4265,3
4269,3
4274,3
4276,3
4280,3
4281,3
4293,3
4304,3
4307,3
4308,3
4309,3
4316,3
4318,3
4339,3
4346,3
4350,3
4355,3
4357,3
4370,3
4374,3
4376,3
4378,3
4379,3
4382,3
4383,3
4388,3
4390,3
4391,3
4395,3
4396,3
4397,3
4400,3
4402,3
4403,3
4404,3
4408,3
4415,3
4419,3
4428,3
4429,3
4438,3
4441,3
4444,3
4449,3
4459,3
4471,3
4473,3
4478,3
4479,3
4480,3
4486,3
4493,3
4496,3
4499,3
4521,3
4523,3
4527,3
4528,3
4531,3
4541,3
4542,3
4546,3
4549,3
4570,3
4574,3
4575,3
4581,3
4585,3
4590,3
4592,3
4594,3
4595,3
4603,3
4605,3
4629,3
4638,3
4640,3
4641,3
4642,3
4645,3
4650,3
4666,3
4667,3
4676,3
4681,3
4683,3
4698,3
4700,3
4709,3
4715,3
4717,3
4724,3
4725,3
4727,3
4729,3
4737,3
4738,3
4739,3
4743,3
4756,3
4776,3
4779,3
4783,3
4784,3
4802,3
4803,3
4812,3
4817,3
4820,3
4828,3
4837,3
4844,3
4848,3
4851,3
4855,3
4857,3
4860,3
4866,3
4869,3
4870,3
4882,3
4886,3
4888,3
4889,3
4896,3
4898,3
4901,3
4904,3
4908,3
4913,3
4920,3
4923,3
4924,3
4925,3
4947,3
4958,3
4964,3
4970,3
4971,3
4982,3
4984,3
4985,3
4988,3
4989,3
4990,3
4991,3
4993,3
4995,3
5006,3
5011,3
5022,3
5027,3
5028,3
5041,3
5043,3
5046,3
5048,3
5050,3
5054,3
5056,3
5063,3
5068,3
5074,3
5077,3
5079,3
5080,3
5089,3
5090,3
5091,3
5096,3
5105,3
5117,3
5121,3
5129,3
5130,3
5133,3
5138,3
5144,3
5147,3
5150,3
5153,3
5154,3
5155,3
5164,3
5179,3
5180,3
5182,3
5190,3
5217,3
5218,3
5219,3
5224,3
5225,3
5230,3
5232,3
5237,3
5241,3
5243,3
5245,3
5249,3
5251,3
5253,3
5254,3
5260,3
5263,3
5268,3
5274,3
5278,3
5289,3
5290,3
5291,3
5297,3
5303,3
5307,3
5329,3
5333,3
5346,3
5354,3
5357,3
5360,3
5371,3
5377,3
5379,3
5382,3
5384,3
5390,3
5402,3
5416,3
5418,3
5421,3
5424,3
5428,3
5431,3
5436,3
5440,3
5465,3
5469,3
5471,3
5472,3
5478,3
5480,3
5484,3
5490,3
5511,3
5513,3
5514,3
5516,3
5520,3
5541,3
5543,3
5545,3
5547,3
5550,3
5555,3
5567,3
5568,3
5582,3
5584,3
5592,3
5594,3
5599,3
5605,3
5608,3
5617,3
5622,3
5632,3
5634,3
5636,3
5638,3
5645,3
5649,3
5654,3
5657,3
5660,3
5670,3
5683,3
5684,3
5687,3
5694,3
5699,3
5701,3
5704,3
5709,3
5713,3
5716,3
5717,3
5722,3
5731,3
5735,3
5742,3
5748,3
5754,3
5762,3
5764,3
5765,3
5767,3
5778,3
5781,3
5785,3
5789,3
5792,3
5803,3
5807,3
5825,3
5834,3
5838,3
5846,3
5852,3
5854,3
5870,3
5874,3
5876,3
5885,3
5892,3
5896,3
5901,3
5906,3
5909,3
5915,3
5916,3
5918,3
5925,3
5926,3
5928,3
5932,3
5933,3
5934,3
5960,3
5963,3
5972,3
5975,3
5977,3
5979,3
5983,3
5985,3
5991,3
5994,3
5998,3
6009,3
6011,3
6013,3
6015,3
6020,3
6021,3
6024,3
6027,3
6041,3
6047,3
6048,3
6050,3
6068,3
6071,3
6075,3
6089,3
6100,3
6111,3
6117,3
6120,3
6121,3
6124,3
6126,3
6138,3
6142,3
6143,3
6150,3
6152,3
6158,3
6160,3
6163,3
6166,3
6186,3
6189,3
6196,3
6202,3
6206,3
6211,3
6221,3
6227,3
6229,3
6231,3
6236,3
6242,3
6244,3
6248,3
6250,3
6252,3
6253,3
6254,3
6255,3
6268,3
6270,3
6274,3
6282,3
6291,3
6295,3
6311,3
6313,3
6315,3
6326,3
6329,3
6330,3
6336,3
6345,3
6349,3
6367,3
6369,3
6385,3
6404,3
6405,3
6433,3
6440,3
6441,3
6449,3
6454,3
6489,3
6496,3
6503,3
6505,3
6518,3
6520,3
6522,3
6525,3
6529,3
6538,3
6550,3
6551,3
6555,3
6559,3
6560,3
6562,3
6569,3
6570,3
6573,3
6574,3
6576,3
6583,3
6584,3
6588,3
6590,3
6592,3
6601,3
6606,3
6607,3
6608,3
6614,3
6617,3
6620,3
6621,3
6622,3
6628,3
6630,3
6640,3
6649,3
6653,3
6660,3
6662,3
6669,3
6674,3
6682,3
6684,3
6688,3
6692,3
6695,3
6697,3
6700,3
6715,3
6716,3
6720,3
6721,3
6723,3
6725,3
6726,3
6729,3
6732,3
6734,3
6742,3
6753,3
6757,3
6759,3
6762,3
6763,3
6765,3
6771,3
6772,3
6774,3
6777,3
6778,3
6779,3
6787,3
6792,3
6793,3
6796,3
6799,3
6807,3
6808,3
6809,3
6810,3
6812,3
6817,3
6818,3
6821,3
6828,3
6837,3
6850,3
6856,3
6858,3
6859,3
6869,3
6871,3
6873,3
6876,3
6885,3
6886,3
6889,3
6891,3
6893,3
6898,3
6899,3
6904,3
6912,3
6931,3
6932,3
6945,3
6954,3
6958,3
6963,3
6965,3
6969,3
6970,3
6985,3
6989,3
6995,3
7000,3
7001,3
7004,3
7017,3
7028,3
7035,3
7045,3
7048,3
7050,3
7059,3
7069,3
7072,3
7073,3
7076,3
7077,3
7080,3
7085,3
7087,3
7088,3
7096,3
7106,3
7108,3
7117,3
7118,3
7119,3
7122,3
7123,3
7125,3
7130,3
7131,3
7132,3
7134,3
7146,3
7147,3
7149,3
7151,3
7154,3
7158,3
7164,3
7167,3
7168,3
7172,3
7173,3
7174,3
7176,3
7180,3
7183,3
7184,3
7185,3
7191,3
7193,3
7196,3
7203,3
7205,3
7209,3
7212,3
7214,3
7216,3
7219,3
7227,3
7228,3
7229,3
7233,3
7237,3
7243,3
7247,3
7253,3
7254,3
7260,3
7273,3
7274,3
7283,3
7294,3
7296,3
7309,3
7310,3
7311,3
7314,3
7325,3
7328,3
7333,3
7338,3
7340,3
7342,3
7350,3
7362,3
7363,3
7364,3
7382,3
7389,3
7395,3
7400,3
7403,3
7410,3
7419,3
7420,3
7424,3
7426,3
7433,3
7436,3
7445,3
7449,3
7450,3
7463,3
7472,3
7478,3
7481,3
7484,3
7504,3
7521,3
7534,3
7546,3
7548,3
7561,3
7564,3
7567,3
7573,3
7584,3
7594,3
7596,3
7602,3
7605,3
7606,3
7610,3
7615,3
7616,3
7628,3
7632,3
7640,3
7647,3
7650,3
7663,3
7666,3
7668,3
7680,3
7685,3
7702,3
7710,3
7712,3
7721,3
7722,3
7727,3
7729,3
7730,3
7734,3
7736,3
7737,3
7739,3
7755,3
7756,3
7757,3
7763,3
7770,3
7771,3
7774,3
7781,3
7786,3
7787,3
7795,3
7800,3
7801,3
7810,3
7817,3
7818,3
7821,3
7823,3
7828,3
7830,3
7837,3
7843,3
7845,3
7846,3
7852,3
7853,3
7858,3
7863,3
7864,3
7866,3
7871,3
7873,3
7874,3
7876,3
7880,3
7883,3
7891,3
7892,3
7894,3
7914,3
7916,3
7921,3
7922,3
7945,3
7961,3
7965,3
7966,3
7971,3
7978,3
7980,3
7984,3
7985,3
7986,3
7994,3
7998,3
8005,3
8009,3
8014,3
8021,3
8025,3
8027,3
8033,3
8036,3
8049,3
8060,3
8062,3
8063,3
8067,3
8081,3
8083,3
8086,3
8098,3
8105,3
8107,3
8110,3
8111,3
8116,3
8118,3
8122,3
8123,3
8127,3
8134,3
8139,3
8146,3
8149,3
8166,3
8174,3
8187,3
8189,3
8190,3
8191,3
8193,3
8202,3
8205,3
8206,3
8211,3
8220,3
8222,3
8237,3
8239,3
8241,3
8249,3
8250,3
8253,3
8268,3
8274,3
8276,3
8283,3
8286,3
8304,3
8307,3
8313,3
8314,3
8323,3
8331,3
8332,3
8334,3
8340,3
8354,3
8356,3
8361,3
8362,3
8364,3
8375,3
8376,3
8378,3
8379,3
8380,3
8381,3
8384,3
8386,3
8393,3
8395,3
8401,3
8405,3
8413,3
8414,3
8418,3
8419,3
8421,3
8424,3
8428,3
8430,3
8436,3
8441,3
8453,3
8454,3
8461,3
8469,3
8472,3
8477,3
8481,3
8490,3
8493,3
8494,3
8497,3
8501,3
8502,3
8507,3
8509,3
8512,3
8517,3
8518,3
8519,3
8522,3
8527,3
8535,3
8542,3
8545,3
8550,3
8556,3
8557,3
8571,3
8574,3
8578,3
8587,3
8588,3
8589,3
8601,3
8612,3
8615,3
8616,3
8621,3
8622,3
8624,3
8626,3
8627,3
8635,3
8638,3
8639,3
8640,3
8648,3
8656,3
8658,3
8663,3
8665,3
8671,3
8689,3
8693,3
8701,3
8709,3
8715,3
8721,3
8725,3
8729,3
8754,3
8761,3
8764,3
8766,3
8769,3
8781,3
8782,3
8786,3
8788,3
8790,3
8792,3
8805,3
8814,3
8817,3
8831,3
8832,3
8851,3
8863,3
8877,3
8880,3
8881,3
8882,3
8885,3
8887,3
8888,3
8896,3
8897,3
8904,3
8906,3
8909,3
8911,3
8920,3
8922,3
8923,3
8924,3
8927,3
8937,3
8938,3
8942,3
8959,3
8960,3
8965,3
8972,3
8977,3
8979,3
8988,3
8991,3
8994,3
8999,3
9001,3
9003,3
9012,3
9024,3
9028,3
9035,3
9037,3
9038,3
9040,3
9041,3
9049,3
9052,3
9053,3
9054,3
9059,3
9061,3
9064,3
9075,3
9094,3
9110,3
9112,3
9113,3
9114,3
9115,3
9119,3
9120,3
9130,3
9132,3
9134,3
9139,3
9147,3
9148,3
9151,3
9152,3
9158,3
9164,3
9173,3
9176,3
9178,3
9179,3
9187,3
9189,3
9191,3
9192,3
9194,3
9196,3
9198,3
9200,3
9205,3
9219,3
9256,3
9260,3
9261,3
9277,3
9289,3
9290,3
9309,3
9310,3
9321,3
9325,3
9328,3
9331,3
9333,3
9335,3
9337,3
9339,3
9340,3
9341,3
9345,3
9348,3
9350,3
9360,3
9361,3
9364,3
9367,3
9371,3
9374,3
9375,3
9376,3
9381,3
9383,3
9386,3
9390,3
9393,3
9396,3
9400,3
9403,3
9409,3
9414,3
9417,3
9418,3
9426,3
9427,3
9438,3
9443,3
9445,3
9450,3
9452,3
9459,3
9462,3
9475,3
9476,3
9491,3
9492,3
9497,3
9501,3
9506,3
9508,3
9511,3
9517,3
9520,3
9522,3
9528,3
9535,3
9539,3
9543,3
9546,3
9559,3
9570,3
9580,3
9589,3
9592,3
9597,3
9599,3
9602,3
9607,3
9614,3
9619,3
9622,3
9629,3
9641,3
9644,3
9649,3
9653,3
9661,3
9665,3
9667,3
9671,3
9672,3
9685,3
9688,3
9692,3
9700,3
9702,3
9703,3
9717,3
9728,3
9739,3
9740,3
9748,3
9751,3
9756,3
9762,3
9763,3
9768,3
9770,3
9771,3
9773,3
9781,3
9785,3
9790,3
9795,3
9798,3
9800,3
9806,3
9808,3
9811,3
9817,3
9842,3
9845,3
9855,3
9861,3
9865,3
9871,3
9878,3
9880,3
9893,3
9895,3
9897,3
9900,3
9904,3
9911,3
9913,3
9915,3
9916,3
9921,3
9922,3
9924,3
9925,3
9929,3
9932,3
9933,3
9935,3
9937,3
9944,3
9949,3
9953,3
9954,3
9965,3
9967,3
9977,3
9981,3
9986,3
9989,3
9992,3
9994,3
9998,3
10001,3
10012,3
10020,3
10021,3
10022,3
10024,3
10028,3
10038,3
10051,3
10052,3
10056,3
10058,3
10062,3
10064,3
10068,3
10071,3
10081,3
10083,3
10089,3
10091,3
10092,3
10103,3
10104,3
10114,3
10129,3
10130,3
10133,3
10134,3
10139,3
10140,3
10144,3
10146,3
10148,3
10149,3
10150,3
10151,3
10154,3
10157,3
10166,3
10171,3
10175,3
10177,3
10184,3
10188,3
10190,3
10195,3
10200,3
10207,3
10212,3
10218,3
10222,3
10224,3
10232,3
10233,3
10238,3
10241,3
10242,3
10246,3
10247,3
10258,3
10263,3
10278,3
10283,3
10288,3
10295,3
10297,3
10307,3
10308,3
10311,3
10316,3
10320,3
10321,3
10325,3
10326,3
10327,3
10329,3
10330,3
10334,3
10339,3
10358,3
10360,3
10363,3
10365,3
10367,3
10370,3
10374,3
10387,3
10421,3
10424,3
10445,3
10458,3
10459,3
10462,3
10464,3
10474,3
10475,3
10476,3
10488,3
10497,3
10502,3
10509,3
10513,3
10516,3
10523,3
10525,3
10526,3
10533,3
10534,3
10536,3
10548,3
10549,3
10551,3
10559,3
10564,3
10566,3
10574,3
10579,3
10583,3
10585,3
10599,3
10604,3
10607,3
10617,3
10621,3
10624,3
10625,3
10633,3
10638,3
10648,3
10651,3
10655,3
10656,3
10661,3
10662,3
10664,3
10681,3
10690,3
10702,3
10705,3
10707,3
10712,3
10720,3
10722,3
10736,3
10738,3
10752,3
10755,3
10761,3
10771,3
10773,3
10776,3
10777,3
10781,3
10786,3
10787,3
10798,3
10799,3
10802,3
10812,3
10815,3
10820,3
10825,3
10828,3
10831,3
10839,3
10845,3
10851,3
10858,3
10866,3
10867,3
10872,3
10874,3
10875,3
10876,3
10881,3
10885,3
10889,3
10898,3
10900,3
10901,3
10903,3
10910,3
10918,3
10926,3
10947,3
10949,3
10952,3
10955,3
10959,3
10962,3
10965,3
10966,3
10983,3
10984,3
10986,3
10993,3
10999,3
11005,3
11008,3
11009,3
11011,3
11013,3
11014,3
11015,3
11020,3
11031,3
11037,3
11043,3
11045,3
11048,3
11051,3
11060,3
11062,3
11071,3
11074,3
11079,3
11080,3
11083,3
11091,3
11095,3
11100,3
11105,3
11108,3
11119,3
11121,3
11128,3
11129,3
11132,3
11134,3
11136,3
11137,3
11139,3
11143,3
11145,3
11151,3
11152,3
11156,3
11158,3
11171,3
11173,3
11174,3
11175,3
11183,3
11184,3
11185,3
11189,3
11191,3
11193,3
11194,3
11198,3
11201,3
11206,3
11207,3
11211,3
11212,3
11213,3
11229,3
11237,3
11238,3
11239,3
11243,3
11247,3
11255,3
11260,3
11270,3
11271,3
11279,3
11283,3
11293,3
11295,3
11297,3
11298,3
11309,3
11315,3
11318,3
11319,3
11323,3
11330,3
11332,3
11337,3
11340,3
11343,3
11344,3
11349,3
11354,3
11355,3
11356,3
11360,3
11364,3
11370,3
11377,3
11384,3
11385,3
11388,3
11390,3
11397,3
11398,3
11410,3
11413,3
11425,3
11428,3
11433,3
11437,3
11440,3
11443,3
11445,3
11448,3
11457,3
11468,3
11469,3
11472,3
11474,3
11475,3
11484,3
11485,3
11486,3
11495,3
11498,3
11515,3
11516,3
11517,3
11526,3
11527,3
11530,3
11532,3
11535,3
11544,3
11546,3
11551,3
11560,3
11563,3
11572,3
11575,3
11576,3
11579,3
11583,3
11584,3
11585,3
11588,3
11590,3
11591,3
11592,3
11594,3
11596,3
11603,3
11608,3
11615,3
11617,3
11621,3
11622,3
11639,3
11640,3
11641,3
11644,3
11655,3
11662,3
11664,3
11673,3
11675,3
11685,3
11694,3
11698,3
11701,3
11705,3
11715,3
11719,3
11723,3
11729,3
11732,3
11746,3
11751,3
11752,3
11755,3
11758,3
11759,3
11760,3
11761,3
11765,3
11766,3
11768,3
11772,3
11776,3
11777,3
11778,3
11788,3
11789,3
11790,3
11791,3
11810,3
11811,3
11818,3
11820,3
11827,3
11828,3
11843,3
11849,3
11850,3
11851,3
11853,3
11863,3
11866,3
11870,3
11879,3
11885,3
11887,3
11889,3
11890,3
11898,3
11900,3
11902,3
11905,3
11911,3
11916,3
11917,3
11927,3
11928,3
11929,3
11932,3
11936,3
11938,3
11941,3
11946,3
11949,3
11950,3
11955,3
11960,3
11961,3
11964,3
11970,3
11971,3
11977,3
11980,3
11981,3
11982,3
11984,3
11986,3
11987,3
11990,3
11991,3
11993,3
12005,3
12019,3
12020,3
12026,3
12030,3
12036,3
12039,3
12046,3
12051,3
12064,3
12066,3
12074,3
12080,3
12089,3
12100,3
12103,3
12105,3
12106,3
12110,3
12125,3
12132,3
12134,3
12137,3
12141,3
12144,3
12146,3
12164,3
12165,3
12167,3
12169,3
12181,3
12186,3
12192,3
12194,3
12205,3
12206,3
12209,3
12216,3
12222,3
12234,3
12236,3
12243,3
12255,3
12256,3
12257,3
12258,3
12260,3
12261,3
12263,3
12264,3
12273,3
12279,3
12297,3
12307,3
12309,3
12312,3
12322,3
12329,3
12332,3
12336,3
12351,3
12363,3
12367,3
12368,3
12374,3
12377,3
12396,3
12397,3
12401,3
12402,3
12409,3
12410,3
12413,3
12425,3
12426,3
12429,3
12432,3
12435,3
12442,3
12445,3
12449,3
12453,3
12456,3
12464,3
12472,3
12481,3
12488,3
12489,3
12496,3
12500,3
12502,3
12503,3
12509,3
12512,3
12513,3
12515,3
12518,3
12520,3
12522,3
12529,3
12532,3
12533,3
12535,3
12538,3
12542,3
12546,3
12557,3
12560,3
12567,3
12574,3
12577,3
12578,3
12583,3
12586,3
12615,3
12637,3
12649,3
12650,3
12656,3
12663,3
12664,3
12673,3
12674,3
12678,3
12679,3
12680,3
12682,3
12685,3
12696,3
12699,3
12701,3
12702,3
12703,3
12707,3
12713,3
12715,3
12722,3
12726,3
12751,3
12752,3
12754,3
12758,3
12767,3
12770,3
12771,3
12776,3
12780,3
12784,3
12787,3
12788,3
12791,3
12792,3
12800,3
12806,3
12807,3
12809,3
12819,3
12828,3
12830,3
12831,3
12835,3
12837,3
12846,3
12856,3
12863,3
12864,3
12869,3
12873,3
12878,3
12890,3
12894,3
12895,3
12910,3
12911,3
12915,3
12917,3
12928,3
12933,3
12936,3
12937,3
12949,3
12961,3
12975,3
12979,3
12984,3
12989,3
12991,3
12994,3
12997,3
13002,3
13003,3
13005,3
13018,3
13027,3
13033,3
13034,3
13035,3
13036,3
13041,3
13044,3
13050,3
13062,3
13072,3
13078,3
13079,3
13092,3
13093,3
13103,3
13108,3
13120,3
13126,3
13131,3
13137,3
13140,3
13142,3
13143,3
13162,3
13172,3
13179,3
13185,3
13189,3
13190,3
13193,3
13195,3
13196,3
13198,3
13199,3
13205,3
13212,3
13219,3
13221,3
13224,3
13226,3
13231,3
13232,3
13234,3
13237,3
13241,3
13243,3
13251,3
13258,3
13259,3
13263,3
13266,3
13271,3
13282,3
13288,3
13289,3
13312,3
13320,3
13330,3
13345,3
13346,3
13358,3
13360,3
13361,3
13370,3
13371,3
13379,3
13382,3
13384,3
13387,3
13399,3
13400,3
13411,3
13413,3
13416,3
13423,3
13426,3
13428,3
13430,3
13431,3
13438,3
13443,3
13446,3
13450,3
13454,3
13458,3
13459,3
13466,3
13468,3
13470,3
13474,3
13483,3
13494,3
13505,3
13512,3
13515,3
13516,3
13519,3
13521,3
13522,3
13531,3
13537,3
13539,3
13542,3
13552,3
13562,3
13565,3
13570,3
13571,3
13580,3
13581,3
13594,3
13595,3
13597,3
13605,3
13614,3
13615,3
13620,3
13621,3
13626,3
13629,3
13637,3
13639,3
13650,3
13656,3
13657,3
13658,3
13659,3
13666,3
13672,3
13674,3
13677,3
13679,3
13685,3
13688,3
13694,3
13700,3
13709,3
13710,3
13711,3
13717,3
13721,3
13737,3
13740,3
13743,3
13748,3
13749,3
13760,3
13762,3
13767,3
13768,3
13770,3
13788,3
13798,3
13806,3
13810,3
13811,3
13821,3
13834,3
13842,3
13847,3
13848,3
13855,3
13856,3
13860,3
13879,3
13882,3
13884,3
13888,3
13891,3
13893,3
13895,3
13896,3
13908,3
13913,3
13922,3
13928,3
13931,3
13934,3
13936,3
13940,3
13952,3
13968,3
13972,3
13974,3
13976,3
13979,3
13983,3
13984,3
13988,3
13989,3
13993,3
14021,3
14040,3
14048,3
14050,3
14060,3
14069,3
14079,3
14088,3
14096,3
14106,3
14112,3
14114,3
14117,3
14125,3
14131,3
14134,3
14141,3
14148,3
14156,3
14157,3
14170,3
14175,3
14179,3
14183,3
14192,3
14193,3
14198,3
14201,3
14221,3
14226,3
14227,3
14229,3
14230,3
14232,3
14237,3
14239,3
14245,3
14251,3
14253,3
14262,3
14266,3
14268,3
14273,3
14275,3
14283,3
14284,3
14286,3
14296,3
14312,3
14315,3
14321,3
14330,3
14333,3
14342,3
14343,3
14346,3
14347,3
14350,3
14356,3
14363,3
14365,3
14367,3
14368,3
14369,3
14388,3
14394,3
14396,3
14400,3
14413,3
14415,3
14421,3
14424,3
14427,3
14428,3
14433,3
14434,3
14435,3
14443,3
14448,3
14457,3
14460,3
14474,3
14480,3
14491,3
14498,3
14508,3
14509,3
14510,3
14517,3
14518,3
14525,3
14532,3
14534,3
14536,3
14540,3
14542,3
14547,3
14548,3
14549,3
14551,3
14553,3
14558,3
14560,3
14565,3
14571,3
14572,3
14574,3
14575,3
14589,3
14592,3
14597,3
14599,3
14600,3
14601,3
14612,3
14617,3
14623,3
14626,3
14628,3
14629,3
14631,3
14633,3
14635,3
14643,3
14644,3
14648,3
14652,3
14655,3
14659,3
14661,3
14670,3
14678,3
14687,3
14698,3
14706,3
14712,3
14713,3
14721,3
14736,3
14748,3
14749,3
14756,3
14763,3
14770,3
14784,3
14786,3
14793,3
14794,3
14795,3
14806,3
14808,3
14814,3
14817,3
14819,3
14830,3
14837,3
14850,3
14854,3
14866,3
14869,3
14872,3
14877,3
14880,3
14891,3
14897,3
14898,3
14903,3
14907,3
14908,3
14915,3
14921,3
14922,3
14932,3
14933,3
14938,3
14940,3
14941,3
14950,3
14952,3
14954,3
14958,3
14961,3
14962,3
14973,3
14978,3
14983,3
14986,3
14991,3
15001,3
15003,3
15007,3
15009,3
15032,3
15033,3
15035,3
15048,3
15058,3
15059,3
15065,3
15069,3
15072,3
15084,3
15087,3
15089,3
15103,3
15109,3
15110,3
15112,3
15117,3
15120,3
15122,3
15139,3
15146,3
15148,3
15159,3
15160,3
15161,3
15163,3
15165,3
15170,3
15173,3
15176,3
15182,3
15185,3
15188,3
15189,3
15190,3
15192,3
15197,3
15200,3
15202,3
15203,3
15204,3
15209,3
15212,3
15220,3
15224,3
15231,3
15233,3
15235,3
15236,3
15247,3
15259,3
15261,3
15262,3
15266,3
15270,3
15273,3
15278,3
15282,3
15283,3
15288,3
15294,3
15301,3
15302,3
15308,3
15309,3
15311,3
15313,3
15314,3
15315,3
15325,3
15327,3
15336,3
15341,3
15346,3
15347,3
15349,3
15351,3
15355,3
15359,3
15361,3
15370,3
15379,3
15391,3
15397,3
15399,3
15401,3
15406,3
15410,3
15420,3
15430,3
15431,3
15434,3
15437,3
15441,3
15442,3
15454,3
15458,3
15466,3
15469,3
15470,3
15472,3
15485,3
15487,3
15488,3
15496,3
15500,3
15501,3
15505,3
15516,3
15521,3
15531,3
15537,3
15540,3
15552,3
15553,3
15557,3
15561,3
15566,3
15569,3
15580,3
15589,3
15596,3
15601,3
15612,3
15613,3
15616,3
15619,3
15631,3
15632,3
15639,3
15640,3
15642,3
15648,3
15655,3
15656,3
15659,3
15661,3
15662,3
15663,3
15666,3
15671,3
15678,3
15679,3
15691,3
15695,3
15705,3
15710,3
15711,3
15722,3
15727,3
15730,3
15731,3
15761,3
15764,3
15768,3
15769,3
15771,3
15774,3
15780,3
15786,3
15787,3
15795,3
15800,3
15808,3
15816,3
15823,3
15824,3
15840,3
15845,3
15849,3
15853,3
15859,3
15868,3
15875,3
15877,3
15882,3
15884,3
15887,3
15891,3
15897,3
15902,3
15921,3
15923,3
15926,3
15928,3
15932,3
15939,3
15940,3
15944,3
15946,3
15947,3
15959,3
15960,3
15962,3
15963,3
15967,3
15975,3
15984,3
15996,3
16000,3
16007,3
16012,3
16015,3
16023,3
16024,3
16027,3
16030,3
16032,3
16035,3
16046,3
16047,3
16058,3
16062,3
16067,3
16078,3
16080,3
16082,3
16091,3
16093,3
16099,3
16117,3
16118,3
16120,3
16125,3
16127,3
16130,3
16133,3
16136,3
16143,3
16145,3
16148,3
16151,3
16152,3
16158,3
16160,3
16161,3
16172,3
16176,3
16179,3
16182,3
16185,3
16188,3
16198,3
16208,3
16211,3
16214,3
16229,3
16231,3
16233,3
16245,3
16255,3
16256,3
16257,3
16263,3
16268,3
16270,3
16272,3
16274,3
16275,3
16280,3
16284,3
16292,3
16293,3
16294,3
16296,3
16299,3
16312,3
16314,3
16325,3
16336,3
16338,3
16365,3
16366,3
16369,3
16370,3
16371,3
16375,3
16381,3
16385,3
16390,3
16393,3
16422,3
16425,3
16426,3
16435,3
16450,3
16460,3
16463,3
16467,3
16472,3
16474,3
16475,3
16488,3
16492,3
16494,3
16502,3
16510,3
16511,3
16522,3
16527,3
16534,3
16551,3
16552,3
16553,3
16555,3
16557,3
16560,3
16567,3
16569,3
16571,3
16573,3
16580,3
16581,3
16587,3
16589,3
16594,3
16595,3
16596,3
16602,3
16603,3
16606,3
16614,3
16617,3
16625,3
16626,3
16635,3
16637,3
16652,3
16660,3
16661,3
16666,3
16667,3
16674,3
16675,3
16679,3
16686,3
16688,3
16690,3
16701,3
16704,3
16706,3
16708,3
16712,3
16725,3
16728,3
16744,3
16751,3
16752,3
16753,3
16761,3
16770,3
16779,3
16782,3
16801,3
16812,3
16819,3
16824,3
16826,3
16832,3
16845,3
16848,3
16861,3
16866,3
16867,3
16868,3
16871,3
16878,3
16885,3
16896,3
16902,3
16917,3
16925,3
16930,3
16932,3
16935,3
16939,3
16940,3
16954,3
16956,3
16973,3
16974,3
16983,3
16988,3
16991,3
16995,3
17001,3
17013,3
17020,3
17021,3
17023,3
17026,3
17034,3
17044,3
17047,3
17054,3
17066,3
17068,3
17073,3
17077,3
17082,3
17087,3
17097,3
17102,3
17103,3
17105,3
17106,3
17111,3
17117,3
17118,3
17128,3
17153,3
17160,3
17163,3
17168,3
17169,3
17182,3
17183,3
17185,3
17186,3
17191,3
17198,3
17206,3
17207,3
17208,3
17212,3
17217,3
17225,3
17228,3
17232,3
17233,3
17253,3
17264,3
17271,3
17275,3
17277,3
17279,3
17283,3
17292,3
17295,3
17298,3
17301,3
17305,3
17307,3
17310,3
17313,3
17314,3
17317,3
17323,3
17332,3
17339,3
17345,3
17364,3
17366,3
17369,3
17370,3
17373,3
17374,3
17376,3
17378,3
17380,3
17394,3
17400,3
17405,3
17411,3
17419,3
17422,3
17427,3
17428,3
17442,3
17457,3
17460,3
17462,3
17471,3
17479,3
17482,3
17483,3
17494,3
17502,3
17503,3
17507,3
17509,3
17514,3
17516,3
17521,3
17537,3
17540,3
17542,3
17546,3
17554,3
17557,3
17559,3
17564,3
17585,3
17586,3
17587,3
17588,3
17590,3
17593,3
17596,3
17601,3
17604,3
17605,3
17608,3
17613,3
17618,3
17625,3
17628,3
17632,3
17635,3
17636,3
17637,3
17652,3
17655,3
17656,3
17666,3
17671,3
17673,3
17679,3
17684,3
17686,3
17689,3
17692,3
17703,3
17706,3
17708,3
17715,3
17716,3
17720,3
17725,3
17726,3
17741,3
17744,3
17753,3
17755,3
17756,3
17758,3
17764,3
17771,3
17780,3
17783,3
17789,3
17795,3
17800,3
17803,3
17805,3
17808,3
17811,3
17833,3
17842,3
17852,3
17855,3
17858,3
17863,3
17867,3
17872,3
17877,3
17879,3
17882,3
17888,3
17889,3
17892,3
17894,3
17908,3
17909,3
17910,3
17923,3
17931,3
17934,3
17936,3
17946,3
17947,3
17950,3
17955,3
17956,3
17961,3
17963,3
17974,3
17981,3
17990,3
17994,3
18000,3
18001,3
18003,3
18009,3
18011,3
18021,3
18038,3
18047,3
18049,3
18065,3
18067,3
18070,3
18074,3
18080,3
18090,3
18095,3
18097,3
18098,3
18118,3
18119,3
18120,3
18128,3
18131,3
18140,3
18143,3
18145,3
18162,3
18165,3
18167,3
18173,3
18188,3
18191,3
18197,3
18203,3
18208,3
18219,3
18223,3
18224,3
18229,3
18233,3
18234,3
18246,3
18250,3
18252,3
18253,3
18257,3
18259,3
18261,3
18271,3
18274,3
18283,3
18302,3
18312,3
18319,3
18320,3
18324,3
18332,3
18333,3
18343,3
18346,3
18347,3
18348,3
18349,3
18350,3
18356,3
18374,3
18376,3
18388,3
18394,3
18401,3
18410,3
18411,3
18415,3
18416,3
18424,3
18428,3
18430,3
18434,3
18437,3
18446,3
18449,3
18456,3
18460,3
18462,3
18463,3
18470,3
18474,3
18478,3
18480,3
18488,3
18489,3
18490,3
18496,3
18503,3
18512,3
18515,3
18518,3
18526,3
18534,3
18549,3
18555,3
18558,3
18559,3
18572,3
18579,3
18582,3
18584,3
18590,3
18594,3
18598,3
18601,3
18605,3
18611,3
18616,3
18617,3
18627,3
18631,3
18647,3
18652,3
18654,3
18658,3
18662,3
18666,3
18672,3
18678,3
18680,3
18682,3
18685,3
18686,3
18695,3
18700,3
18713,3
18718,3
18722,3
18727,3
18731,3
18733,3
18739,3
18748,3
18750,3
18756,3
18760,3
18762,3
18764,3
18766,3
18772,3
18777,3
18780,3
18782,3
18785,3
18788,3
18789,3
18790,3
18794,3
18800,3
18805,3
18808,3
18810,3
18818,3
18820,3
18821,3
18830,3
18838,3
18846,3
18848,3
18851,3
18856,3
18859,3
18862,3
18868,3
18871,3
18884,3
18885,3
18893,3
18898,3
18903,3
18904,3
18906,3
18914,3
18915,3
18919,3
18921,3
18922,3
18926,3
18927,3
18931,3
18933,3
18940,3
18942,3
18946,3
18948,3
18950,3
18955,3
18962,3
18976,3
18977,3
18998,3
19000,3
19012,3
19015,3
19016,3
19017,3
19026,3
19030,3
19032,3
19036,3
19048,3
19049,3
19053,3
19057,3
19062,3
19072,3
19074,3
19077,3
19088,3
19096,3
19097,3
19100,3
19108,3
19109,3
19113,3
19114,3
19116,3
19117,3
19118,3
19126,3
19129,3
19132,3
19133,3
19137,3
19141,3
19148,3
19153,3
19167,3
19168,3
19183,3
19184,3
19193,3
19196,3
19200,3
19210,3
19219,3
19220,3
19224,3
19225,3
19226,3
19234,3
19235,3
19236,3
19239,3
19240,3
19241,3
19248,3
19259,3
19267,3
19274,3
19280,3
19288,3
5,4
6,4
14,4
21,4
22,4
27,4
31,4
37,4
39,4
40,4
47,4
48,4
49,4
59,4
60,4
63,4
69,4
73,4
77,4
78,4
79,4
81,4
82,4
89,4
93,4
98,4
107,4
126,4
132,4
145,4
146,4
160,4
164,4
168,4
169,4
171,4
174,4
178,4
182,4
184,4
185,4
192,4
194,4
199,4
203,4
211,4
222,4
224,4
237,4
240,4
244,4
245,4
248,4
252,4
277,4
278,4
285,4
286,4
289,4
294,4
297,4
326,4
327,4
336,4
339,4
344,4
348,4
352,4
354,4
355,4
358,4
363,4
367,4
370,4
376,4
377,4
379,4
386,4
388,4
390,4
398,4
399,4
400,4
405,4
407,4
414,4
418,4
420,4
423,4
442,4
445,4
448,4
453,4
459,4
464,4
466,4
472,4
492,4
498,4
500,4
503,4
506,4
512,4
514,4
515,4
519,4
525,4
537,4
547,4
548,4
554,4
555,4
563,4
579,4
589,4
592,4
595,4
603,4
611,4
615,4
617,4
618,4
619,4
623,4
632,4
636,4
637,4
638,4
644,4
646,4
651,4
660,4
667,4
673,4
678,4
681,4
690,4
691,4
694,4
695,4
701,4
702,4
703,4
719,4
720,4
723,4
730,4
739,4
745,4
749,4
753,4
756,4
768,4
773,4
776,4
780,4
783,4
785,4
791,4
792,4
795,4
796,4
810,4
815,4
816,4
819,4
823,4
826,4
834,4
838,4
841,4
842,4
844,4
850,4
851,4
853,4
860,4
871,4
880,4
882,4
885,4
891,4
899,4
901,4
903,4
905,4
907,4
915,4
921,4
925,4
927,4
929,4
937,4
945,4
946,4
952,4
956,4
958,4
959,4
963,4
968,4
973,4
976,4
978,4
981,4
985,4
987,4
996,4
997,4
999,4
1008,4
1010,4
1012,4
1017,4
1025,4
1029,4
1030,4
1033,4
1034,4
1036,4
1044,4
1048,4
1055,4
1069,4
1074,4
1097,4
1110,4
1111,4
1114,4
1116,4
1118,4
1119,4
1125,4
1128,4
1134,4
1142,4
1149,4
1153,4
1157,4
1165,4
1168,4
1174,4
1184,4
1189,4
1191,4
1195,4
1197,4
1206,4
1207,4
1218,4
1220,4
1222,4
1233,4
1236,4
1239,4
1253,4
1254,4
1260,4
1267,4
1273,4
1277,4
1286,4
1287,4
1298,4
1304,4
1321,4
1332,4
1340,4
1341,4
1342,4
1352,4
1353,4
1358,4
1385,4
1387,4
1391,4
1392,4
1395,4
1396,4
1399,4
1403,4
1407,4
1411,4
1412,4
1424,4
1436,4
1437,4
1444,4
1450,4
1459,4
1466,4
1471,4
1487,4
1488,4
1503,4
1514,4
1526,4
1530,4
1531,4
1533,4
1534,4
1543,4
1547,4
1553,4
1562,4
1565,4
1571,4
1575,4
1579,4
1581,4
1583,4
1584,4
1586,4
1594,4
1595,4
1601,4
1605,4
1614,4
1621,4
1628,4
1631,4
1633,4
1640,4
1644,4
1657,4
1658,4
1672,4
1673,4
1683,4
1684,4
1687,4
1690,4
1691,4
1694,4
1695,4
1700,4
1703,4
1706,4
1718,4
1730,4
1733,4
1737,4
1741,4
1744,4
1747,4
1750,4
1757,4
1764,4
1765,4
1771,4
1773,4
1793,4
1794,4
1795,4
1797,4
1803,4
1806,4
1819,4
1825,4
1826,4
1827,4
1831,4
1832,4
1837,4
1842,4
1843,4
1844,4
1846,4
1860,4
1865,4
1884,4
1886,4
1887,4
1889,4
1894,4
1897,4
1900,4
1906,4
1911,4
1914,4
1917,4
1919,4
1924,4
1926,4
1943,4
1949,4
1955,4
1962,4
1963,4
1966,4
1967,4
1973,4
1980,4
1981,4
1997,4
2000,4
2001,4
2007,4
2012,4
2013,4
2019,4
2022,4
2023,4
2031,4
2033,4
2037,4
2038,4
2039,4
2044,4
2051,4
2052,4
2059,4
2079,4
2081,4
2091,4
2093,4
2098,4
2100,4
2115,4
2120,4
2130,4
2135,4
2136,4
2139,4
2143,4
2151,4
2161,4
2163,4
2167,4
2172,4
2175,4
2189,4
2206,4
2207,4
2210,4
2223,4
2225,4
2227,4
2238,4
2239,4
2244,4
2246,4
2261,4
2263,4
2270,4
2271,4
2272,4
2279,4
2281,4
2283,4
2290,4
2304,4
2318,4
2329,4
2330,4
2343,4
2344,4
2353,4
2355,4
2361,4
2367,4
2369,4
2372,4
2374,4
2382,4
2388,4
2396,4
2401,4
2403,4
2408,4
2413,4
2417,4
2424,4
2442,4
2468,4
2470,4
2474,4
2475,4
2485,4
2486,4
2492,4
2498,4
2501,4
2511,4
2513,4
2514,4
2521,4
2522,4
2524,4
2528,4
2529,4
2534,4
2540,4
2541,4
2548,4
2552,4
2555,4
2556,4
2566,4
2570,4
2585,4
2588,4
2593,4
2599,4
2600,4
2606,4
2607,4
2611,4
2624,4
2628,4
2629,4
2633,4
2634,4
2635,4
2641,4
2646,4
2648,4
2655,4
2663,4
2674,4
2680,4
2704,4
2710,4
2728,4
2733,4
2735,4
2736,4
2739,4
2741,4
2744,4
2745,4
2757,4
2758,4
2760,4
2762,4
2765,4
2766,4
2767,4
2780,4
2784,4
2794,4
2803,4
2815,4
2816,4
2819,4
2820,4
2837,4
2845,4
2850,4
2854,4
2862,4
2864,4
2868,4
2871,4
2872,4
2875,4
2878,4
2880,4
2884,4
2896,4
2901,4
2903,4
2906,4
2910,4
2916,4
2922,4
2924,4
2931,4
2942,4
2944,4
2947,4
2949,4
2953,4
2958,4
2959,4
2961,4
2964,4
2967,4
2970,4
2973,4
2975,4
2990,4
2997,4
3000,4
3002,4
3005,4
3006,4
3013,4
3019,4
3023,4
3034,4
3045,4
3048,4
3049,4
3051,4
3055,4
3064,4
3069,4
3076,4
3077,4
3080,4
3088,4
3091,4
3098,4
3101,4
3104,4
3105,4
3109,4
3117,4
3122,4
3123,4
3125,4
3129,4
3130,4
3133,4
3140,4
3150,4
3154,4
3162,4
3163,4
3175,4
3184,4
3185,4
3191,4
3192,4
3198,4
3202,4
3214,4
3215,4
3216,4
3218,4
3223,4
3226,4
3229,4
3234,4
3236,4
3238,4
3246,4
3252,4
3253,4
3258,4
3262,4
3265,4
3266,4
3278,4
3283,4
3297,4
3304,4
3305,4
3308,4
3310,4
3316,4
3329,4
3333,4
3340,4
3343,4
3347,4
3348,4
3351,4
3356,4
3361,4
3363,4
3376,4
3379,4
3381,4
3387,4
3392,4
3394,4
3399,4
3400,4
3404,4
3410,4
3416,4
3417,4
3427,4
3428,4
3440,4
3442,4
3444,4
3456,4
3457,4
3464,4
3475,4
3476,4
3481,4
3490,4
3492,4
3494,4
3507,4
3508,4
3524,4
3532,4
3545,4
3556,4
3559,4
3563,4
3566,4
3571,4
3574,4
3578,4
3588,4
3589,4
3592,4
3593,4
3595,4
3598,4
3603,4
3605,4
3606,4
3608,4
3612,4
3614,4
3625,4
3630,4
3633,4
3634,4
3638,4
3641,4
3652,4
3654,4
3666,4
3668,4
3669,4
3677,4
3683,4
3684,4
3691,4
3695,4
3700,4
3703,4
3723,4
3725,4
3727,4
3733,4
3738,4
3748,4
3761,4
3762,4
3763,4
3780,4
3782,4
3786,4
3794,4
3796,4
3803,4
3804,4
3806,4
3815,4
3816,4
3817,4
3823,4
3834,4
3835,4
3840,4
3841,4
3843,4
3853,4
3864,4
3866,4
3873,4
3876,4
3877,4
3880,4
3884,4
3887,4
3888,4
3891,4
3892,4
3898,4
3901,4
3910,4
3914,4
3918,4
3923,4
3927,4
3928,4
3934,4
3939,4
3940,4
3941,4
3947,4
3950,4
3957,4
3959,4
3969,4
3970,4
3974,4
3976,4
3978,4
3983,4
3984,4
3985,4
3986,4
3990,4
3991,4
3998,4
4002,4
4006,4
4009,4
4012,4
4016,4
4019,4
4031,4
4037,4
4038,4
4044,4
4046,4
4054,4
4060,4
4064,4
4073,4
4075,4
4084,4
4086,4
4095,4
4099,4
4100,4
4117,4
4122,4
4124,4
4133,4
4142,4
4143,4
4155,4
4159,4
4160,4
4163,4
4167,4
4178,4
4181,4
4190,4
4192,4
4208,4
4211,4
4213,4
4214,4
4216,4
4229,4
4231,4
4232,4
4234,4
4238,4
4240,4
4243,4
4246,4
4249,4
4250,4
4254,4
4262,4
4268,4
4277,4
4282,4
4284,4
4286,4
4295,4
4300,4
4302,4
4303,4
4314,4
4319,4
4326,4
4335,4
4338,4
4342,4
4343,4
4351,4
4353,4
4354,4
4358,4
4360,4
4361,4
4365,4
4366,4
4371,4
4375,4
4377,4
4384,4
4386,4
4387,4
4389,4
4405,4
4411,4
4413,4
4418,4
4420,4
4423,4
4424,4
4430,4
4433,4
4434,4
4436,4
4437,4
4440,4
4443,4
4445,4
4460,4
4461,4
4467,4
4475,4
4476,4
4481,4
4495,4
4497,4
4498,4
4502,4
4510,4
4513,4
4514,4
4516,4
4525,4
4526,4
4529,4
4537,4
4547,4
4550,4
4552,4
4553,4
4556,4
4557,4
4563,4
4565,4
4566,4
4569,4
4576,4
4577,4
4578,4
4583,4
4586,4
4600,4
4602,4
4610,4
4611,4
4614,4
4615,4
4625,4
4627,4
4635,4
4643,4
4648,4
4652,4
4655,4
4656,4
4658,4
4662,4
4663,4
4668,4
4671,4
4673,4
4697,4
4702,4
4704,4
4705,4
4706,4
4707,4
4708,4
4711,4
4732,4
4734,4
4735,4
4736,4
4740,4
4742,4
4748,4
4750,4
4751,4
4754,4
4757,4
4761,4
4769,4
4774,4
4777,4
4781,4
4787,4
4788,4
4791,4
4797,4
4800,4
4805,4
4813,4
4827,4
4830,4
4838,4
4839,4
4845,4
4852,4
4863,4
4864,4
4878,4
4883,4
4884,4
4887,4
4897,4
4900,4
4902,4
4906,4
4910,4
4915,4
4917,4
4928,4
4930,4
4935,4
4938,4
4941,4
4942,4
4943,4
4953,4
4955,4
4967,4
4968,4
4973,4
4976,4
4986,4
5000,4
5002,4
5025,4
5035,4
5053,4
5070,4
5076,4
5078,4
5085,4
5094,4
5097,4
5099,4
5103,4
5112,4
5115,4
5116,4
5119,4
5126,4
5136,4
5141,4
5149,4
5151,4
5156,4
5157,4
5161,4
5167,4
5168,4
5170,4
5176,4
5188,4
5191,4
5192,4
5195,4
5196,4
5198,4
5201,4
5202,4
5208,4
5211,4
5213,4
5214,4
5221,4
5229,4
5233,4
5235,4
5238,4
5250,4
5265,4
5277,4
5283,4
5300,4
5301,4
5302,4
5306,4
5311,4
5312,4
5314,4
5320,4
5321,4
5323,4
5328,4
5334,4
5335,4
5337,4
5342,4
5343,4
5349,4
5350,4
5363,4
5365,4
5366,4
5369,4
5374,4
5376,4
5381,4
5385,4
5386,4
5391,4
5393,4
5398,4
5405,4
5409,4
5411,4
5412,4
5413,4
5417,4
5419,4
5422,4
5425,4
5434,4
5437,4
5445,4
5449,4
5454,4
5456,4
5458,4
5459,4
5461,4
5463,4
5473,4
5476,4
5477,4
5479,4
5481,4
5482,4
5489,4
5500,4
5501,4
5502,4
5507,4
5509,4
5510,4
5512,4
5517,4
5519,4
5522,4
5536,4
5544,4
5546,4
5556,4
5558,4
5559,4
5560,4
5562,4
5569,4
5579,4
5583,4
5598,4
5600,4
5606,4
5611,4
5614,4
5616,4
5623,4
5627,4
5629,4
5633,4
5635,4
5641,4
5643,4
5644,4
5646,4
5647,4
5648,4
5653,4
5656,4
5658,4
5675,4
5680,4
5685,4
5695,4
5700,4
5705,4
5708,4
5715,4
5720,4
5723,4
5728,4
5733,4
5738,4
5739,4
5749,4
5751,4
5752,4
5768,4
5771,4
5772,4
5788,4
5793,4
5794,4
5808,4
5809,4
5810,4
5815,4
5818,4
5830,4
5851,4
5856,4
5861,4
5868,4
5871,4
5873,4
5879,4
5880,4
5884,4
5886,4
5887,4
5888,4
5889,4
5894,4
5897,4
5899,4
5900,4
5908,4
5919,4
5920,4
5921,4
5927,4
5935,4
5936,4
5945,4
5946,4
5949,4
5950,4
5952,4
5953,4
5956,4
5957,4
5969,4
5973,4
5980,4
5987,4
5996,4
6000,4
6001,4
6002,4
6018,4
6023,4
6032,4
6033,4
6034,4
6035,4
6036,4
6039,4
6051,4
6065,4
6066,4
6070,4
6074,4
6077,4
6081,4
6088,4
6094,4
6097,4
6099,4
6106,4
6109,4
6110,4
6112,4
6116,4
6118,4
6125,4
6132,4
6134,4
6135,4
6136,4
6144,4
6146,4
6147,4
6153,4
6164,4
6170,4
6178,4
6187,4
6197,4
6208,4
6213,4
6228,4
6235,4
6238,4
6239,4
6240,4
6241,4
6264,4
6271,4
6275,4
6277,4
6278,4
6284,4
6288,4
6294,4
6297,4
6300,4
6309,4
6314,4
6324,4
6331,4
6340,4
6342,4
6346,4
6354,4
6359,4
6360,4
6366,4
6372,4
6375,4
6377,4
6388,4
6391,4
6393,4
6394,4
6398,4
6399,4
6402,4
6407,4
6412,4
6415,4
6416,4
6419,4
6423,4
6428,4
6429,4
6435,4
6437,4
6438,4
6445,4
6446,4
6457,4
6459,4
6460,4
6461,4
6465,4
6470,4
6472,4
6473,4
6478,4
6480,4
6491,4
6495,4
6504,4
6507,4
6509,4
6512,4
6514,4
6516,4
6527,4
6534,4
6536,4
6548,4
6558,4
6561,4
6566,4
6577,4
6579,4
6591,4
6609,4
6610,4
6612,4
6616,4
6623,4
6625,4
6633,4
6639,4
6641,4
6646,4
6656,4
6657,4
6663,4
6666,4
6670,4
6671,4
6680,4
6691,4
6705,4
6710,4
6724,4
6728,4
6730,4
6735,4
6738,4
6739,4
6741,4
6755,4
6756,4
6760,4
6768,4
6773,4
6781,4
6785,4
6803,4
6814,4
6820,4
6826,4
6827,4
6832,4
6843,4
6845,4
6849,4
6864,4
6866,4
6872,4
6888,4
6896,4
6897,4
6905,4
6906,4
6917,4
6920,4
6923,4
6927,4
6941,4
6946,4
6952,4
6961,4
6966,4
6971,4
6982,4
6986,4
6990,4
6994,4
7003,4
7012,4
7013,4
7015,4
7020,4
7021,4
7024,4
7032,4
7038,4
7039,4
7054,4
7066,4
7070,4
7071,4
7078,4
7081,4
7086,4
7089,4
7094,4
7111,4
7112,4
7121,4
7129,4
7140,4
7148,4
7162,4
7169,4
7182,4
7217,4
7221,4
7234,4
7236,4
7239,4
7241,4
7244,4
7245,4
7250,4
7257,4
7259,4
7263,4
7266,4
7269,4
7276,4
7277,4
7293,4
7297,4
7299,4
7304,4
7305,4
7312,4
7317,4
7326,4
7331,4
7341,4
7344,4
7348,4
7351,4
7357,4
7360,4
7367,4
7371,4
7373,4
7376,4
7378,4
7383,4
7385,4
7392,4
7394,4
7398,4
7414,4
7418,4
7422,4
7425,4
7429,4
7456,4
7462,4
7466,4
7468,4
7470,4
7475,4
7479,4
7491,4
7498,4
7507,4
7510,4
7517,4
7522,4
7526,4
7527,4
7529,4
7535,4
7536,4
7540,4
7543,4
7545,4
7551,4
7553,4
7558,4
7562,4
7566,4
7568,4
7570,4
7571,4
7581,4
7589,4
7591,4
7597,4
7599,4
7607,4
7609,4
7614,4
7618,4
7619,4
7621,4
7624,4
7627,4
7630,4
7637,4
7638,4
7642,4
7664,4
7667,4
7670,4
7675,4
7682,4
7683,4
7684,4
7711,4
7724,4
7726,4
7728,4
7732,4
7735,4
7742,4
7744,4
7745,4
7749,4
7750,4
7752,4
7754,4
7762,4
7764,4
7768,4
7769,4
7773,4
7777,4
7779,4
7783,4
7785,4
7789,4
7798,4
7802,4
7805,4
7816,4
7819,4
7827,4
7829,4
7832,4
7838,4
7844,4
7849,4
7868,4
7869,4
7875,4
7879,4
7881,4
7884,4
7896,4
7898,4
7901,4
7905,4
7907,4
7908,4
7909,4
7918,4
7919,4
7925,4
7926,4
7927,4
7928,4
7931,4
7934,4
7935,4
7936,4
7949,4
7954,4
7958,4
7960,4
7963,4
7967,4
7970,4
7974,4
7976,4
7992,4
7999,4
8000,4
8002,4
8015,4
8016,4
8018,4
8022,4
8028,4
8035,4
8040,4
8052,4
8055,4
8056,4
8058,4
8068,4
8071,4
8074,4
8085,4
8097,4
8100,4
8102,4
8108,4
8109,4
8113,4
8126,4
8137,4
8144,4
8148,4
8150,4
8153,4
8156,4
8167,4
8169,4
8170,4
8172,4
8173,4
8176,4
8181,4
8182,4
8183,4
8186,4
8188,4
8195,4
8197,4
8198,4
8201,4
8207,4
8209,4
8217,4
8231,4
8234,4
8244,4
8248,4
8251,4
8252,4
8258,4
8264,4
8267,4
8273,4
8278,4
8279,4
8290,4
8294,4
8296,4
8308,4
8309,4
8310,4
8315,4
8318,4
8320,4
8324,4
8325,4
8328,4
8335,4
8347,4
8351,4
8358,4
8363,4
8367,4
8368,4
8382,4
8389,4
8398,4
8407,4
8411,4
8417,4
8431,4
8433,4
8438,4
8439,4
8440,4
8442,4
8483,4
8488,4
8489,4
8492,4
8498,4
8513,4
8521,4
8525,4
8533,4
8534,4
8541,4
8543,4
8548,4
8551,4
8552,4
8553,4
8554,4
8559,4
8566,4
8572,4
8586,4
8590,4
8594,4
8596,4
8600,4
8609,4
8611,4
8619,4
8629,4
8636,4
8649,4
8657,4
8667,4
8668,4
8669,4
8670,4
8673,4
8675,4
8680,4
8682,4
8691,4
8692,4
8702,4
8705,4
8713,4
8726,4
8730,4
8731,4
8734,4
8742,4
8755,4
8756,4
8759,4
8765,4
8772,4
8773,4
8774,4
8775,4
8794,4
8797,4
8802,4
8803,4
8813,4
8818,4
8819,4
8827,4
8828,4
8835,4
8840,4
8847,4
8865,4
8867,4
8868,4
8869,4
8872,4
8884,4
8891,4
8895,4
8898,4
8901,4
8903,4
8905,4
8907,4
8910,4
8912,4
8914,4
8917,4
8929,4
8933,4
8941,4
8943,4
8951,4
8952,4
8953,4
8956,4
8966,4
8970,4
8974,4
8976,4
8992,4
8996,4
9018,4
9020,4
9022,4
9030,4
9033,4
9046,4
9051,4
9055,4
9070,4
9072,4
9080,4
9083,4
9087,4
9088,4
9097,4
9102,4
9104,4
9111,4
9116,4
9135,4
9137,4
9141,4
9144,4
9145,4
9146,4
9150,4
9156,4
9160,4
9169,4
9175,4
9202,4
9203,4
9214,4
9218,4
9223,4
9224,4
9229,4
9235,4
9237,4
9246,4
9248,4
9250,4
9252,4
9253,4
9262,4
9266,4
9279,4
9281,4
9294,4
9295,4
9299,4
9302,4
9305,4
9307,4
9314,4
9323,4
9324,4
9329,4
9332,4
9346,4
9351,4
9353,4
9357,4
9363,4
9369,4
9372,4
9377,4
9382,4
9394,4
9395,4
9411,4
9422,4
9423,4
9424,4
9425,4
9432,4
9434,4
9435,4
9447,4
9463,4
9464,4
9470,4
9482,4
9483,4
9488,4
9490,4
9493,4
9504,4
9509,4
9513,4
9516,4
9519,4
9521,4
9525,4
9526,4
9527,4
9538,4
9541,4
9544,4
9552,4
9555,4
9558,4
9568,4
9577,4
9587,4
9601,4
9612,4
9618,4
9626,4
9628,4
9631,4
9645,4
9650,4
9656,4
9658,4
9674,4
9676,4
9678,4
9683,4
9694,4
9699,4
9711,4
9720,4
9722,4
9726,4
9729,4
9731,4
9732,4
9733,4
9736,4
9741,4
9745,4
9747,4
9759,4
9766,4
9772,4
9777,4
9779,4
9791,4
9794,4
9816,4
9819,4
9824,4
9829,4
9831,4
9839,4
9844,4
9848,4
9851,4
9853,4
9856,4
9862,4
9864,4
9869,4
9872,4
9874,4
9877,4
9883,4
9886,4
9892,4
9894,4
9899,4
9907,4
9909,4
9919,4
9934,4
9938,4
9941,4
9943,4
9959,4
9960,4
9962,4
9966,4
9973,4
9974,4
9980,4
9983,4
9988,4
9991,4
10000,4
10006,4
10010,4
10017,4
10023,4
10029,4
10030,4
10036,4
10041,4
10045,4
10048,4
10054,4
10066,4
10076,4
10078,4
10085,4
10096,4
10102,4
10108,4
10109,4
10113,4
10117,4
10119,4
10126,4
10131,4
10138,4
10143,4
10153,4
10155,4
10159,4
10161,4
10168,4
10173,4
10179,4
10182,4
10189,4
10202,4
10220,4
10223,4
10225,4
10229,4
10231,4
10235,4
10244,4
10251,4
10252,4
10253,4
10255,4
10261,4
10265,4
10266,4
10267,4
10272,4
10273,4
10282,4
10287,4
10298,4
10302,4
10306,4
10309,4
10317,4
10318,4
10322,4
10324,4
10338,4
10350,4
10351,4
10352,4
10359,4
10369,4
10386,4
10389,4
10398,4
10399,4
10405,4
10413,4
10420,4
10423,4
10428,4
10436,4
10441,4
10450,4
10463,4
10465,4
10466,4
10468,4
10471,4
10480,4
10481,4
10483,4
10485,4
10495,4
10496,4
10500,4
10519,4
10520,4
10522,4
10524,4
10531,4
10535,4
10537,4
10539,4
10542,4
10543,4
10555,4
10558,4
10560,4
10568,4
10569,4
10570,4
10571,4
10576,4
10581,4
10586,4
10589,4
10598,4
10600,4
10605,4
10609,4
10616,4
10623,4
10628,4
10630,4
10634,4
10639,4
10647,4
10650,4
10659,4
10663,4
10678,4
10680,4
10682,4
10684,4
10687,4
10725,4
10728,4
10731,4
10734,4
10735,4
10751,4
10753,4
10754,4
10758,4
10760,4
10762,4
10765,4
10766,4
10767,4
10768,4
10775,4
10782,4
10784,4
10788,4
10789,4
10795,4
10803,4
10821,4
10822,4
10827,4
10830,4
10837,4
10840,4
10842,4
10861,4
10863,4
10865,4
10870,4
10878,4
10890,4
10893,4
10895,4
10907,4
10913,4
10916,4
10921,4
10922,4
10928,4
10932,4
10936,4
10941,4
10944,4
10950,4
10951,4
10958,4
10960,4
10980,4
10987,4
10992,4
10997,4
11006,4
11010,4
11023,4
11032,4
11035,4
11041,4
11042,4
11046,4
11047,4
11050,4
11052,4
11055,4
11065,4
11066,4
11069,4
11076,4
11084,4
11085,4
11093,4
11096,4
11101,4
11102,4
11113,4
11118,4
11124,4
11130,4
11135,4
11138,4
11140,4
11142,4
11146,4
11147,4
11154,4
11159,4
11161,4
11162,4
11170,4
11180,4
11181,4
11195,4
11203,4
11204,4
11209,4
11210,4
11219,4
11225,4
11232,4
11235,4
11240,4
11244,4
11246,4
11251,4
11254,4
11256,4
11266,4
11268,4
11273,4
11276,4
11277,4
11281,4
11282,4
11292,4
11302,4
11304,4
11305,4
11311,4
11312,4
11313,4
11316,4
11321,4
11329,4
11331,4
11336,4
11339,4
11341,4
11348,4
11357,4
11358,4
11359,4
11362,4
11367,4
11379,4
11383,4
11394,4
11399,4
11406,4
11412,4
11419,4
11422,4
11424,4
11432,4
11436,4
11451,4
11455,4
11459,4
11460,4
11470,4
11476,4
11494,4
11496,4
11497,4
11504,4
11509,4
11521,4
11522,4
11524,4
11531,4
11536,4
11547,4
11548,4
11550,4
11554,4
11555,4
11568,4
11589,4
11593,4
11610,4
11613,4
11614,4
11618,4
11633,4
11642,4
11649,4
11650,4
11652,4
11654,4
11656,4
11663,4
11669,4
11672,4
11676,4
11678,4
11683,4
11686,4
11688,4
11693,4
11699,4
11704,4
11707,4
11708,4
11713,4
11720,4
11721,4
11722,4
11725,4
11728,4
11733,4
11735,4
11742,4
11744,4
11762,4
11770,4
11783,4
11786,4
11787,4
11796,4
11801,4
11804,4
11807,4
11812,4
11821,4
11825,4
11826,4
11830,4
11835,4
11836,4
11837,4
11846,4
11854,4
11858,4
11862,4
11881,4
11896,4
11906,4
11907,4
11908,4
11910,4
11915,4
11918,4
11924,4
11933,4
11934,4
11939,4
11942,4
11944,4
11945,4
11952,4
11954,4
11959,4
11962,4
11968,4
11972,4
11974,4
11976,4
11985,4
11989,4
11994,4
12004,4
12010,4
12015,4
12016,4
12017,4
12023,4
12028,4
12033,4
12038,4
12044,4
12050,4
12056,4
12058,4
12059,4
12060,4
12062,4
12063,4
12068,4
12083,4
12084,4
12085,4
12093,4
12104,4
12107,4
12109,4
12117,4
12121,4
12122,4
12123,4
12129,4
12133,4
12136,4
12152,4
12157,4
12158,4
12162,4
12166,4
12173,4
12189,4
12191,4
12193,4
12204,4
12207,4
12210,4
12214,4
12215,4
12217,4
12220,4
12221,4
12229,4
12240,4
12242,4
12251,4
12262,4
12269,4
12271,4
12278,4
12286,4
12298,4
12302,4
12314,4
12317,4
12323,4
12324,4
12328,4
12335,4
12344,4
12349,4
12353,4
12362,4
12364,4
12365,4
12381,4
12382,4
12384,4
12387,4
12393,4
12405,4
12406,4
12416,4
12417,4
12419,4
12423,4
12427,4
12430,4
12431,4
12448,4
12454,4
12455,4
12457,4
12469,4
12471,4
12474,4
12478,4
12479,4
12482,4
12484,4
12490,4
12493,4
12505,4
12516,4
12519,4
12525,4
12530,4
12536,4
12539,4
12545,4
12555,4
12563,4
12564,4
12566,4
12575,4
12576,4
12582,4
12587,4
12597,4
12602,4
12606,4
12607,4
12608,4
12610,4
12612,4
12613,4
12620,4
12626,4
12627,4
12628,4
12651,4
12652,4
12660,4
12668,4
12670,4
12672,4
12676,4
12683,4
12684,4
12704,4
12705,4
12712,4
12717,4
12729,4
12745,4
12747,4
12783,4
12786,4
12790,4
12796,4
12797,4
12815,4
12817,4
12820,4
12826,4
12840,4
12842,4
12851,4
12853,4
12859,4
12860,4
12861,4
12880,4
12883,4
12886,4
12887,4
12888,4
12900,4
12903,4
12904,4
12912,4
12918,4
12919,4
12920,4
12924,4
12927,4
12946,4
12950,4
12951,4
12953,4
12955,4
12957,4
12959,4
12960,4
12963,4
12964,4
12974,4
12976,4
12986,4
12987,4
12992,4
12995,4
12996,4
13001,4
13006,4
13007,4
13010,4
13011,4
13013,4
13020,4
13021,4
13029,4
13031,4
13037,4
13039,4
13059,4
13060,4
13064,4
13066,4
13067,4
13068,4
13070,4
13086,4
13096,4
13101,4
13112,4
13122,4
13125,4
13127,4
13128,4
13129,4
13136,4
13138,4
13139,4
13141,4
13146,4
13153,4
13181,4
13184,4
13188,4
13191,4
13208,4
13209,4
13210,4
13216,4
13222,4
13227,4
13235,4
13238,4
13239,4
13248,4
13252,4
13254,4
13260,4
13272,4
13277,4
13278,4
13285,4
13290,4
13292,4
13296,4
13298,4
13300,4
13308,4
13310,4
13325,4
13331,4
13333,4
13334,4
13347,4
13353,4
13372,4
13376,4
13385,4
13395,4
13396,4
13407,4
13410,4
13414,4
13415,4
13417,4
13421,4
13422,4
13432,4
13435,4
13440,4
13456,4
13461,4
13462,4
13471,4
13481,4
13484,4
13486,4
13487,4
13491,4
13492,4
13499,4
13502,4
13513,4
13520,4
13530,4
13534,4
13538,4
13546,4
13551,4
13558,4
13564,4
13573,4
13578,4
13584,4
13599,4
13601,4
13609,4
13613,4
13627,4
13635,4
13638,4
13641,4
13642,4
13644,4
13645,4
13649,4
13660,4
13662,4
13663,4
13664,4
13665,4
13670,4
13675,4
13684,4
13687,4
13691,4
13695,4
13696,4
13702,4
13703,4
13704,4
13706,4
13707,4
13715,4
13718,4
13722,4
13726,4
13727,4
13729,4
13735,4
13738,4
13742,4
13750,4
13757,4
13759,4
13769,4
13776,4
13778,4
13780,4
13786,4
13790,4
13804,4
13813,4
13820,4
13824,4
13840,4
13844,4
13852,4
13858,4
13881,4
13885,4
13889,4
13900,4
13902,4
13903,4
13905,4
13911,4
13912,4
13927,4
13942,4
13943,4
13945,4
13949,4
13955,4
13957,4
13964,4
13978,4
13981,4
13995,4
13996,4
13997,4
13999,4
14002,4
14004,4
14012,4
14015,4
14017,4
14018,4
14023,4
14024,4
14027,4
14029,4
14030,4
14033,4
14039,4
14042,4
14043,4
14044,4
14049,4
14057,4
14059,4
14065,4
14067,4
14075,4
14084,4
14085,4
14086,4
14087,4
14090,4
14095,4
14105,4
14109,4
14110,4
14115,4
14119,4
14124,4
14128,4
14136,4
14138,4
14139,4
14143,4
14145,4
14158,4
14159,4
14163,4
14171,4
14184,4
14187,4
14191,4
14206,4
14209,4
14220,4
14222,4
14224,4
14225,4
14243,4
14244,4
14247,4
14248,4
14254,4
14258,4
14259,4
14277,4
14280,4
14282,4
14288,4
14290,4
14294,4
14302,4
14304,4
14320,4
14323,4
14324,4
14326,4
14327,4
14331,4
14336,4
14345,4
14348,4
14358,4
14359,4
14366,4
14377,4
14378,4
14379,4
14382,4
14383,4
14385,4
14386,4
14389,4
14391,4
14398,4
14404,4
14406,4
14416,4
14423,4
14429,4
14431,4
14432,4
14438,4
14439,4
14444,4
14453,4
14455,4
14458,4
14462,4
14469,4
14470,4
14472,4
14477,4
14484,4
14500,4
14502,4
14503,4
14504,4
14511,4
14516,4
14521,4
14524,4
14526,4
14528,4
14529,4
14530,4
14535,4
14541,4
14543,4
14544,4
14546,4
14550,4
14552,4
14568,4
14598,4
14604,4
14622,4
14637,4
14638,4
14640,4
14649,4
14650,4
14653,4
14660,4
14664,4
14668,4
14674,4
14677,4
14683,4
14684,4
14685,4
14691,4
14693,4
14697,4
14699,4
14702,4
14703,4
14704,4
14705,4
14717,4
14719,4
14722,4
14728,4
14731,4
14733,4
14750,4
14753,4
14759,4
14769,4
14771,4
14772,4
14775,4
14776,4
14781,4
14785,4
14792,4
14796,4
14798,4
14820,4
14821,4
14833,4
14836,4
14838,4
14851,4
14852,4
14859,4
14862,4
14864,4
14875,4
14887,4
14890,4
14893,4
14895,4
14900,4
14905,4
14912,4
14913,4
14916,4
14917,4
14924,4
14926,4
14928,4
14931,4
14934,4
14942,4
14943,4
14944,4
14945,4
14946,4
14948,4
14949,4
14951,4
14974,4
14977,4
14979,4
14987,4
14993,4
14994,4
14997,4
15000,4
15011,4
15022,4
15026,4
15036,4
15042,4
15043,4
15046,4
15051,4
15053,4
15071,4
15079,4
15083,4
15088,4
15090,4
15092,4
15096,4
15097,4
15098,4
15099,4
15101,4
15104,4
15105,4
15107,4
15108,4
15121,4
15125,4
15137,4
15144,4
15145,4
15149,4
15150,4
15158,4
15162,4
15171,4
15172,4
15183,4
15186,4
15201,4
15206,4
15210,4
15219,4
15221,4
15222,4
15223,4
15227,4
15237,4
15240,4
15275,4
15285,4
15304,4
15306,4
15307,4
15317,4
15318,4
15319,4
15321,4
15330,4
15333,4
15334,4
15337,4
15344,4
15348,4
15354,4
15358,4
15360,4
15363,4
15368,4
15377,4
15387,4
15393,4
15396,4
15405,4
15408,4
15411,4
15415,4
15425,4
15433,4
15435,4
15436,4
15447,4
15456,4
15460,4
15475,4
15479,4
15480,4
15503,4
15523,4
15527,4
15532,4
15533,4
15536,4
15542,4
15546,4
15558,4
15559,4
15564,4
15565,4
15570,4
15572,4
15573,4
15574,4
15576,4
15578,4
15585,4
15587,4
15590,4
15598,4
15604,4
15608,4
15611,4
15614,4
15618,4
15623,4
15630,4
15633,4
15635,4
15636,4
15638,4
15644,4
15645,4
15649,4
15650,4
15651,4
15660,4
15665,4
15675,4
15676,4
15680,4
15683,4
15690,4
15703,4
15728,4
15732,4
15737,4
15752,4
15753,4
15760,4
15763,4
15772,4
15778,4
15779,4
15781,4
15785,4
15789,4
15790,4
15791,4
15794,4
15797,4
15798,4
15803,4
15807,4
15809,4
15817,4
15819,4
15831,4
15834,4
15843,4
15863,4
15865,4
15870,4
15872,4
15873,4
15874,4
15883,4
15885,4
15889,4
15895,4
15896,4
15901,4
15909,4
15912,4
15933,4
15934,4
15942,4
15952,4
15953,4
15954,4
15964,4
15965,4
15966,4
15969,4
15970,4
15972,4
15978,4
15982,4
15987,4
15999,4
16002,4
16005,4
16010,4
16011,4
16014,4
16021,4
16022,4
16026,4
16029,4
16033,4
16039,4
16045,4
16048,4
16051,4
16055,4
16056,4
16066,4
16074,4
16094,4
16095,4
16096,4
16098,4
16109,4
16123,4
16128,4
16131,4
16144,4
16149,4
16162,4
16163,4
16166,4
16167,4
16170,4
16180,4
16190,4
16194,4
16195,4
16210,4
16212,4
16215,4
16218,4
16219,4
16223,4
16225,4
16227,4
16235,4
16239,4
16241,4
16252,4
16254,4
16262,4
16273,4
16278,4
16283,4
16288,4
16290,4
16297,4
16318,4
16322,4
16327,4
16330,4
16333,4
16341,4
16342,4
16345,4
16350,4
16354,4
16358,4
16360,4
16368,4
16372,4
16380,4
16386,4
16388,4
16389,4
16399,4
16401,4
16406,4
16410,4
16413,4
16415,4
16419,4
16434,4
16437,4
16438,4
16443,4
16444,4
16448,4
16452,4
16454,4
16457,4
16465,4
16471,4
16476,4
16481,4
16483,4
16487,4
16491,4
16501,4
16503,4
16506,4
16528,4
16532,4
16533,4
16536,4
16537,4
16539,4
16540,4
16543,4
16544,4
16545,4
16550,4
16561,4
16563,4
16564,4
16565,4
16566,4
16574,4
16578,4
16579,4
16588,4
16597,4
16599,4
16609,4
16611,4
16612,4
16615,4
16622,4
16628,4
16640,4
16643,4
16646,4
16648,4
16649,4
16651,4
16664,4
16668,4
16681,4
16682,4
16692,4
16709,4
16713,4
16717,4
16720,4
16721,4
16727,4
16737,4
16741,4
16745,4
16749,4
16750,4
16757,4
16760,4
16762,4
16763,4
16765,4
16774,4
16778,4
16780,4
16783,4
16786,4
16787,4
16799,4
16800,4
16802,4
16803,4
16804,4
16805,4
16810,4
16815,4
16818,4
16827,4
16833,4
16837,4
16841,4
16842,4
16853,4
16859,4
16863,4
16864,4
16875,4
16876,4
16884,4
16886,4
16890,4
16894,4
16897,4
16901,4
16903,4
16906,4
16909,4
16910,4
16911,4
16912,4
16918,4
16921,4
16926,4
16937,4
16943,4
16953,4
16965,4
16972,4
16975,4
16992,4
16998,4
17000,4
17008,4
17011,4
17014,4
17022,4
17028,4
17051,4
17055,4
17058,4
17061,4
17063,4
17069,4
17072,4
17074,4
17091,4
17092,4
17099,4
17100,4
17109,4
17115,4
17121,4
17125,4
17130,4
17135,4
17136,4
17138,4
17144,4
17148,4
17155,4
17164,4
17171,4
17172,4
17181,4
17187,4
17189,4
17192,4
17195,4
17197,4
17205,4
17209,4
17210,4
17219,4
17220,4
17234,4
17235,4
17239,4
17250,4
17251,4
17252,4
17255,4
17257,4
17259,4
17261,4
17266,4
17276,4
17287,4
17288,4
17289,4
17291,4
17293,4
17302,4
17309,4
17321,4
17326,4
17328,4
17333,4
17336,4
17337,4
17338,4
17342,4
17348,4
17349,4
17357,4
17359,4
17368,4
17375,4
17377,4
17379,4
17386,4
17389,4
17390,4
17391,4
17398,4
17399,4
17402,4
17403,4
17407,4
17413,4
17414,4
17415,4
17416,4
17421,4
17426,4
17438,4
17439,4
17448,4
17452,4
17453,4
17458,4
17464,4
17475,4
17480,4
17484,4
17489,4
17491,4
17495,4
17504,4
17505,4
17510,4
17513,4
17515,4
17519,4
17523,4
17524,4
17534,4
17535,4
17536,4
17544,4
17545,4
17547,4
17550,4
17553,4
17556,4
17562,4
17569,4
17570,4
17579,4
17583,4
17584,4
17595,4
17597,4
17599,4
17600,4
17603,4
17612,4
17619,4
17624,4
17631,4
17634,4
17638,4
17643,4
17644,4
17646,4
17659,4
17662,4
17663,4
17672,4
17674,4
17677,4
17682,4
17698,4
17705,4
17707,4
17709,4
17710,4
17711,4
17712,4
17722,4
17724,4
17730,4
17731,4
17735,4
17738,4
17740,4
17743,4
17749,4
17765,4
17769,4
17770,4
17773,4
17775,4
17779,4
17781,4
17784,4
17794,4
17796,4
17797,4
17801,4
17809,4
17810,4
17812,4
17817,4
17818,4
17825,4
17830,4
17838,4
17840,4
17846,4
17847,4
17853,4
17859,4
17860,4
17865,4
17866,4
17868,4
17870,4
17871,4
17880,4
17881,4
17898,4
17900,4
17904,4
17912,4
17916,4
17917,4
17921,4
17922,4
17930,4
17933,4
17944,4
17945,4
17948,4
17958,4
17965,4
17967,4
17972,4
17975,4
17976,4
17979,4
17987,4
17989,4
18002,4
18004,4
18006,4
18007,4
18012,4
18015,4
18019,4
18025,4
18029,4
18030,4
18031,4
18032,4
18039,4
18040,4
18050,4
18054,4
18056,4
18057,4
18058,4
18069,4
18072,4
18073,4
18081,4
18084,4
18099,4
18100,4
18108,4
18110,4
18111,4
18114,4
18124,4
18125,4
18133,4
18134,4
18135,4
18136,4
18148,4
18149,4
18150,4
18153,4
18155,4
18156,4
18157,4
18159,4
18161,4
18171,4
18174,4
18175,4
18183,4
18192,4
18193,4
18199,4
18206,4
18207,4
18242,4
18243,4
18245,4
18248,4
18249,4
18256,4
18260,4
18265,4
18275,4
18279,4
18288,4
18295,4
18297,4
18299,4
18303,4
18304,4
18315,4
18317,4
18331,4
18334,4
18336,4
18337,4
18342,4
18359,4
18362,4
18365,4
18370,4
18380,4
18386,4
18392,4
18395,4
18400,4
18402,4
18403,4
18408,4
18412,4
18417,4
18419,4
18425,4
18426,4
18427,4
18433,4
18435,4
18439,4
18440,4
18450,4
18452,4
18455,4
18458,4
18465,4
18468,4
18472,4
18485,4
18491,4
18492,4
18495,4
18504,4
18506,4
18509,4
18514,4
18517,4
18522,4
18525,4
18528,4
18529,4
18530,4
18531,4
18532,4
18533,4
18535,4
18538,4
18542,4
18543,4
18544,4
18547,4
18548,4
18551,4
18556,4
18560,4
18561,4
18565,4
18568,4
18574,4
18580,4
18589,4
18592,4
18595,4
18600,4
18609,4
18613,4
18614,4
18619,4
18621,4
18632,4
18638,4
18639,4
18642,4
18645,4
18646,4
18648,4
18661,4
18664,4
18667,4
18671,4
18679,4
18681,4
18687,4
18689,4
18711,4
18712,4
18714,4
18719,4
18721,4
18723,4
18724,4
18730,4
18747,4
18749,4
18754,4
18761,4
18765,4
18783,4
18784,4
18786,4
18795,4
18796,4
18798,4
18799,4
18801,4
18807,4
18815,4
18825,4
18827,4
18836,4
18839,4
18840,4
18850,4
18852,4
18855,4
18857,4
18866,4
18876,4
18879,4
18880,4
18882,4
18890,4
18892,4
18894,4
18897,4
18911,4
18912,4
18916,4
18917,4
18923,4
18943,4
18944,4
18947,4
18949,4
18951,4
18953,4
18954,4
18957,4
18958,4
18983,4
18991,4
18995,4
18996,4
19006,4
19011,4
19014,4
19020,4
19021,4
19025,4
19031,4
19033,4
19037,4
19040,4
19041,4
19042,4
19050,4
19065,4
19066,4
19067,4
19070,4
19075,4
19080,4
19081,4
19083,4
19084,4
19085,4
19091,4
19095,4
19099,4
19102,4
19120,4
19123,4
19128,4
19131,4
19135,4
19144,4
19145,4
19152,4
19155,4
19156,4
19162,4
19173,4
19174,4
19176,4
19181,4
19186,4
19187,4
19190,4
19194,4
19197,4
19201,4
19202,4
19204,4
19207,4
19209,4
19211,4
19212,4
19216,4
19222,4
19230,4
19245,4
19254,4
19257,4
19260,4
19261,4
19275,4
19276,4
19278,4
19282,4
19290,4
19294,4
19296,4
19299,4
19300,4
19301,4
