,label
ENSG00000000003,1
ENSG00000000419,2
ENSG00000000457,2
ENSG00000000460,1
ENSG00000000938,0
ENSG00000000971,2
ENSG00000001036,2
ENSG00000001084,1
ENSG00000001167,2
ENSG00000001460,2
ENSG00000001461,2
ENSG00000001497,2
ENSG00000001561,2
ENSG00000001617,2
ENSG00000001626,0
ENSG00000001629,2
ENSG00000001630,2
ENSG00000001631,2
ENSG00000002016,2
ENSG00000002079,1
ENSG00000002330,2
ENSG00000002549,2
ENSG00000002586,2
ENSG00000002587,1
ENSG00000002726,1
ENSG00000002745,1
ENSG00000002746,1
ENSG00000002822,2
ENSG00000002834,2
ENSG00000002919,2
ENSG00000002933,2
ENSG00000003056,2
ENSG00000003096,2
ENSG00000003137,0
ENSG00000003147,1
ENSG00000003249,1
ENSG00000003393,2
ENSG00000003400,2
ENSG00000003402,2
ENSG00000003436,2
ENSG00000003509,2
ENSG00000003756,2
ENSG00000003987,1
ENSG00000003989,1
ENSG00000004059,2
ENSG00000004139,2
ENSG00000004142,2
ENSG00000004399,2
ENSG00000004455,2
ENSG00000004468,2
ENSG00000004478,1
ENSG00000004487,2
ENSG00000004534,2
ENSG00000004660,2
ENSG00000004700,2
ENSG00000004766,2
ENSG00000004776,0
ENSG00000004777,1
ENSG00000004779,2
ENSG00000004799,0
ENSG00000004838,0
ENSG00000004848,1
ENSG00000004864,1
ENSG00000004866,2
ENSG00000004897,2
ENSG00000004948,1
ENSG00000004961,2
ENSG00000004975,2
ENSG00000005001,1
ENSG00000005007,2
ENSG00000005020,2
ENSG00000005022,2
ENSG00000005059,2
ENSG00000005073,1
ENSG00000005075,2
ENSG00000005100,2
ENSG00000005102,0
ENSG00000005108,2
ENSG00000005156,2
ENSG00000005175,2
ENSG00000005187,2
ENSG00000005189,1
ENSG00000005194,2
ENSG00000005206,2
ENSG00000005238,2
ENSG00000005243,2
ENSG00000005249,2
ENSG00000005302,2
ENSG00000005339,2
ENSG00000005379,2
ENSG00000005381,2
ENSG00000005421,1
ENSG00000005436,2
ENSG00000005448,2
ENSG00000005469,2
ENSG00000005471,1
ENSG00000005483,2
ENSG00000005486,2
ENSG00000005513,2
ENSG00000005700,2
ENSG00000005801,2
ENSG00000005810,2
ENSG00000005812,2
ENSG00000005844,0
ENSG00000005882,2
ENSG00000005884,2
ENSG00000005889,2
ENSG00000005893,2
ENSG00000005961,2
ENSG00000005981,2
ENSG00000006007,2
ENSG00000006015,2
ENSG00000006016,1
ENSG00000006025,2
ENSG00000006042,2
ENSG00000006047,1
ENSG00000006062,2
ENSG00000006071,2
ENSG00000006118,1
ENSG00000006125,2
ENSG00000006194,2
ENSG00000006210,0
ENSG00000006282,2
ENSG00000006283,1
ENSG00000006327,2
ENSG00000006377,1
ENSG00000006432,2
ENSG00000006451,2
ENSG00000006453,1
ENSG00000006459,2
ENSG00000006468,0
ENSG00000006530,2
ENSG00000006534,2
ENSG00000006555,2
ENSG00000006576,2
ENSG00000006606,1
ENSG00000006607,2
ENSG00000006611,1
ENSG00000006625,1
ENSG00000006634,1
ENSG00000006638,0
ENSG00000006652,2
ENSG00000006695,2
ENSG00000006704,2
ENSG00000006712,2
ENSG00000006715,2
ENSG00000006740,0
ENSG00000006744,2
ENSG00000006747,1
ENSG00000006756,2
ENSG00000006757,2
ENSG00000006831,2
ENSG00000007038,2
ENSG00000007047,2
ENSG00000007062,1
ENSG00000007080,2
ENSG00000007129,0
ENSG00000007168,2
ENSG00000007171,2
ENSG00000007174,0
ENSG00000007202,2
ENSG00000007216,2
ENSG00000007237,0
ENSG00000007255,2
ENSG00000007264,0
ENSG00000007306,1
ENSG00000007312,2
ENSG00000007314,1
ENSG00000007341,2
ENSG00000007376,2
ENSG00000007384,2
ENSG00000007392,2
ENSG00000007402,0
ENSG00000007516,2
ENSG00000007520,2
ENSG00000007541,2
ENSG00000007545,2
ENSG00000007866,2
ENSG00000007908,0
ENSG00000007923,2
ENSG00000007933,0
ENSG00000007944,2
ENSG00000007952,1
ENSG00000007968,1
ENSG00000008018,2
ENSG00000008056,2
ENSG00000008083,2
ENSG00000008086,0
ENSG00000008118,2
ENSG00000008128,2
ENSG00000008130,2
ENSG00000008197,1
ENSG00000008226,0
ENSG00000008256,2
ENSG00000008277,2
ENSG00000008282,2
ENSG00000008283,2
ENSG00000008294,2
ENSG00000008300,1
ENSG00000008311,2
ENSG00000008323,1
ENSG00000008324,2
ENSG00000008382,2
ENSG00000008394,2
ENSG00000008405,2
ENSG00000008441,0
ENSG00000008513,2
ENSG00000008516,2
ENSG00000008517,2
ENSG00000008710,2
ENSG00000008735,1
ENSG00000008838,2
ENSG00000008853,2
ENSG00000008869,2
ENSG00000008952,2
ENSG00000008988,2
ENSG00000009307,2
ENSG00000009335,2
ENSG00000009413,2
ENSG00000009694,1
ENSG00000009709,1
ENSG00000009724,2
ENSG00000009765,1
ENSG00000009780,2
ENSG00000009790,2
ENSG00000009830,2
ENSG00000009844,2
ENSG00000009950,2
ENSG00000009954,2
ENSG00000010017,2
ENSG00000010030,2
ENSG00000010072,2
ENSG00000010165,2
ENSG00000010219,2
ENSG00000010244,2
ENSG00000010256,2
ENSG00000010270,2
ENSG00000010278,2
ENSG00000010292,1
ENSG00000010295,2
ENSG00000010310,2
ENSG00000010318,2
ENSG00000010319,0
ENSG00000010322,2
ENSG00000010327,2
ENSG00000010361,2
ENSG00000010379,0
ENSG00000010404,2
ENSG00000010438,1
ENSG00000010539,2
ENSG00000010610,2
ENSG00000010626,2
ENSG00000010671,0
ENSG00000010704,2
ENSG00000010803,2
ENSG00000010810,2
ENSG00000010818,2
ENSG00000010932,1
ENSG00000011007,2
ENSG00000011009,2
ENSG00000011021,2
ENSG00000011028,2
ENSG00000011105,2
ENSG00000011114,2
ENSG00000011132,2
ENSG00000011143,2
ENSG00000011198,2
ENSG00000011201,0
ENSG00000011243,2
ENSG00000011258,2
ENSG00000011260,2
ENSG00000011275,2
ENSG00000011295,2
ENSG00000011304,2
ENSG00000011332,1
ENSG00000011347,1
ENSG00000011376,2
ENSG00000011405,2
ENSG00000011422,2
ENSG00000011426,1
ENSG00000011451,2
ENSG00000011454,2
ENSG00000011465,0
ENSG00000011478,2
ENSG00000011485,2
ENSG00000011523,2
ENSG00000011566,2
ENSG00000011590,2
ENSG00000011600,0
ENSG00000011638,2
ENSG00000011677,1
ENSG00000012048,1
ENSG00000012061,2
ENSG00000012124,2
ENSG00000012171,0
ENSG00000012174,2
ENSG00000012211,2
ENSG00000012223,1
ENSG00000012232,2
ENSG00000012660,2
ENSG00000012779,0
ENSG00000012817,2
ENSG00000012822,0
ENSG00000012963,2
ENSG00000012983,2
ENSG00000013016,2
ENSG00000013275,2
ENSG00000013288,2
ENSG00000013297,0
ENSG00000013306,1
ENSG00000013364,2
ENSG00000013374,2
ENSG00000013375,2
ENSG00000013392,2
ENSG00000013441,2
ENSG00000013503,2
ENSG00000013523,2
ENSG00000013561,2
ENSG00000013563,2
ENSG00000013573,1
ENSG00000013583,2
ENSG00000013588,0
ENSG00000013619,2
ENSG00000013725,2
ENSG00000013810,1
ENSG00000014123,2
ENSG00000014138,2
ENSG00000014164,2
ENSG00000014216,2
ENSG00000014257,2
ENSG00000014641,2
ENSG00000014824,2
ENSG00000014914,1
ENSG00000014919,2
ENSG00000015133,2
ENSG00000015153,2
ENSG00000015171,2
ENSG00000015285,2
ENSG00000015413,1
ENSG00000015475,2
ENSG00000015479,1
ENSG00000015520,1
ENSG00000015532,2
ENSG00000015676,2
ENSG00000016082,1
ENSG00000016391,2
ENSG00000016402,0
ENSG00000016864,2
ENSG00000017260,2
ENSG00000017427,2
ENSG00000017483,2
ENSG00000017797,2
ENSG00000018189,2
ENSG00000018236,2
ENSG00000018280,0
ENSG00000018408,0
ENSG00000018510,2
ENSG00000018610,2
ENSG00000018625,0
ENSG00000018699,2
ENSG00000018869,2
ENSG00000019102,0
ENSG00000019144,2
ENSG00000019169,0
ENSG00000019186,1
ENSG00000019485,0
ENSG00000019505,1
ENSG00000019549,2
ENSG00000019582,2
ENSG00000019991,2
ENSG00000019995,2
ENSG00000020129,2
ENSG00000020181,2
ENSG00000020256,2
ENSG00000020426,2
ENSG00000020577,2
ENSG00000020633,2
ENSG00000020922,2
ENSG00000021300,2
ENSG00000021355,2
ENSG00000021488,1
ENSG00000021574,2
ENSG00000021645,2
ENSG00000021762,2
ENSG00000021776,2
ENSG00000021826,1
ENSG00000021852,0
ENSG00000022267,0
ENSG00000022277,2
ENSG00000022556,1
ENSG00000022567,2
ENSG00000022840,2
ENSG00000022976,2
ENSG00000023041,2
ENSG00000023171,1
ENSG00000023191,2
ENSG00000023228,2
ENSG00000023287,2
ENSG00000023318,2
ENSG00000023330,2
ENSG00000023445,2
ENSG00000023516,2
ENSG00000023572,2
ENSG00000023608,2
ENSG00000023697,2
ENSG00000023734,2
ENSG00000023839,1
ENSG00000023892,2
ENSG00000023902,2
ENSG00000023909,1
ENSG00000024048,2
ENSG00000024422,0
ENSG00000024526,1
ENSG00000024862,2
ENSG00000025039,2
ENSG00000025156,2
ENSG00000025293,2
ENSG00000025423,0
ENSG00000025434,2
ENSG00000025708,2
ENSG00000025770,2
ENSG00000025772,2
ENSG00000025796,2
ENSG00000025800,2
ENSG00000026025,0
ENSG00000026036,1
ENSG00000026103,2
ENSG00000026297,2
ENSG00000026508,0
ENSG00000026652,0
ENSG00000026751,1
ENSG00000026950,2
ENSG00000027001,2
ENSG00000027075,0
ENSG00000027697,2
ENSG00000027847,2
ENSG00000027869,2
ENSG00000028116,2
ENSG00000028137,2
ENSG00000028203,2
ENSG00000028277,2
ENSG00000028310,2
ENSG00000028528,2
ENSG00000028839,2
ENSG00000029153,1
ENSG00000029363,2
ENSG00000029364,2
ENSG00000029534,1
ENSG00000029559,1
ENSG00000029639,2
ENSG00000029725,2
ENSG00000029993,1
ENSG00000030066,2
ENSG00000030110,2
ENSG00000030304,0
ENSG00000030419,2
ENSG00000030582,2
ENSG00000031003,2
ENSG00000031081,0
ENSG00000031691,2
ENSG00000031698,2
ENSG00000031823,2
ENSG00000032219,2
ENSG00000032389,2
ENSG00000032444,0
ENSG00000032742,2
ENSG00000033011,2
ENSG00000033030,2
ENSG00000033050,2
ENSG00000033100,2
ENSG00000033122,2
ENSG00000033170,1
ENSG00000033178,2
ENSG00000033327,0
ENSG00000033627,2
ENSG00000033800,2
ENSG00000033867,2
ENSG00000034053,1
ENSG00000034152,2
ENSG00000034239,0
ENSG00000034510,2
ENSG00000034533,2
ENSG00000034677,2
ENSG00000034693,2
ENSG00000034713,2
ENSG00000034971,0
ENSG00000035115,2
ENSG00000035141,1
ENSG00000035403,2
ENSG00000035499,1
ENSG00000035664,0
ENSG00000035681,2
ENSG00000035687,2
ENSG00000035720,2
ENSG00000035862,2
ENSG00000035928,2
ENSG00000036054,2
ENSG00000036257,2
ENSG00000036448,0
ENSG00000036530,2
ENSG00000036549,2
ENSG00000036672,0
ENSG00000036828,1
ENSG00000037042,2
ENSG00000037241,2
ENSG00000037280,0
ENSG00000037474,1
ENSG00000037637,2
ENSG00000037749,2
ENSG00000037757,2
ENSG00000037897,1
ENSG00000037965,1
ENSG00000038002,2
ENSG00000038210,2
ENSG00000038219,2
ENSG00000038274,2
ENSG00000038295,0
ENSG00000038358,2
ENSG00000038382,2
ENSG00000038427,1
ENSG00000038532,2
ENSG00000038945,0
ENSG00000039068,2
ENSG00000039123,2
ENSG00000039139,2
ENSG00000039319,2
ENSG00000039523,0
ENSG00000039537,0
ENSG00000039560,2
ENSG00000039600,1
ENSG00000039650,2
ENSG00000040199,2
ENSG00000040275,1
ENSG00000040341,2
ENSG00000040487,2
ENSG00000040531,2
ENSG00000040608,2
ENSG00000040633,2
ENSG00000040933,2
ENSG00000041353,2
ENSG00000041357,2
ENSG00000041515,2
ENSG00000041802,2
ENSG00000041880,2
ENSG00000041982,1
ENSG00000041988,2
ENSG00000042062,2
ENSG00000042088,2
ENSG00000042286,2
ENSG00000042317,2
ENSG00000042429,2
ENSG00000042445,2
ENSG00000042493,2
ENSG00000042753,2
ENSG00000042832,2
ENSG00000042980,1
ENSG00000043039,1
ENSG00000043093,2
ENSG00000043143,2
ENSG00000043355,1
ENSG00000043462,2
ENSG00000043514,2
ENSG00000043591,0
ENSG00000044090,2
ENSG00000044115,2
ENSG00000044446,2
ENSG00000044459,2
ENSG00000044524,2
ENSG00000044574,2
ENSG00000046604,1
ENSG00000046647,2
ENSG00000046651,2
ENSG00000046653,0
ENSG00000046774,1
ENSG00000046889,0
ENSG00000047056,2
ENSG00000047188,2
ENSG00000047230,2
ENSG00000047249,2
ENSG00000047315,2
ENSG00000047346,2
ENSG00000047365,0
ENSG00000047410,2
ENSG00000047457,1
ENSG00000047578,2
ENSG00000047579,2
ENSG00000047597,2
ENSG00000047617,0
ENSG00000047621,2
ENSG00000047634,2
ENSG00000047644,2
ENSG00000047648,0
ENSG00000047662,2
ENSG00000047849,2
ENSG00000047932,2
ENSG00000047936,2
ENSG00000048028,2
ENSG00000048052,2
ENSG00000048140,2
ENSG00000048162,2
ENSG00000048342,2
ENSG00000048392,2
ENSG00000048405,2
ENSG00000048462,1
ENSG00000048471,2
ENSG00000048540,2
ENSG00000048544,2
ENSG00000048649,2
ENSG00000048707,2
ENSG00000048740,0
ENSG00000048828,2
ENSG00000048991,2
ENSG00000049089,1
ENSG00000049130,2
ENSG00000049167,2
ENSG00000049192,2
ENSG00000049239,2
ENSG00000049245,2
ENSG00000049246,2
ENSG00000049249,1
ENSG00000049283,1
ENSG00000049323,2
ENSG00000049449,2
ENSG00000049540,2
ENSG00000049541,2
ENSG00000049618,2
ENSG00000049656,2
ENSG00000049759,2
ENSG00000049768,1
ENSG00000049769,2
ENSG00000049860,2
ENSG00000049883,2
ENSG00000050030,2
ENSG00000050130,2
ENSG00000050165,0
ENSG00000050327,2
ENSG00000050344,1
ENSG00000050393,2
ENSG00000050405,2
ENSG00000050426,2
ENSG00000050438,2
ENSG00000050555,0
ENSG00000050628,2
ENSG00000050730,2
ENSG00000050748,2
ENSG00000050767,2
ENSG00000050820,2
ENSG00000051009,2
ENSG00000051108,2
ENSG00000051128,1
ENSG00000051180,1
ENSG00000051341,1
ENSG00000051382,2
ENSG00000051523,2
ENSG00000051596,2
ENSG00000051620,2
ENSG00000051825,1
ENSG00000052126,2
ENSG00000052344,2
ENSG00000052723,2
ENSG00000052749,2
ENSG00000052795,2
ENSG00000052802,0
ENSG00000052841,2
ENSG00000053108,1
ENSG00000053254,2
ENSG00000053328,2
ENSG00000053371,2
ENSG00000053372,2
ENSG00000053438,2
ENSG00000053501,2
ENSG00000053524,2
ENSG00000053702,2
ENSG00000053747,2
ENSG00000053770,2
ENSG00000053900,2
ENSG00000053918,2
ENSG00000054116,2
ENSG00000054118,2
ENSG00000054148,2
ENSG00000054179,1
ENSG00000054219,2
ENSG00000054267,2
ENSG00000054277,2
ENSG00000054282,2
ENSG00000054356,1
ENSG00000054392,2
ENSG00000054523,2
ENSG00000054598,2
ENSG00000054611,2
ENSG00000054654,2
ENSG00000054690,2
ENSG00000054793,2
ENSG00000054803,0
ENSG00000054938,1
ENSG00000054965,2
ENSG00000054967,2
ENSG00000054983,2
ENSG00000055044,2
ENSG00000055070,2
ENSG00000055118,1
ENSG00000055130,2
ENSG00000055147,2
ENSG00000055163,2
ENSG00000055208,2
ENSG00000055211,2
ENSG00000055332,2
ENSG00000055483,2
ENSG00000055609,2
ENSG00000055732,2
ENSG00000055813,0
ENSG00000055917,2
ENSG00000055950,2
ENSG00000056050,2
ENSG00000056097,2
ENSG00000056277,2
ENSG00000056291,1
ENSG00000056558,2
ENSG00000056586,2
ENSG00000056736,2
ENSG00000056972,2
ENSG00000056998,1
ENSG00000057019,1
ENSG00000057149,1
ENSG00000057252,2
ENSG00000057294,1
ENSG00000057593,1
ENSG00000057608,2
ENSG00000057657,2
ENSG00000057663,2
ENSG00000057704,2
ENSG00000057757,2
ENSG00000057935,2
ENSG00000058056,2
ENSG00000058063,2
ENSG00000058085,2
ENSG00000058091,2
ENSG00000058262,2
ENSG00000058272,2
ENSG00000058335,0
ENSG00000058404,1
ENSG00000058453,2
ENSG00000058600,2
ENSG00000058668,2
ENSG00000058729,2
ENSG00000058799,2
ENSG00000058804,1
ENSG00000058866,2
ENSG00000059122,2
ENSG00000059145,2
ENSG00000059377,2
ENSG00000059378,2
ENSG00000059573,1
ENSG00000059588,2
ENSG00000059691,2
ENSG00000059728,2
ENSG00000059758,2
ENSG00000059769,2
ENSG00000059804,0
ENSG00000059915,1
ENSG00000060069,2
ENSG00000060138,2
ENSG00000060140,1
ENSG00000060237,2
ENSG00000060339,2
ENSG00000060491,2
ENSG00000060558,2
ENSG00000060642,2
ENSG00000060656,2
ENSG00000060688,2
ENSG00000060709,1
ENSG00000060718,1
ENSG00000060749,2
ENSG00000060762,2
ENSG00000060971,2
ENSG00000060982,2
ENSG00000061273,2
ENSG00000061337,2
ENSG00000061455,2
ENSG00000061656,1
ENSG00000061676,2
ENSG00000061794,2
ENSG00000061918,2
ENSG00000061936,2
ENSG00000061938,2
ENSG00000061987,2
ENSG00000062038,1
ENSG00000062194,2
ENSG00000062282,2
ENSG00000062370,2
ENSG00000062485,2
ENSG00000062524,2
ENSG00000062598,2
ENSG00000062650,2
ENSG00000062716,1
ENSG00000062725,2
ENSG00000062822,2
ENSG00000063046,2
ENSG00000063127,2
ENSG00000063169,2
ENSG00000063176,2
ENSG00000063177,2
ENSG00000063180,2
ENSG00000063241,2
ENSG00000063244,2
ENSG00000063245,2
ENSG00000063322,2
ENSG00000063587,2
ENSG00000063601,2
ENSG00000063660,2
ENSG00000063761,2
ENSG00000063854,2
ENSG00000063978,2
ENSG00000064012,2
ENSG00000064042,0
ENSG00000064102,2
ENSG00000064115,2
ENSG00000064195,1
ENSG00000064199,2
ENSG00000064201,0
ENSG00000064205,0
ENSG00000064218,1
ENSG00000064225,2
ENSG00000064270,2
ENSG00000064300,2
ENSG00000064309,2
ENSG00000064313,2
ENSG00000064393,2
ENSG00000064419,2
ENSG00000064490,2
ENSG00000064545,2
ENSG00000064547,2
ENSG00000064601,2
ENSG00000064607,2
ENSG00000064651,2
ENSG00000064652,2
ENSG00000064655,1
ENSG00000064666,2
ENSG00000064687,2
ENSG00000064692,2
ENSG00000064703,2
ENSG00000064726,2
ENSG00000064763,0
ENSG00000064787,1
ENSG00000064886,0
ENSG00000064932,2
ENSG00000064933,2
ENSG00000064961,2
ENSG00000064989,0
ENSG00000064995,2
ENSG00000064999,0
ENSG00000065000,2
ENSG00000065029,2
ENSG00000065054,2
ENSG00000065057,2
ENSG00000065060,2
ENSG00000065135,2
ENSG00000065150,2
ENSG00000065154,2
ENSG00000065183,2
ENSG00000065243,2
ENSG00000065268,2
ENSG00000065308,2
ENSG00000065320,2
ENSG00000065325,0
ENSG00000065328,1
ENSG00000065357,2
ENSG00000065361,2
ENSG00000065413,2
ENSG00000065427,2
ENSG00000065457,2
ENSG00000065485,2
ENSG00000065491,2
ENSG00000065518,2
ENSG00000065526,2
ENSG00000065534,0
ENSG00000065548,2
ENSG00000065559,2
ENSG00000065600,2
ENSG00000065613,2
ENSG00000065615,2
ENSG00000065618,1
ENSG00000065621,2
ENSG00000065665,1
ENSG00000065675,0
ENSG00000065717,2
ENSG00000065802,2
ENSG00000065809,2
ENSG00000065833,2
ENSG00000065882,2
ENSG00000065883,2
ENSG00000065911,1
ENSG00000065923,1
ENSG00000065970,2
ENSG00000065978,2
ENSG00000065989,2
ENSG00000066027,2
ENSG00000066044,2
ENSG00000066056,0
ENSG00000066084,2
ENSG00000066117,2
ENSG00000066135,2
ENSG00000066136,2
ENSG00000066185,2
ENSG00000066230,1
ENSG00000066248,1
ENSG00000066279,1
ENSG00000066294,2
ENSG00000066322,2
ENSG00000066336,0
ENSG00000066379,2
ENSG00000066382,2
ENSG00000066405,0
ENSG00000066422,2
ENSG00000066427,2
ENSG00000066455,2
ENSG00000066468,0
ENSG00000066557,2
ENSG00000066583,2
ENSG00000066629,0
ENSG00000066651,2
ENSG00000066654,2
ENSG00000066697,2
ENSG00000066735,0
ENSG00000066739,2
ENSG00000066777,2
ENSG00000066827,2
ENSG00000066855,1
ENSG00000066923,1
ENSG00000066926,2
ENSG00000066933,2
ENSG00000067048,2
ENSG00000067057,1
ENSG00000067064,2
ENSG00000067066,2
ENSG00000067082,0
ENSG00000067113,2
ENSG00000067141,2
ENSG00000067167,2
ENSG00000067177,1
ENSG00000067182,2
ENSG00000067191,2
ENSG00000067208,2
ENSG00000067221,2
ENSG00000067225,2
ENSG00000067248,2
ENSG00000067334,2
ENSG00000067365,2
ENSG00000067369,2
ENSG00000067445,2
ENSG00000067533,2
ENSG00000067560,2
ENSG00000067596,2
ENSG00000067601,2
ENSG00000067606,2
ENSG00000067646,2
ENSG00000067704,2
ENSG00000067715,1
ENSG00000067798,2
ENSG00000067829,2
ENSG00000067836,2
ENSG00000067840,0
ENSG00000067900,2
ENSG00000067955,2
ENSG00000067992,2
ENSG00000068001,0
ENSG00000068024,2
ENSG00000068028,2
ENSG00000068078,2
ENSG00000068079,2
ENSG00000068097,2
ENSG00000068120,2
ENSG00000068137,2
ENSG00000068305,2
ENSG00000068308,2
ENSG00000068323,2
ENSG00000068354,2
ENSG00000068366,2
ENSG00000068383,2
ENSG00000068394,2
ENSG00000068400,2
ENSG00000068438,2
ENSG00000068489,1
ENSG00000068615,0
ENSG00000068650,2
ENSG00000068654,2
ENSG00000068697,2
ENSG00000068724,2
ENSG00000068745,2
ENSG00000068784,2
ENSG00000068796,2
ENSG00000068831,0
ENSG00000068878,2
ENSG00000068885,2
ENSG00000068903,2
ENSG00000068912,2
ENSG00000068971,2
ENSG00000068976,0
ENSG00000069011,1
ENSG00000069020,2
ENSG00000069122,0
ENSG00000069188,2
ENSG00000069248,2
ENSG00000069275,2
ENSG00000069329,2
ENSG00000069345,2
ENSG00000069399,2
ENSG00000069424,0
ENSG00000069431,2
ENSG00000069482,1
ENSG00000069493,2
ENSG00000069509,2
ENSG00000069535,0
ENSG00000069667,0
ENSG00000069696,2
ENSG00000069702,0
ENSG00000069764,1
ENSG00000069812,2
ENSG00000069849,2
ENSG00000069869,2
ENSG00000069943,2
ENSG00000069956,2
ENSG00000069966,2
ENSG00000069974,2
ENSG00000069998,2
ENSG00000070010,2
ENSG00000070018,2
ENSG00000070019,1
ENSG00000070031,2
ENSG00000070047,2
ENSG00000070061,2
ENSG00000070081,2
ENSG00000070087,1
ENSG00000070159,2
ENSG00000070182,1
ENSG00000070190,2
ENSG00000070193,0
ENSG00000070214,2
ENSG00000070269,2
ENSG00000070366,2
ENSG00000070367,2
ENSG00000070371,2
ENSG00000070404,2
ENSG00000070413,2
ENSG00000070423,2
ENSG00000070444,2
ENSG00000070476,2
ENSG00000070495,2
ENSG00000070501,1
ENSG00000070526,1
ENSG00000070540,2
ENSG00000070610,2
ENSG00000070614,0
ENSG00000070669,1
ENSG00000070718,2
ENSG00000070729,1
ENSG00000070731,0
ENSG00000070748,1
ENSG00000070756,1
ENSG00000070759,2
ENSG00000070761,2
ENSG00000070770,2
ENSG00000070778,0
ENSG00000070785,2
ENSG00000070808,0
ENSG00000070814,2
ENSG00000070831,2
ENSG00000070882,2
ENSG00000070915,2
ENSG00000070950,2
ENSG00000070961,2
ENSG00000071051,2
ENSG00000071054,2
ENSG00000071073,2
ENSG00000071082,2
ENSG00000071127,2
ENSG00000071189,2
ENSG00000071205,2
ENSG00000071242,2
ENSG00000071243,2
ENSG00000071246,0
ENSG00000071282,0
ENSG00000071462,2
ENSG00000071537,2
ENSG00000071539,1
ENSG00000071553,2
ENSG00000071564,2
ENSG00000071575,2
ENSG00000071626,2
ENSG00000071655,2
ENSG00000071794,2
ENSG00000071859,2
ENSG00000071889,2
ENSG00000071894,2
ENSG00000071909,1
ENSG00000071967,0
ENSG00000071991,0
ENSG00000071994,2
ENSG00000072041,1
ENSG00000072042,2
ENSG00000072062,2
ENSG00000072071,2
ENSG00000072080,1
ENSG00000072110,2
ENSG00000072121,2
ENSG00000072133,2
ENSG00000072134,2
ENSG00000072135,2
ENSG00000072163,0
ENSG00000072195,2
ENSG00000072201,2
ENSG00000072210,2
ENSG00000072274,0
ENSG00000072310,2
ENSG00000072364,2
ENSG00000072401,2
ENSG00000072415,2
ENSG00000072422,2
ENSG00000072501,2
ENSG00000072506,2
ENSG00000072518,2
ENSG00000072571,1
ENSG00000072609,2
ENSG00000072657,0
ENSG00000072682,2
ENSG00000072694,2
ENSG00000072736,2
ENSG00000072756,2
ENSG00000072778,2
ENSG00000072786,2
ENSG00000072803,2
ENSG00000072818,2
ENSG00000072832,2
ENSG00000072840,2
ENSG00000072849,2
ENSG00000072858,2
ENSG00000072864,2
ENSG00000072952,2
ENSG00000072954,2
ENSG00000072958,2
ENSG00000073008,2
ENSG00000073050,2
ENSG00000073060,2
ENSG00000073111,1
ENSG00000073146,1
ENSG00000073150,1
ENSG00000073169,2
ENSG00000073282,1
ENSG00000073331,2
ENSG00000073350,2
ENSG00000073417,2
ENSG00000073464,2
ENSG00000073536,2
ENSG00000073578,2
ENSG00000073584,2
ENSG00000073605,1
ENSG00000073614,2
ENSG00000073670,1
ENSG00000073711,2
ENSG00000073712,0
ENSG00000073737,2
ENSG00000073754,0
ENSG00000073756,2
ENSG00000073792,2
ENSG00000073803,2
ENSG00000073849,2
ENSG00000073861,2
ENSG00000073910,0
ENSG00000073921,2
ENSG00000073969,2
ENSG00000074047,2
ENSG00000074054,2
ENSG00000074071,2
ENSG00000074181,2
ENSG00000074201,2
ENSG00000074211,1
ENSG00000074219,2
ENSG00000074266,2
ENSG00000074276,1
ENSG00000074319,2
ENSG00000074356,2
ENSG00000074370,2
ENSG00000074410,1
ENSG00000074416,2
ENSG00000074527,0
ENSG00000074582,2
ENSG00000074590,2
ENSG00000074603,2
ENSG00000074621,2
ENSG00000074657,2
ENSG00000074660,0
ENSG00000074695,2
ENSG00000074696,2
ENSG00000074706,1
ENSG00000074755,2
ENSG00000074800,1
ENSG00000074842,2
ENSG00000074855,2
ENSG00000074935,2
ENSG00000074964,2
ENSG00000074966,2
ENSG00000075035,2
ENSG00000075043,1
ENSG00000075073,2
ENSG00000075089,2
ENSG00000075131,2
ENSG00000075142,2
ENSG00000075151,2
ENSG00000075188,2
ENSG00000075213,1
ENSG00000075218,1
ENSG00000075223,2
ENSG00000075234,2
ENSG00000075239,2
ENSG00000075240,2
ENSG00000075275,2
ENSG00000075292,2
ENSG00000075303,2
ENSG00000075336,2
ENSG00000075340,2
ENSG00000075391,2
ENSG00000075399,2
ENSG00000075407,2
ENSG00000075413,2
ENSG00000075415,2
ENSG00000075420,2
ENSG00000075426,2
ENSG00000075461,2
ENSG00000075539,2
ENSG00000075568,2
ENSG00000075618,2
ENSG00000075624,2
ENSG00000075643,2
ENSG00000075651,2
ENSG00000075673,2
ENSG00000075702,1
ENSG00000075711,2
ENSG00000075785,2
ENSG00000075790,2
ENSG00000075826,2
ENSG00000075856,2
ENSG00000075884,2
ENSG00000075914,2
ENSG00000075945,2
ENSG00000075975,2
ENSG00000076003,1
ENSG00000076043,2
ENSG00000076053,2
ENSG00000076067,0
ENSG00000076108,2
ENSG00000076201,2
ENSG00000076242,2
ENSG00000076248,2
ENSG00000076258,2
ENSG00000076321,2
ENSG00000076344,2
ENSG00000076351,2
ENSG00000076356,2
ENSG00000076382,1
ENSG00000076513,2
ENSG00000076554,1
ENSG00000076555,0
ENSG00000076604,1
ENSG00000076641,2
ENSG00000076650,2
ENSG00000076662,2
ENSG00000076685,2
ENSG00000076706,2
ENSG00000076716,2
ENSG00000076770,2
ENSG00000076826,2
ENSG00000076864,2
ENSG00000076924,2
ENSG00000076928,2
ENSG00000076944,2
ENSG00000076984,2
ENSG00000077044,2
ENSG00000077063,2
ENSG00000077092,2
ENSG00000077097,2
ENSG00000077147,2
ENSG00000077150,2
ENSG00000077152,1
ENSG00000077157,2
ENSG00000077232,2
ENSG00000077235,2
ENSG00000077238,2
ENSG00000077254,2
ENSG00000077264,1
ENSG00000077274,2
ENSG00000077312,2
ENSG00000077327,0
ENSG00000077348,1
ENSG00000077380,2
ENSG00000077420,2
ENSG00000077454,2
ENSG00000077458,2
ENSG00000077463,2
ENSG00000077514,2
ENSG00000077522,0
ENSG00000077549,2
ENSG00000077585,2
ENSG00000077616,2
ENSG00000077684,2
ENSG00000077713,2
ENSG00000077721,2
ENSG00000077782,2
ENSG00000077935,1
ENSG00000077942,0
ENSG00000077943,0
ENSG00000077984,2
ENSG00000078018,2
ENSG00000078043,2
ENSG00000078053,1
ENSG00000078061,2
ENSG00000078070,2
ENSG00000078081,0
ENSG00000078098,1
ENSG00000078114,0
ENSG00000078124,2
ENSG00000078140,2
ENSG00000078142,2
ENSG00000078177,2
ENSG00000078237,2
ENSG00000078246,2
ENSG00000078269,1
ENSG00000078295,2
ENSG00000078304,2
ENSG00000078319,2
ENSG00000078369,2
ENSG00000078401,0
ENSG00000078403,2
ENSG00000078487,2
ENSG00000078549,0
ENSG00000078589,2
ENSG00000078596,0
ENSG00000078618,2
ENSG00000078668,2
ENSG00000078674,2
ENSG00000078687,2
ENSG00000078699,2
ENSG00000078725,1
ENSG00000078747,2
ENSG00000078804,2
ENSG00000078808,2
ENSG00000078814,2
ENSG00000078898,1
ENSG00000078900,2
ENSG00000078902,2
ENSG00000078967,2
ENSG00000079101,2
ENSG00000079102,0
ENSG00000079112,1
ENSG00000079134,2
ENSG00000079150,2
ENSG00000079156,0
ENSG00000079215,2
ENSG00000079246,2
ENSG00000079257,2
ENSG00000079263,2
ENSG00000079277,2
ENSG00000079308,0
ENSG00000079313,2
ENSG00000079332,2
ENSG00000079335,0
ENSG00000079337,2
ENSG00000079385,1
ENSG00000079387,2
ENSG00000079393,1
ENSG00000079432,2
ENSG00000079435,2
ENSG00000079459,2
ENSG00000079462,1
ENSG00000079482,2
ENSG00000079616,1
ENSG00000079691,2
ENSG00000079739,2
ENSG00000079785,2
ENSG00000079805,2
ENSG00000079819,0
ENSG00000079841,1
ENSG00000079931,2
ENSG00000079950,2
ENSG00000079974,2
ENSG00000079999,2
ENSG00000080007,2
ENSG00000080031,1
ENSG00000080189,2
ENSG00000080200,2
ENSG00000080224,1
ENSG00000080293,2
ENSG00000080298,2
ENSG00000080345,2
ENSG00000080371,2
ENSG00000080493,2
ENSG00000080503,2
ENSG00000080546,0
ENSG00000080561,2
ENSG00000080572,0
ENSG00000080573,2
ENSG00000080603,2
ENSG00000080608,2
ENSG00000080618,0
ENSG00000080644,2
ENSG00000080709,2
ENSG00000080802,2
ENSG00000080815,2
ENSG00000080819,2
ENSG00000080822,2
ENSG00000080823,2
ENSG00000080824,2
ENSG00000080839,2
ENSG00000080845,2
ENSG00000080854,1
ENSG00000080947,2
ENSG00000080986,1
ENSG00000081014,2
ENSG00000081019,2
ENSG00000081026,2
ENSG00000081041,0
ENSG00000081052,0
ENSG00000081059,2
ENSG00000081087,2
ENSG00000081154,2
ENSG00000081177,2
ENSG00000081181,1
ENSG00000081189,2
ENSG00000081237,2
ENSG00000081277,1
ENSG00000081307,2
ENSG00000081320,2
ENSG00000081377,2
ENSG00000081386,2
ENSG00000081479,2
ENSG00000081665,2
ENSG00000081692,2
ENSG00000081721,2
ENSG00000081760,2
ENSG00000081791,2
ENSG00000081803,2
ENSG00000081818,0
ENSG00000081842,1
ENSG00000081853,2
ENSG00000081870,2
ENSG00000081913,2
ENSG00000081923,2
ENSG00000081985,1
ENSG00000082014,2
ENSG00000082068,2
ENSG00000082074,2
ENSG00000082146,2
ENSG00000082153,2
ENSG00000082175,0
ENSG00000082196,2
ENSG00000082212,2
ENSG00000082213,2
ENSG00000082258,2
ENSG00000082269,2
ENSG00000082397,0
ENSG00000082438,2
ENSG00000082458,2
ENSG00000082482,1
ENSG00000082497,2
ENSG00000082512,1
ENSG00000082515,2
ENSG00000082516,2
ENSG00000082556,1
ENSG00000082641,2
ENSG00000082684,2
ENSG00000082701,2
ENSG00000082781,2
ENSG00000082805,2
ENSG00000082898,2
ENSG00000082996,2
ENSG00000083093,2
ENSG00000083097,2
ENSG00000083099,2
ENSG00000083123,2
ENSG00000083168,2
ENSG00000083223,2
ENSG00000083290,2
ENSG00000083307,2
ENSG00000083312,2
ENSG00000083444,2
ENSG00000083454,1
ENSG00000083457,2
ENSG00000083520,2
ENSG00000083535,2
ENSG00000083544,2
ENSG00000083635,2
ENSG00000083642,2
ENSG00000083720,2
ENSG00000083750,2
ENSG00000083782,1
ENSG00000083799,2
ENSG00000083807,2
ENSG00000083812,2
ENSG00000083814,2
ENSG00000083817,2
ENSG00000083828,2
ENSG00000083838,2
ENSG00000083844,2
ENSG00000083845,2
ENSG00000083857,1
ENSG00000083896,2
ENSG00000083937,2
ENSG00000084070,2
ENSG00000084072,2
ENSG00000084073,2
ENSG00000084090,2
ENSG00000084092,2
ENSG00000084093,2
ENSG00000084110,1
ENSG00000084112,2
ENSG00000084207,2
ENSG00000084234,2
ENSG00000084444,2
ENSG00000084453,0
ENSG00000084463,2
ENSG00000084623,2
ENSG00000084628,1
ENSG00000084636,2
ENSG00000084652,2
ENSG00000084674,1
ENSG00000084676,2
ENSG00000084693,2
ENSG00000084710,0
ENSG00000084731,1
ENSG00000084733,2
ENSG00000084734,1
ENSG00000084754,2
ENSG00000084764,2
ENSG00000084774,1
ENSG00000085063,2
ENSG00000085117,2
ENSG00000085185,2
ENSG00000085224,2
ENSG00000085231,2
ENSG00000085265,0
ENSG00000085274,2
ENSG00000085276,2
ENSG00000085365,2
ENSG00000085377,2
ENSG00000085382,2
ENSG00000085415,2
ENSG00000085433,2
ENSG00000085449,2
ENSG00000085465,1
ENSG00000085491,2
ENSG00000085511,2
ENSG00000085514,0
ENSG00000085552,1
ENSG00000085563,0
ENSG00000085644,2
ENSG00000085662,2
ENSG00000085719,2
ENSG00000085721,2
ENSG00000085733,2
ENSG00000085741,0
ENSG00000085760,2
ENSG00000085788,2
ENSG00000085831,2
ENSG00000085832,2
ENSG00000085840,1
ENSG00000085871,2
ENSG00000085872,2
ENSG00000085978,2
ENSG00000085982,2
ENSG00000085998,2
ENSG00000085999,1
ENSG00000086015,2
ENSG00000086061,2
ENSG00000086062,2
ENSG00000086065,2
ENSG00000086102,2
ENSG00000086159,1
ENSG00000086189,2
ENSG00000086200,2
ENSG00000086205,2
ENSG00000086232,2
ENSG00000086289,2
ENSG00000086300,2
ENSG00000086475,2
ENSG00000086504,2
ENSG00000086544,0
ENSG00000086548,1
ENSG00000086570,1
ENSG00000086589,2
ENSG00000086598,2
ENSG00000086619,1
ENSG00000086666,2
ENSG00000086696,1
ENSG00000086712,2
ENSG00000086717,1
ENSG00000086730,2
ENSG00000086758,2
ENSG00000086827,2
ENSG00000086848,2
ENSG00000086967,1
ENSG00000086991,1
ENSG00000087008,2
ENSG00000087053,2
ENSG00000087074,0
ENSG00000087076,2
ENSG00000087077,2
ENSG00000087085,1
ENSG00000087086,2
ENSG00000087087,2
ENSG00000087088,2
ENSG00000087095,2
ENSG00000087111,2
ENSG00000087116,2
ENSG00000087128,1
ENSG00000087152,2
ENSG00000087157,2
ENSG00000087191,2
ENSG00000087206,2
ENSG00000087237,0
ENSG00000087245,2
ENSG00000087250,2
ENSG00000087253,2
ENSG00000087258,2
ENSG00000087263,2
ENSG00000087266,2
ENSG00000087269,2
ENSG00000087274,2
ENSG00000087299,2
ENSG00000087301,2
ENSG00000087302,2
ENSG00000087303,2
ENSG00000087338,2
ENSG00000087365,2
ENSG00000087448,2
ENSG00000087460,2
ENSG00000087470,2
ENSG00000087494,1
ENSG00000087495,2
ENSG00000087502,2
ENSG00000087510,1
ENSG00000087586,1
ENSG00000087589,0
ENSG00000087842,2
ENSG00000087884,2
ENSG00000087903,0
ENSG00000087995,2
ENSG00000088002,2
ENSG00000088035,2
ENSG00000088038,2
ENSG00000088179,2
ENSG00000088205,2
ENSG00000088247,2
ENSG00000088256,2
ENSG00000088280,2
ENSG00000088298,2
ENSG00000088305,1
ENSG00000088320,0
ENSG00000088325,1
ENSG00000088340,1
ENSG00000088356,2
ENSG00000088367,2
ENSG00000088386,1
ENSG00000088387,2
ENSG00000088448,2
ENSG00000088451,2
ENSG00000088538,1
ENSG00000088543,2
ENSG00000088682,2
ENSG00000088726,1
ENSG00000088727,2
ENSG00000088756,2
ENSG00000088766,2
ENSG00000088808,2
ENSG00000088812,2
ENSG00000088826,1
ENSG00000088827,0
ENSG00000088832,2
ENSG00000088833,2
ENSG00000088836,1
ENSG00000088854,0
ENSG00000088876,2
ENSG00000088881,2
ENSG00000088882,1
ENSG00000088888,2
ENSG00000088899,2
ENSG00000088926,0
ENSG00000088930,2
ENSG00000088970,2
ENSG00000088986,2
ENSG00000088992,1
ENSG00000089006,2
ENSG00000089009,2
ENSG00000089012,1
ENSG00000089022,2
ENSG00000089041,2
ENSG00000089048,2
ENSG00000089050,2
ENSG00000089053,2
ENSG00000089057,2
ENSG00000089060,2
ENSG00000089063,2
ENSG00000089091,2
ENSG00000089094,2
ENSG00000089101,0
ENSG00000089116,1
ENSG00000089123,2
ENSG00000089127,1
ENSG00000089154,2
ENSG00000089157,2
ENSG00000089159,2
ENSG00000089163,2
ENSG00000089177,2
ENSG00000089195,2
ENSG00000089199,1
ENSG00000089220,2
ENSG00000089225,0
ENSG00000089234,2
ENSG00000089248,2
ENSG00000089250,0
ENSG00000089280,2
ENSG00000089289,2
ENSG00000089327,2
ENSG00000089335,2
ENSG00000089351,2
ENSG00000089356,2
ENSG00000089472,2
ENSG00000089486,2
ENSG00000089505,1
ENSG00000089597,2
ENSG00000089639,2
ENSG00000089682,2
ENSG00000089685,1
ENSG00000089692,1
ENSG00000089693,2
ENSG00000089723,1
ENSG00000089737,2
ENSG00000089775,2
ENSG00000089818,2
ENSG00000089820,2
ENSG00000089847,2
ENSG00000089876,2
ENSG00000089902,2
ENSG00000089916,2
ENSG00000090006,0
ENSG00000090013,2
ENSG00000090020,2
ENSG00000090054,2
ENSG00000090060,2
ENSG00000090061,2
ENSG00000090097,2
ENSG00000090104,2
ENSG00000090238,2
ENSG00000090263,2
ENSG00000090266,2
ENSG00000090273,2
ENSG00000090316,2
ENSG00000090339,2
ENSG00000090372,2
ENSG00000090376,2
ENSG00000090382,0
ENSG00000090432,2
ENSG00000090447,1
ENSG00000090470,2
ENSG00000090487,2
ENSG00000090520,2
ENSG00000090530,0
ENSG00000090534,1
ENSG00000090539,1
ENSG00000090565,2
ENSG00000090581,2
ENSG00000090612,2
ENSG00000090615,2
ENSG00000090621,2
ENSG00000090659,2
ENSG00000090661,2
ENSG00000090674,0
ENSG00000090686,2
ENSG00000090776,2
ENSG00000090857,2
ENSG00000090861,2
ENSG00000090863,2
ENSG00000090889,1
ENSG00000090905,2
ENSG00000090924,2
ENSG00000090932,1
ENSG00000090971,2
ENSG00000090975,2
ENSG00000090989,2
ENSG00000091009,2
ENSG00000091039,2
ENSG00000091073,1
ENSG00000091106,0
ENSG00000091127,1
ENSG00000091129,2
ENSG00000091136,2
ENSG00000091137,1
ENSG00000091140,2
ENSG00000091157,2
ENSG00000091164,2
ENSG00000091181,0
ENSG00000091262,2
ENSG00000091317,2
ENSG00000091409,2
ENSG00000091428,0
ENSG00000091436,2
ENSG00000091483,2
ENSG00000091490,2
ENSG00000091513,1
ENSG00000091527,2
ENSG00000091536,2
ENSG00000091542,2
ENSG00000091583,2
ENSG00000091592,2
ENSG00000091622,2
ENSG00000091640,2
ENSG00000091651,1
ENSG00000091656,1
ENSG00000091732,2
ENSG00000091831,2
ENSG00000091844,1
ENSG00000091879,2
ENSG00000091947,2
ENSG00000091972,2
ENSG00000091986,2
ENSG00000092010,2
ENSG00000092020,2
ENSG00000092036,2
ENSG00000092051,0
ENSG00000092068,2
ENSG00000092094,2
ENSG00000092096,2
ENSG00000092098,2
ENSG00000092108,2
ENSG00000092140,2
ENSG00000092148,2
ENSG00000092199,2
ENSG00000092200,2
ENSG00000092201,2
ENSG00000092203,2
ENSG00000092208,2
ENSG00000092295,0
ENSG00000092330,2
ENSG00000092421,0
ENSG00000092439,2
ENSG00000092445,2
ENSG00000092470,1
ENSG00000092529,2
ENSG00000092531,2
ENSG00000092607,1
ENSG00000092621,2
ENSG00000092758,1
ENSG00000092820,2
ENSG00000092841,2
ENSG00000092847,2
ENSG00000092850,0
ENSG00000092853,1
ENSG00000092871,2
ENSG00000092929,2
ENSG00000092931,2
ENSG00000092964,0
ENSG00000092969,0
ENSG00000092978,2
ENSG00000093000,2
ENSG00000093009,1
ENSG00000093010,2
ENSG00000093072,0
ENSG00000093134,2
ENSG00000093144,2
ENSG00000093167,2
ENSG00000093183,2
ENSG00000093217,1
ENSG00000094631,2
ENSG00000094755,1
ENSG00000094804,1
ENSG00000094841,2
ENSG00000094880,2
ENSG00000094914,2
ENSG00000094916,2
ENSG00000094963,0
ENSG00000094975,2
ENSG00000095002,2
ENSG00000095015,2
ENSG00000095059,2
ENSG00000095066,2
ENSG00000095139,2
ENSG00000095203,2
ENSG00000095209,2
ENSG00000095261,2
ENSG00000095303,2
ENSG00000095319,2
ENSG00000095321,2
ENSG00000095370,0
ENSG00000095380,2
ENSG00000095383,0
ENSG00000095397,2
ENSG00000095485,2
ENSG00000095539,2
ENSG00000095564,2
ENSG00000095574,2
ENSG00000095585,2
ENSG00000095587,1
ENSG00000095627,1
ENSG00000095637,0
ENSG00000095713,0
ENSG00000095739,1
ENSG00000095752,1
ENSG00000095777,1
ENSG00000095787,2
ENSG00000095794,2
ENSG00000095906,2
ENSG00000095917,0
ENSG00000095932,1
ENSG00000095951,2
ENSG00000095970,2
ENSG00000096006,2
ENSG00000096060,2
ENSG00000096063,1
ENSG00000096070,2
ENSG00000096080,2
ENSG00000096088,2
ENSG00000096092,2
ENSG00000096093,2
ENSG00000096384,2
ENSG00000096401,2
ENSG00000096433,2
ENSG00000096654,2
ENSG00000096696,1
ENSG00000096717,2
ENSG00000096746,2
ENSG00000096872,2
ENSG00000096968,2
ENSG00000096996,2
ENSG00000097007,2
ENSG00000097021,2
ENSG00000097033,2
ENSG00000097046,1
ENSG00000097096,2
ENSG00000099139,2
ENSG00000099194,2
ENSG00000099203,2
ENSG00000099204,2
ENSG00000099219,2
ENSG00000099246,2
ENSG00000099250,2
ENSG00000099251,2
ENSG00000099256,1
ENSG00000099260,0
ENSG00000099282,2
ENSG00000099284,2
ENSG00000099290,2
ENSG00000099308,2
ENSG00000099326,2
ENSG00000099330,2
ENSG00000099331,2
ENSG00000099337,2
ENSG00000099338,2
ENSG00000099341,2
ENSG00000099364,1
ENSG00000099365,2
ENSG00000099377,2
ENSG00000099381,2
ENSG00000099385,2
ENSG00000099617,1
ENSG00000099622,2
ENSG00000099624,2
ENSG00000099625,1
ENSG00000099725,2
ENSG00000099769,2
ENSG00000099783,2
ENSG00000099785,2
ENSG00000099795,2
ENSG00000099797,2
ENSG00000099800,2
ENSG00000099804,2
ENSG00000099810,2
ENSG00000099812,2
ENSG00000099814,2
ENSG00000099817,2
ENSG00000099821,2
ENSG00000099822,1
ENSG00000099834,1
ENSG00000099840,1
ENSG00000099849,2
ENSG00000099860,0
ENSG00000099864,0
ENSG00000099866,2
ENSG00000099875,2
ENSG00000099889,2
ENSG00000099899,2
ENSG00000099901,2
ENSG00000099904,2
ENSG00000099910,2
ENSG00000099917,2
ENSG00000099937,2
ENSG00000099940,2
ENSG00000099942,2
ENSG00000099949,2
ENSG00000099953,1
ENSG00000099954,2
ENSG00000099956,2
ENSG00000099957,0
ENSG00000099958,1
ENSG00000099960,2
ENSG00000099968,2
ENSG00000099974,2
ENSG00000099985,2
ENSG00000099991,2
ENSG00000099992,2
ENSG00000099994,0
ENSG00000099995,2
ENSG00000099998,2
ENSG00000099999,2
ENSG00000100003,1
ENSG00000100012,0
ENSG00000100014,2
ENSG00000100023,2
ENSG00000100024,2
ENSG00000100027,2
ENSG00000100028,2
ENSG00000100029,2
ENSG00000100030,2
ENSG00000100031,2
ENSG00000100033,2
ENSG00000100034,0
ENSG00000100036,2
ENSG00000100055,2
ENSG00000100056,2
ENSG00000100058,2
ENSG00000100060,0
ENSG00000100065,2
ENSG00000100068,2
ENSG00000100075,2
ENSG00000100077,2
ENSG00000100078,0
ENSG00000100079,2
ENSG00000100083,2
ENSG00000100084,2
ENSG00000100092,2
ENSG00000100097,2
ENSG00000100099,2
ENSG00000100100,0
ENSG00000100104,2
ENSG00000100105,2
ENSG00000100106,2
ENSG00000100109,2
ENSG00000100116,1
ENSG00000100124,2
ENSG00000100129,2
ENSG00000100138,2
ENSG00000100139,2
ENSG00000100142,2
ENSG00000100147,2
ENSG00000100150,2
ENSG00000100151,2
ENSG00000100154,0
ENSG00000100156,1
ENSG00000100162,1
ENSG00000100167,1
ENSG00000100170,2
ENSG00000100181,2
ENSG00000100191,0
ENSG00000100196,1
ENSG00000100197,1
ENSG00000100201,2
ENSG00000100206,2
ENSG00000100207,2
ENSG00000100209,2
ENSG00000100211,2
ENSG00000100216,2
ENSG00000100218,0
ENSG00000100219,2
ENSG00000100220,2
ENSG00000100221,2
ENSG00000100225,2
ENSG00000100226,2
ENSG00000100227,2
ENSG00000100228,2
ENSG00000100234,0
ENSG00000100239,2
ENSG00000100241,2
ENSG00000100242,2
ENSG00000100243,2
ENSG00000100246,2
ENSG00000100253,1
ENSG00000100258,2
ENSG00000100263,2
ENSG00000100266,2
ENSG00000100271,2
ENSG00000100276,2
ENSG00000100280,2
ENSG00000100281,2
ENSG00000100284,2
ENSG00000100285,1
ENSG00000100288,2
ENSG00000100290,1
ENSG00000100292,2
ENSG00000100294,2
ENSG00000100296,2
ENSG00000100297,2
ENSG00000100298,2
ENSG00000100299,2
ENSG00000100300,2
ENSG00000100302,2
ENSG00000100304,2
ENSG00000100307,0
ENSG00000100311,0
ENSG00000100316,2
ENSG00000100319,2
ENSG00000100320,2
ENSG00000100321,2
ENSG00000100324,2
ENSG00000100325,2
ENSG00000100330,2
ENSG00000100335,2
ENSG00000100336,0
ENSG00000100342,2
ENSG00000100344,2
ENSG00000100345,2
ENSG00000100346,1
ENSG00000100347,2
ENSG00000100348,2
ENSG00000100350,2
ENSG00000100351,2
ENSG00000100353,2
ENSG00000100354,2
ENSG00000100359,2
ENSG00000100360,2
ENSG00000100362,0
ENSG00000100364,2
ENSG00000100365,2
ENSG00000100368,2
ENSG00000100372,2
ENSG00000100373,1
ENSG00000100376,2
ENSG00000100379,2
ENSG00000100380,2
ENSG00000100385,2
ENSG00000100387,2
ENSG00000100393,2
ENSG00000100395,2
ENSG00000100399,2
ENSG00000100401,2
ENSG00000100403,2
ENSG00000100410,2
ENSG00000100412,2
ENSG00000100413,2
ENSG00000100416,2
ENSG00000100417,2
ENSG00000100418,2
ENSG00000100422,2
ENSG00000100425,2
ENSG00000100426,2
ENSG00000100427,0
ENSG00000100429,1
ENSG00000100439,2
ENSG00000100441,2
ENSG00000100442,2
ENSG00000100445,2
ENSG00000100448,0
ENSG00000100450,2
ENSG00000100453,2
ENSG00000100461,2
ENSG00000100462,2
ENSG00000100473,1
ENSG00000100478,2
ENSG00000100479,1
ENSG00000100483,2
ENSG00000100485,2
ENSG00000100490,2
ENSG00000100503,2
ENSG00000100504,2
ENSG00000100505,1
ENSG00000100519,2
ENSG00000100522,1
ENSG00000100523,2
ENSG00000100526,1
ENSG00000100528,2
ENSG00000100532,2
ENSG00000100554,2
ENSG00000100557,1
ENSG00000100558,1
ENSG00000100564,2
ENSG00000100567,2
ENSG00000100568,2
ENSG00000100575,2
ENSG00000100577,2
ENSG00000100578,2
ENSG00000100580,2
ENSG00000100583,2
ENSG00000100591,2
ENSG00000100592,2
ENSG00000100596,2
ENSG00000100599,2
ENSG00000100600,2
ENSG00000100601,2
ENSG00000100603,2
ENSG00000100604,1
ENSG00000100605,2
ENSG00000100612,2
ENSG00000100614,2
ENSG00000100625,1
ENSG00000100626,0
ENSG00000100628,2
ENSG00000100629,2
ENSG00000100632,2
ENSG00000100644,2
ENSG00000100647,2
ENSG00000100650,2
ENSG00000100664,2
ENSG00000100665,1
ENSG00000100678,0
ENSG00000100697,2
ENSG00000100711,2
ENSG00000100714,2
ENSG00000100721,2
ENSG00000100722,2
ENSG00000100726,2
ENSG00000100731,2
ENSG00000100739,2
ENSG00000100744,2
ENSG00000100749,2
ENSG00000100764,2
ENSG00000100767,2
ENSG00000100784,2
ENSG00000100796,2
ENSG00000100802,2
ENSG00000100804,2
ENSG00000100811,2
ENSG00000100813,2
ENSG00000100814,2
ENSG00000100815,2
ENSG00000100823,2
ENSG00000100836,1
ENSG00000100842,2
ENSG00000100852,2
ENSG00000100865,2
ENSG00000100867,1
ENSG00000100883,2
ENSG00000100888,2
ENSG00000100889,2
ENSG00000100890,2
ENSG00000100897,2
ENSG00000100902,1
ENSG00000100906,0
ENSG00000100908,1
ENSG00000100911,2
ENSG00000100916,2
ENSG00000100918,2
ENSG00000100926,2
ENSG00000100934,2
ENSG00000100938,2
ENSG00000100941,2
ENSG00000100949,2
ENSG00000100968,1
ENSG00000100979,2
ENSG00000100982,2
ENSG00000100983,2
ENSG00000100985,1
ENSG00000100987,1
ENSG00000100991,2
ENSG00000100994,2
ENSG00000100997,2
ENSG00000101000,2
ENSG00000101003,1
ENSG00000101004,2
ENSG00000101017,2
ENSG00000101019,2
ENSG00000101040,2
ENSG00000101049,1
ENSG00000101052,2
ENSG00000101057,1
ENSG00000101076,1
ENSG00000101079,2
ENSG00000101082,2
ENSG00000101084,1
ENSG00000101096,2
ENSG00000101098,0
ENSG00000101104,1
ENSG00000101109,2
ENSG00000101115,1
ENSG00000101126,2
ENSG00000101132,2
ENSG00000101134,1
ENSG00000101138,2
ENSG00000101144,2
ENSG00000101146,2
ENSG00000101150,2
ENSG00000101152,2
ENSG00000101158,2
ENSG00000101160,2
ENSG00000101161,2
ENSG00000101162,0
ENSG00000101166,2
ENSG00000101181,2
ENSG00000101182,2
ENSG00000101187,2
ENSG00000101189,1
ENSG00000101190,2
ENSG00000101191,2
ENSG00000101193,2
ENSG00000101194,1
ENSG00000101197,2
ENSG00000101198,1
ENSG00000101199,2
ENSG00000101210,1
ENSG00000101213,1
ENSG00000101216,2
ENSG00000101220,2
ENSG00000101222,0
ENSG00000101224,2
ENSG00000101230,2
ENSG00000101236,2
ENSG00000101246,2
ENSG00000101247,2
ENSG00000101255,1
ENSG00000101265,0
ENSG00000101266,2
ENSG00000101276,1
ENSG00000101280,0
ENSG00000101282,0
ENSG00000101290,2
ENSG00000101294,2
ENSG00000101298,2
ENSG00000101307,0
ENSG00000101310,2
ENSG00000101311,1
ENSG00000101331,0
ENSG00000101333,2
ENSG00000101335,0
ENSG00000101336,0
ENSG00000101337,2
ENSG00000101342,2
ENSG00000101343,2
ENSG00000101346,2
ENSG00000101347,0
ENSG00000101350,2
ENSG00000101353,2
ENSG00000101361,2
ENSG00000101363,2
ENSG00000101365,2
ENSG00000101367,2
ENSG00000101384,2
ENSG00000101391,2
ENSG00000101400,2
ENSG00000101407,2
ENSG00000101412,1
ENSG00000101413,2
ENSG00000101417,0
ENSG00000101421,2
ENSG00000101439,2
ENSG00000101441,1
ENSG00000101442,2
ENSG00000101443,1
ENSG00000101444,2
ENSG00000101445,0
ENSG00000101447,1
ENSG00000101452,2
ENSG00000101457,1
ENSG00000101460,2
ENSG00000101463,1
ENSG00000101464,2
ENSG00000101470,1
ENSG00000101473,2
ENSG00000101474,2
ENSG00000101489,2
ENSG00000101493,2
ENSG00000101542,1
ENSG00000101544,2
ENSG00000101546,2
ENSG00000101557,2
ENSG00000101558,2
ENSG00000101574,2
ENSG00000101577,2
ENSG00000101596,2
ENSG00000101605,2
ENSG00000101608,2
ENSG00000101624,2
ENSG00000101639,2
ENSG00000101654,2
ENSG00000101665,0
ENSG00000101670,2
ENSG00000101680,2
ENSG00000101695,2
ENSG00000101745,2
ENSG00000101746,1
ENSG00000101751,2
ENSG00000101752,2
ENSG00000101773,2
ENSG00000101782,2
ENSG00000101811,1
ENSG00000101825,1
ENSG00000101842,1
ENSG00000101843,2
ENSG00000101844,2
ENSG00000101846,2
ENSG00000101849,2
ENSG00000101850,1
ENSG00000101856,2
ENSG00000101868,2
ENSG00000101871,2
ENSG00000101882,2
ENSG00000101888,2
ENSG00000101901,2
ENSG00000101911,2
ENSG00000101916,0
ENSG00000101928,2
ENSG00000101935,2
ENSG00000101938,0
ENSG00000101940,2
ENSG00000101945,2
ENSG00000101955,0
ENSG00000101966,2
ENSG00000101972,2
ENSG00000101974,2
ENSG00000101986,2
ENSG00000101997,2
ENSG00000102001,2
ENSG00000102003,2
ENSG00000102007,2
ENSG00000102010,0
ENSG00000102024,2
ENSG00000102030,2
ENSG00000102032,2
ENSG00000102034,2
ENSG00000102038,2
ENSG00000102043,2
ENSG00000102048,2
ENSG00000102053,0
ENSG00000102054,2
ENSG00000102057,2
ENSG00000102078,2
ENSG00000102081,2
ENSG00000102096,2
ENSG00000102098,1
ENSG00000102100,2
ENSG00000102103,2
ENSG00000102104,0
ENSG00000102109,1
ENSG00000102119,2
ENSG00000102125,2
ENSG00000102144,2
ENSG00000102158,2
ENSG00000102172,2
ENSG00000102174,0
ENSG00000102178,2
ENSG00000102181,2
ENSG00000102189,2
ENSG00000102218,2
ENSG00000102221,2
ENSG00000102225,2
ENSG00000102226,2
ENSG00000102230,0
ENSG00000102241,2
ENSG00000102243,2
ENSG00000102245,2
ENSG00000102265,1
ENSG00000102271,2
ENSG00000102287,1
ENSG00000102302,2
ENSG00000102309,2
ENSG00000102312,2
ENSG00000102316,2
ENSG00000102317,2
ENSG00000102349,2
ENSG00000102359,1
ENSG00000102362,2
ENSG00000102383,2
ENSG00000102384,1
ENSG00000102385,1
ENSG00000102390,2
ENSG00000102393,2
ENSG00000102401,2
ENSG00000102409,2
ENSG00000102445,2
ENSG00000102452,2
ENSG00000102466,0
ENSG00000102468,2
ENSG00000102471,2
ENSG00000102524,2
ENSG00000102531,2
ENSG00000102543,2
ENSG00000102547,0
ENSG00000102554,2
ENSG00000102572,2
ENSG00000102575,0
ENSG00000102580,2
ENSG00000102595,2
ENSG00000102606,2
ENSG00000102678,2
ENSG00000102683,0
ENSG00000102699,2
ENSG00000102710,2
ENSG00000102738,2
ENSG00000102743,2
ENSG00000102753,2
ENSG00000102755,2
ENSG00000102760,0
ENSG00000102763,2
ENSG00000102780,2
ENSG00000102781,2
ENSG00000102786,2
ENSG00000102796,2
ENSG00000102802,2
ENSG00000102804,2
ENSG00000102805,2
ENSG00000102837,1
ENSG00000102854,1
ENSG00000102858,2
ENSG00000102870,2
ENSG00000102871,2
ENSG00000102878,1
ENSG00000102879,2
ENSG00000102882,2
ENSG00000102886,2
ENSG00000102890,1
ENSG00000102893,2
ENSG00000102897,2
ENSG00000102898,2
ENSG00000102900,2
ENSG00000102901,2
ENSG00000102904,0
ENSG00000102908,2
ENSG00000102910,2
ENSG00000102921,2
ENSG00000102934,0
ENSG00000102935,0
ENSG00000102962,2
ENSG00000102967,2
ENSG00000102970,2
ENSG00000102974,2
ENSG00000102977,2
ENSG00000102978,2
ENSG00000102981,2
ENSG00000102984,2
ENSG00000102996,1
ENSG00000103005,2
ENSG00000103018,2
ENSG00000103021,2
ENSG00000103024,2
ENSG00000103034,0
ENSG00000103035,2
ENSG00000103037,2
ENSG00000103042,2
ENSG00000103043,2
ENSG00000103044,2
ENSG00000103047,2
ENSG00000103051,2
ENSG00000103056,2
ENSG00000103061,2
ENSG00000103064,2
ENSG00000103066,2
ENSG00000103067,2
ENSG00000103089,1
ENSG00000103091,2
ENSG00000103111,2
ENSG00000103121,2
ENSG00000103126,2
ENSG00000103145,2
ENSG00000103148,2
ENSG00000103150,2
ENSG00000103152,2
ENSG00000103154,1
ENSG00000103160,2
ENSG00000103168,2
ENSG00000103174,2
ENSG00000103175,0
ENSG00000103184,2
ENSG00000103187,2
ENSG00000103194,2
ENSG00000103196,2
ENSG00000103197,2
ENSG00000103199,2
ENSG00000103202,1
ENSG00000103222,2
ENSG00000103226,2
ENSG00000103227,2
ENSG00000103241,0
ENSG00000103245,2
ENSG00000103248,2
ENSG00000103249,2
ENSG00000103253,1
ENSG00000103254,2
ENSG00000103257,1
ENSG00000103260,2
ENSG00000103264,2
ENSG00000103266,2
ENSG00000103269,1
ENSG00000103274,2
ENSG00000103275,2
ENSG00000103313,0
ENSG00000103316,1
ENSG00000103319,2
ENSG00000103326,2
ENSG00000103335,2
ENSG00000103342,2
ENSG00000103343,2
ENSG00000103351,2
ENSG00000103353,2
ENSG00000103356,2
ENSG00000103363,2
ENSG00000103365,2
ENSG00000103381,2
ENSG00000103404,2
ENSG00000103415,2
ENSG00000103423,2
ENSG00000103429,2
ENSG00000103449,1
ENSG00000103460,1
ENSG00000103479,2
ENSG00000103485,1
ENSG00000103489,2
ENSG00000103490,2
ENSG00000103494,2
ENSG00000103495,2
ENSG00000103496,2
ENSG00000103502,2
ENSG00000103507,2
ENSG00000103510,2
ENSG00000103512,2
ENSG00000103522,2
ENSG00000103528,2
ENSG00000103534,2
ENSG00000103540,2
ENSG00000103544,2
ENSG00000103549,2
ENSG00000103550,1
ENSG00000103569,0
ENSG00000103591,2
ENSG00000103599,2
ENSG00000103642,2
ENSG00000103647,0
ENSG00000103653,2
ENSG00000103657,2
ENSG00000103671,2
ENSG00000103707,2
ENSG00000103710,0
ENSG00000103723,2
ENSG00000103740,0
ENSG00000103742,1
ENSG00000103769,2
ENSG00000103811,2
ENSG00000103852,2
ENSG00000103855,2
ENSG00000103876,2
ENSG00000103888,1
ENSG00000103932,2
ENSG00000103942,2
ENSG00000103966,2
ENSG00000103978,2
ENSG00000103994,0
ENSG00000103995,2
ENSG00000104043,2
ENSG00000104044,2
ENSG00000104047,2
ENSG00000104055,1
ENSG00000104059,0
ENSG00000104064,2
ENSG00000104067,2
ENSG00000104081,2
ENSG00000104093,2
ENSG00000104112,1
ENSG00000104129,2
ENSG00000104131,2
ENSG00000104133,2
ENSG00000104140,1
ENSG00000104142,2
ENSG00000104147,1
ENSG00000104154,2
ENSG00000104164,2
ENSG00000104177,2
ENSG00000104205,2
ENSG00000104213,1
ENSG00000104218,2
ENSG00000104219,2
ENSG00000104221,2
ENSG00000104228,2
ENSG00000104231,2
ENSG00000104237,0
ENSG00000104267,0
ENSG00000104290,2
ENSG00000104299,2
ENSG00000104312,2
ENSG00000104313,2
ENSG00000104320,2
ENSG00000104321,1
ENSG00000104324,2
ENSG00000104325,2
ENSG00000104327,1
ENSG00000104331,2
ENSG00000104332,2
ENSG00000104341,1
ENSG00000104343,2
ENSG00000104356,2
ENSG00000104361,2
ENSG00000104365,2
ENSG00000104368,1
ENSG00000104369,2
ENSG00000104375,2
ENSG00000104381,2
ENSG00000104388,2
ENSG00000104408,2
ENSG00000104412,2
ENSG00000104413,1
ENSG00000104415,1
ENSG00000104419,2
ENSG00000104427,2
ENSG00000104432,2
ENSG00000104435,1
ENSG00000104442,2
ENSG00000104447,2
ENSG00000104450,2
ENSG00000104472,2
ENSG00000104490,2
ENSG00000104497,2
ENSG00000104517,2
ENSG00000104518,2
ENSG00000104522,1
ENSG00000104524,1
ENSG00000104529,2
ENSG00000104537,1
ENSG00000104549,2
ENSG00000104611,2
ENSG00000104613,2
ENSG00000104626,2
ENSG00000104635,2
ENSG00000104643,2
ENSG00000104660,2
ENSG00000104671,2
ENSG00000104679,2
ENSG00000104687,2
ENSG00000104689,2
ENSG00000104691,2
ENSG00000104695,2
ENSG00000104714,2
ENSG00000104723,2
ENSG00000104728,2
ENSG00000104731,2
ENSG00000104738,1
ENSG00000104756,2
ENSG00000104760,1
ENSG00000104763,2
ENSG00000104765,2
ENSG00000104774,2
ENSG00000104783,1
ENSG00000104805,2
ENSG00000104808,2
ENSG00000104812,2
ENSG00000104814,2
ENSG00000104823,2
ENSG00000104824,2
ENSG00000104825,2
ENSG00000104833,1
ENSG00000104835,2
ENSG00000104852,2
ENSG00000104853,2
ENSG00000104856,2
ENSG00000104859,2
ENSG00000104863,2
ENSG00000104866,2
ENSG00000104870,2
ENSG00000104872,2
ENSG00000104879,1
ENSG00000104880,2
ENSG00000104881,2
ENSG00000104883,2
ENSG00000104884,2
ENSG00000104885,2
ENSG00000104886,2
ENSG00000104888,2
ENSG00000104892,1
ENSG00000104894,0
ENSG00000104897,2
ENSG00000104899,1
ENSG00000104901,2
ENSG00000104903,2
ENSG00000104904,2
ENSG00000104907,2
ENSG00000104915,2
ENSG00000104918,0
ENSG00000104921,2
ENSG00000104936,2
ENSG00000104946,2
ENSG00000104951,1
ENSG00000104953,2
ENSG00000104957,2
ENSG00000104960,2
ENSG00000104964,2
ENSG00000104967,0
ENSG00000104969,2
ENSG00000104972,2
ENSG00000104973,2
ENSG00000104974,0
ENSG00000104976,2
ENSG00000104979,2
ENSG00000104980,2
ENSG00000104983,2
ENSG00000104998,2
ENSG00000105011,1
ENSG00000105048,1
ENSG00000105053,2
ENSG00000105058,2
ENSG00000105063,2
ENSG00000105072,2
ENSG00000105085,2
ENSG00000105088,2
ENSG00000105122,2
ENSG00000105127,2
ENSG00000105131,1
ENSG00000105135,2
ENSG00000105136,2
ENSG00000105137,2
ENSG00000105146,2
ENSG00000105171,2
ENSG00000105173,1
ENSG00000105176,2
ENSG00000105185,2
ENSG00000105186,2
ENSG00000105193,2
ENSG00000105197,2
ENSG00000105202,2
ENSG00000105204,2
ENSG00000105219,1
ENSG00000105220,1
ENSG00000105221,2
ENSG00000105223,2
ENSG00000105227,0
ENSG00000105229,2
ENSG00000105245,2
ENSG00000105246,2
ENSG00000105248,2
ENSG00000105254,2
ENSG00000105255,1
ENSG00000105258,2
ENSG00000105270,2
ENSG00000105278,1
ENSG00000105281,2
ENSG00000105287,2
ENSG00000105289,2
ENSG00000105290,1
ENSG00000105298,2
ENSG00000105321,2
ENSG00000105323,2
ENSG00000105325,2
ENSG00000105327,2
ENSG00000105329,2
ENSG00000105339,0
ENSG00000105341,2
ENSG00000105352,2
ENSG00000105355,2
ENSG00000105357,2
ENSG00000105364,2
ENSG00000105366,2
ENSG00000105369,1
ENSG00000105372,2
ENSG00000105373,2
ENSG00000105374,0
ENSG00000105376,2
ENSG00000105379,2
ENSG00000105383,0
ENSG00000105388,1
ENSG00000105393,2
ENSG00000105397,2
ENSG00000105401,2
ENSG00000105402,2
ENSG00000105404,2
ENSG00000105419,2
ENSG00000105426,2
ENSG00000105427,1
ENSG00000105429,2
ENSG00000105438,2
ENSG00000105443,2
ENSG00000105447,2
ENSG00000105464,1
ENSG00000105472,2
ENSG00000105479,0
ENSG00000105483,2
ENSG00000105486,2
ENSG00000105492,0
ENSG00000105497,2
ENSG00000105499,2
ENSG00000105509,0
ENSG00000105514,2
ENSG00000105516,2
ENSG00000105518,2
ENSG00000105519,0
ENSG00000105520,2
ENSG00000105523,2
ENSG00000105538,0
ENSG00000105549,1
ENSG00000105552,2
ENSG00000105556,2
ENSG00000105559,2
ENSG00000105568,2
ENSG00000105576,2
ENSG00000105607,2
ENSG00000105609,2
ENSG00000105612,2
ENSG00000105613,1
ENSG00000105617,2
ENSG00000105618,2
ENSG00000105619,2
ENSG00000105639,1
ENSG00000105640,2
ENSG00000105641,1
ENSG00000105643,2
ENSG00000105649,2
ENSG00000105655,1
ENSG00000105656,2
ENSG00000105662,2
ENSG00000105664,1
ENSG00000105669,2
ENSG00000105671,2
ENSG00000105672,2
ENSG00000105676,2
ENSG00000105677,2
ENSG00000105696,1
ENSG00000105697,1
ENSG00000105698,2
ENSG00000105699,1
ENSG00000105700,2
ENSG00000105701,2
ENSG00000105705,2
ENSG00000105707,1
ENSG00000105708,2
ENSG00000105711,2
ENSG00000105717,2
ENSG00000105722,2
ENSG00000105723,2
ENSG00000105726,2
ENSG00000105732,2
ENSG00000105737,1
ENSG00000105738,2
ENSG00000105750,2
ENSG00000105755,2
ENSG00000105767,2
ENSG00000105771,2
ENSG00000105778,1
ENSG00000105784,0
ENSG00000105792,2
ENSG00000105793,2
ENSG00000105808,2
ENSG00000105810,2
ENSG00000105819,2
ENSG00000105821,2
ENSG00000105825,1
ENSG00000105829,2
ENSG00000105835,2
ENSG00000105849,2
ENSG00000105851,2
ENSG00000105852,2
ENSG00000105854,2
ENSG00000105855,1
ENSG00000105856,2
ENSG00000105865,1
ENSG00000105866,2
ENSG00000105875,2
ENSG00000105877,2
ENSG00000105879,2
ENSG00000105880,1
ENSG00000105887,2
ENSG00000105889,1
ENSG00000105894,2
ENSG00000105926,1
ENSG00000105928,2
ENSG00000105929,1
ENSG00000105939,2
ENSG00000105948,2
ENSG00000105953,2
ENSG00000105963,2
ENSG00000105967,2
ENSG00000105968,2
ENSG00000105971,0
ENSG00000105974,0
ENSG00000105976,1
ENSG00000105982,2
ENSG00000105983,2
ENSG00000105989,0
ENSG00000105991,1
ENSG00000105993,2
ENSG00000105996,2
ENSG00000105997,2
ENSG00000106003,1
ENSG00000106004,0
ENSG00000106009,2
ENSG00000106012,2
ENSG00000106018,2
ENSG00000106025,0
ENSG00000106028,2
ENSG00000106031,1
ENSG00000106034,0
ENSG00000106049,2
ENSG00000106052,2
ENSG00000106066,2
ENSG00000106070,2
ENSG00000106077,1
ENSG00000106078,0
ENSG00000106080,2
ENSG00000106086,1
ENSG00000106089,1
ENSG00000106100,2
ENSG00000106105,1
ENSG00000106113,2
ENSG00000106123,2
ENSG00000106125,2
ENSG00000106144,2
ENSG00000106153,2
ENSG00000106178,0
ENSG00000106211,2
ENSG00000106236,1
ENSG00000106244,2
ENSG00000106245,2
ENSG00000106246,2
ENSG00000106258,2
ENSG00000106261,2
ENSG00000106263,2
ENSG00000106266,2
ENSG00000106268,2
ENSG00000106278,1
ENSG00000106290,2
ENSG00000106299,2
ENSG00000106305,1
ENSG00000106327,1
ENSG00000106330,2
ENSG00000106333,2
ENSG00000106344,2
ENSG00000106346,2
ENSG00000106348,2
ENSG00000106351,2
ENSG00000106355,2
ENSG00000106366,2
ENSG00000106367,1
ENSG00000106392,2
ENSG00000106397,2
ENSG00000106399,2
ENSG00000106400,2
ENSG00000106404,2
ENSG00000106415,2
ENSG00000106443,2
ENSG00000106459,2
ENSG00000106460,2
ENSG00000106462,1
ENSG00000106477,2
ENSG00000106479,2
ENSG00000106483,1
ENSG00000106484,1
ENSG00000106511,0
ENSG00000106524,2
ENSG00000106526,2
ENSG00000106536,1
ENSG00000106537,2
ENSG00000106538,0
ENSG00000106541,1
ENSG00000106546,2
ENSG00000106554,2
ENSG00000106560,2
ENSG00000106565,2
ENSG00000106571,2
ENSG00000106588,2
ENSG00000106591,2
ENSG00000106603,2
ENSG00000106605,2
ENSG00000106608,2
ENSG00000106609,2
ENSG00000106610,2
ENSG00000106615,2
ENSG00000106617,2
ENSG00000106624,2
ENSG00000106628,2
ENSG00000106635,2
ENSG00000106636,2
ENSG00000106638,2
ENSG00000106665,2
ENSG00000106682,2
ENSG00000106683,1
ENSG00000106686,2
ENSG00000106688,0
ENSG00000106692,2
ENSG00000106701,2
ENSG00000106714,2
ENSG00000106723,2
ENSG00000106733,2
ENSG00000106771,2
ENSG00000106772,2
ENSG00000106780,2
ENSG00000106785,2
ENSG00000106789,2
ENSG00000106799,2
ENSG00000106803,2
ENSG00000106804,2
ENSG00000106809,0
ENSG00000106819,2
ENSG00000106823,0
ENSG00000106829,2
ENSG00000106852,0
ENSG00000106853,1
ENSG00000106868,2
ENSG00000106927,1
ENSG00000106948,2
ENSG00000106952,2
ENSG00000106976,1
ENSG00000106991,0
ENSG00000106992,0
ENSG00000106993,2
ENSG00000107020,2
ENSG00000107021,2
ENSG00000107036,2
ENSG00000107077,2
ENSG00000107099,0
ENSG00000107104,2
ENSG00000107105,1
ENSG00000107130,2
ENSG00000107140,2
ENSG00000107147,1
ENSG00000107159,1
ENSG00000107164,2
ENSG00000107165,0
ENSG00000107175,2
ENSG00000107185,2
ENSG00000107186,2
ENSG00000107201,2
ENSG00000107223,2
ENSG00000107242,0
ENSG00000107249,2
ENSG00000107262,2
ENSG00000107263,2
ENSG00000107281,2
ENSG00000107282,2
ENSG00000107290,2
ENSG00000107295,0
ENSG00000107317,0
ENSG00000107331,2
ENSG00000107338,2
ENSG00000107341,2
ENSG00000107362,2
ENSG00000107371,2
ENSG00000107372,2
ENSG00000107404,2
ENSG00000107438,0
ENSG00000107443,2
ENSG00000107485,2
ENSG00000107518,2
ENSG00000107521,2
ENSG00000107537,2
ENSG00000107551,2
ENSG00000107554,2
ENSG00000107560,2
ENSG00000107562,0
ENSG00000107566,2
ENSG00000107581,2
ENSG00000107593,0
ENSG00000107611,2
ENSG00000107614,2
ENSG00000107625,2
ENSG00000107643,2
ENSG00000107651,2
ENSG00000107669,2
ENSG00000107672,2
ENSG00000107679,2
ENSG00000107719,0
ENSG00000107731,2
ENSG00000107736,0
ENSG00000107738,0
ENSG00000107742,0
ENSG00000107745,2
ENSG00000107758,2
ENSG00000107771,2
ENSG00000107779,2
ENSG00000107789,2
ENSG00000107796,2
ENSG00000107798,0
ENSG00000107815,1
ENSG00000107816,2
ENSG00000107819,2
ENSG00000107821,2
ENSG00000107829,2
ENSG00000107833,1
ENSG00000107854,2
ENSG00000107862,2
ENSG00000107863,2
ENSG00000107864,2
ENSG00000107872,2
ENSG00000107874,2
ENSG00000107882,2
ENSG00000107890,2
ENSG00000107897,2
ENSG00000107902,2
ENSG00000107929,2
ENSG00000107937,2
ENSG00000107938,2
ENSG00000107949,2
ENSG00000107951,2
ENSG00000107954,1
ENSG00000107957,2
ENSG00000107959,2
ENSG00000107960,2
ENSG00000107968,0
ENSG00000107984,1
ENSG00000108001,2
ENSG00000108010,2
ENSG00000108021,2
ENSG00000108039,2
ENSG00000108055,2
ENSG00000108061,2
ENSG00000108064,2
ENSG00000108091,2
ENSG00000108094,2
ENSG00000108100,2
ENSG00000108106,1
ENSG00000108107,2
ENSG00000108175,2
ENSG00000108176,1
ENSG00000108179,1
ENSG00000108187,1
ENSG00000108219,2
ENSG00000108239,2
ENSG00000108242,1
ENSG00000108244,1
ENSG00000108256,2
ENSG00000108262,2
ENSG00000108298,2
ENSG00000108306,2
ENSG00000108309,1
ENSG00000108312,2
ENSG00000108342,0
ENSG00000108344,2
ENSG00000108349,2
ENSG00000108352,1
ENSG00000108370,0
ENSG00000108375,1
ENSG00000108379,1
ENSG00000108381,0
ENSG00000108384,2
ENSG00000108387,0
ENSG00000108389,2
ENSG00000108395,2
ENSG00000108405,0
ENSG00000108406,2
ENSG00000108423,2
ENSG00000108424,2
ENSG00000108433,2
ENSG00000108439,2
ENSG00000108443,2
ENSG00000108448,1
ENSG00000108465,1
ENSG00000108468,2
ENSG00000108469,2
ENSG00000108474,2
ENSG00000108479,2
ENSG00000108506,2
ENSG00000108509,2
ENSG00000108510,2
ENSG00000108511,1
ENSG00000108515,1
ENSG00000108518,2
ENSG00000108523,2
ENSG00000108528,2
ENSG00000108551,1
ENSG00000108556,2
ENSG00000108557,2
ENSG00000108559,2
ENSG00000108561,2
ENSG00000108576,0
ENSG00000108578,2
ENSG00000108582,1
ENSG00000108587,2
ENSG00000108588,2
ENSG00000108590,2
ENSG00000108591,2
ENSG00000108592,2
ENSG00000108599,2
ENSG00000108602,1
ENSG00000108604,2
ENSG00000108622,0
ENSG00000108639,2
ENSG00000108641,2
ENSG00000108651,2
ENSG00000108654,2
ENSG00000108666,2
ENSG00000108669,2
ENSG00000108671,2
ENSG00000108679,2
ENSG00000108688,1
ENSG00000108691,0
ENSG00000108700,2
ENSG00000108733,2
ENSG00000108771,2
ENSG00000108773,1
ENSG00000108774,2
ENSG00000108784,2
ENSG00000108785,2
ENSG00000108786,1
ENSG00000108788,2
ENSG00000108797,2
ENSG00000108798,2
ENSG00000108799,2
ENSG00000108813,1
ENSG00000108819,2
ENSG00000108821,1
ENSG00000108823,0
ENSG00000108826,2
ENSG00000108828,2
ENSG00000108829,2
ENSG00000108830,2
ENSG00000108839,2
ENSG00000108840,2
ENSG00000108846,1
ENSG00000108848,2
ENSG00000108852,2
ENSG00000108854,2
ENSG00000108861,2
ENSG00000108883,2
ENSG00000108924,0
ENSG00000108932,0
ENSG00000108946,2
ENSG00000108947,2
ENSG00000108950,2
ENSG00000108953,2
ENSG00000108958,2
ENSG00000108960,2
ENSG00000108961,2
ENSG00000108963,2
ENSG00000108984,2
ENSG00000109016,2
ENSG00000109046,2
ENSG00000109062,2
ENSG00000109063,2
ENSG00000109065,1
ENSG00000109066,2
ENSG00000109072,2
ENSG00000109079,2
ENSG00000109083,2
ENSG00000109084,2
ENSG00000109089,2
ENSG00000109099,0
ENSG00000109101,2
ENSG00000109103,2
ENSG00000109107,2
ENSG00000109111,2
ENSG00000109113,2
ENSG00000109118,2
ENSG00000109133,2
ENSG00000109171,2
ENSG00000109180,2
ENSG00000109182,0
ENSG00000109184,2
ENSG00000109189,2
ENSG00000109205,0
ENSG00000109220,2
ENSG00000109255,1
ENSG00000109265,1
ENSG00000109270,2
ENSG00000109320,2
ENSG00000109321,2
ENSG00000109323,2
ENSG00000109332,2
ENSG00000109339,2
ENSG00000109381,2
ENSG00000109390,2
ENSG00000109436,2
ENSG00000109445,2
ENSG00000109452,2
ENSG00000109458,0
ENSG00000109466,2
ENSG00000109472,2
ENSG00000109475,2
ENSG00000109501,0
ENSG00000109511,1
ENSG00000109519,2
ENSG00000109534,2
ENSG00000109536,2
ENSG00000109572,2
ENSG00000109576,2
ENSG00000109586,1
ENSG00000109606,2
ENSG00000109610,0
ENSG00000109618,2
ENSG00000109654,1
ENSG00000109667,0
ENSG00000109670,2
ENSG00000109674,1
ENSG00000109680,2
ENSG00000109684,1
ENSG00000109685,2
ENSG00000109686,2
ENSG00000109689,2
ENSG00000109705,1
ENSG00000109736,2
ENSG00000109738,2
ENSG00000109743,0
ENSG00000109756,2
ENSG00000109758,1
ENSG00000109762,0
ENSG00000109771,0
ENSG00000109775,2
ENSG00000109787,2
ENSG00000109790,2
ENSG00000109794,2
ENSG00000109805,1
ENSG00000109814,1
ENSG00000109819,2
ENSG00000109846,0
ENSG00000109854,2
ENSG00000109861,2
ENSG00000109881,1
ENSG00000109906,0
ENSG00000109911,2
ENSG00000109917,2
ENSG00000109919,2
ENSG00000109920,2
ENSG00000109927,2
ENSG00000109929,2
ENSG00000109943,0
ENSG00000109944,2
ENSG00000109956,1
ENSG00000109971,2
ENSG00000110002,2
ENSG00000110011,2
ENSG00000110013,2
ENSG00000110025,2
ENSG00000110031,0
ENSG00000110042,2
ENSG00000110046,2
ENSG00000110047,2
ENSG00000110048,2
ENSG00000110057,2
ENSG00000110060,2
ENSG00000110063,2
ENSG00000110066,2
ENSG00000110074,2
ENSG00000110075,2
ENSG00000110076,2
ENSG00000110077,2
ENSG00000110079,0
ENSG00000110080,2
ENSG00000110090,2
ENSG00000110092,2
ENSG00000110104,2
ENSG00000110107,2
ENSG00000110108,2
ENSG00000110169,1
ENSG00000110171,2
ENSG00000110172,2
ENSG00000110195,2
ENSG00000110200,2
ENSG00000110203,0
ENSG00000110218,2
ENSG00000110237,2
ENSG00000110274,2
ENSG00000110315,2
ENSG00000110318,2
ENSG00000110321,2
ENSG00000110324,2
ENSG00000110328,0
ENSG00000110330,2
ENSG00000110344,2
ENSG00000110367,2
ENSG00000110375,2
ENSG00000110395,2
ENSG00000110400,1
ENSG00000110422,2
ENSG00000110427,1
ENSG00000110429,2
ENSG00000110435,2
ENSG00000110436,2
ENSG00000110442,2
ENSG00000110446,0
ENSG00000110448,2
ENSG00000110455,2
ENSG00000110492,1
ENSG00000110497,2
ENSG00000110514,2
ENSG00000110536,2
ENSG00000110583,2
ENSG00000110619,2
ENSG00000110628,1
ENSG00000110651,2
ENSG00000110660,1
ENSG00000110665,0
ENSG00000110675,0
ENSG00000110680,1
ENSG00000110693,2
ENSG00000110696,2
ENSG00000110697,2
ENSG00000110700,2
ENSG00000110711,2
ENSG00000110713,2
ENSG00000110717,2
ENSG00000110719,2
ENSG00000110721,2
ENSG00000110723,2
ENSG00000110756,0
ENSG00000110768,2
ENSG00000110777,1
ENSG00000110799,0
ENSG00000110801,2
ENSG00000110811,1
ENSG00000110841,0
ENSG00000110844,2
ENSG00000110848,0
ENSG00000110851,2
ENSG00000110852,2
ENSG00000110871,2
ENSG00000110876,0
ENSG00000110880,2
ENSG00000110881,1
ENSG00000110888,2
ENSG00000110900,2
ENSG00000110906,2
ENSG00000110911,2
ENSG00000110917,2
ENSG00000110921,2
ENSG00000110925,2
ENSG00000110931,2
ENSG00000110934,2
ENSG00000110944,1
ENSG00000110955,2
ENSG00000110958,2
ENSG00000110987,2
ENSG00000111011,2
ENSG00000111012,1
ENSG00000111052,0
ENSG00000111057,1
ENSG00000111058,0
ENSG00000111077,0
ENSG00000111087,2
ENSG00000111110,1
ENSG00000111142,2
ENSG00000111144,2
ENSG00000111145,2
ENSG00000111181,0
ENSG00000111186,2
ENSG00000111196,2
ENSG00000111199,2
ENSG00000111203,2
ENSG00000111206,1
ENSG00000111218,2
ENSG00000111224,2
ENSG00000111229,2
ENSG00000111231,2
ENSG00000111237,2
ENSG00000111247,1
ENSG00000111252,2
ENSG00000111254,2
ENSG00000111261,2
ENSG00000111266,2
ENSG00000111269,2
ENSG00000111271,2
ENSG00000111275,0
ENSG00000111276,2
ENSG00000111291,2
ENSG00000111300,2
ENSG00000111319,2
ENSG00000111321,2
ENSG00000111325,1
ENSG00000111328,2
ENSG00000111331,2
ENSG00000111335,2
ENSG00000111339,0
ENSG00000111341,2
ENSG00000111344,1
ENSG00000111348,2
ENSG00000111358,2
ENSG00000111361,2
ENSG00000111364,2
ENSG00000111371,2
ENSG00000111404,2
ENSG00000111412,0
ENSG00000111424,2
ENSG00000111432,1
ENSG00000111445,2
ENSG00000111450,2
ENSG00000111452,0
ENSG00000111481,2
ENSG00000111490,2
ENSG00000111530,2
ENSG00000111537,1
ENSG00000111540,2
ENSG00000111554,2
ENSG00000111581,2
ENSG00000111596,2
ENSG00000111602,1
ENSG00000111605,2
ENSG00000111615,2
ENSG00000111639,2
ENSG00000111640,1
ENSG00000111642,2
ENSG00000111644,2
ENSG00000111647,2
ENSG00000111652,2
ENSG00000111653,2
ENSG00000111664,1
ENSG00000111665,1
ENSG00000111666,2
ENSG00000111667,2
ENSG00000111669,1
ENSG00000111670,2
ENSG00000111671,2
ENSG00000111674,2
ENSG00000111676,2
ENSG00000111678,2
ENSG00000111679,2
ENSG00000111684,0
ENSG00000111696,2
ENSG00000111700,1
ENSG00000111701,1
ENSG00000111707,2
ENSG00000111711,2
ENSG00000111716,2
ENSG00000111725,2
ENSG00000111726,2
ENSG00000111727,2
ENSG00000111728,2
ENSG00000111731,2
ENSG00000111737,2
ENSG00000111752,2
ENSG00000111775,2
ENSG00000111785,2
ENSG00000111786,2
ENSG00000111788,1
ENSG00000111790,2
ENSG00000111796,2
ENSG00000111799,2
ENSG00000111801,2
ENSG00000111802,2
ENSG00000111816,2
ENSG00000111817,2
ENSG00000111832,2
ENSG00000111834,0
ENSG00000111837,2
ENSG00000111843,2
ENSG00000111845,2
ENSG00000111846,2
ENSG00000111850,2
ENSG00000111859,0
ENSG00000111860,2
ENSG00000111863,0
ENSG00000111875,2
ENSG00000111877,2
ENSG00000111879,0
ENSG00000111880,2
ENSG00000111885,2
ENSG00000111886,1
ENSG00000111897,0
ENSG00000111906,2
ENSG00000111907,2
ENSG00000111911,2
ENSG00000111912,2
ENSG00000111913,2
ENSG00000111961,0
ENSG00000111962,0
ENSG00000111981,2
ENSG00000112029,2
ENSG00000112031,2
ENSG00000112033,2
ENSG00000112039,2
ENSG00000112053,2
ENSG00000112062,2
ENSG00000112078,2
ENSG00000112079,2
ENSG00000112081,2
ENSG00000112096,2
ENSG00000112110,2
ENSG00000112118,2
ENSG00000112130,2
ENSG00000112137,0
ENSG00000112139,0
ENSG00000112144,2
ENSG00000112146,2
ENSG00000112149,0
ENSG00000112159,2
ENSG00000112164,2
ENSG00000112167,2
ENSG00000112175,2
ENSG00000112182,2
ENSG00000112183,0
ENSG00000112186,2
ENSG00000112195,2
ENSG00000112200,2
ENSG00000112208,2
ENSG00000112210,2
ENSG00000112214,0
ENSG00000112218,2
ENSG00000112232,0
ENSG00000112234,2
ENSG00000112237,2
ENSG00000112242,1
ENSG00000112245,1
ENSG00000112249,2
ENSG00000112276,2
ENSG00000112282,2
ENSG00000112290,1
ENSG00000112293,2
ENSG00000112294,2
ENSG00000112297,2
ENSG00000112299,2
ENSG00000112303,2
ENSG00000112304,2
ENSG00000112305,2
ENSG00000112306,2
ENSG00000112308,2
ENSG00000112312,1
ENSG00000112319,0
ENSG00000112320,0
ENSG00000112335,2
ENSG00000112339,2
ENSG00000112343,2
ENSG00000112357,2
ENSG00000112365,2
ENSG00000112367,2
ENSG00000112378,2
ENSG00000112379,2
ENSG00000112394,2
ENSG00000112406,2
ENSG00000112414,2
ENSG00000112419,0
ENSG00000112425,0
ENSG00000112473,2
ENSG00000112494,1
ENSG00000112511,2
ENSG00000112514,2
ENSG00000112530,0
ENSG00000112531,0
ENSG00000112539,0
ENSG00000112541,1
ENSG00000112559,1
ENSG00000112561,2
ENSG00000112562,2
ENSG00000112576,2
ENSG00000112578,1
ENSG00000112584,2
ENSG00000112592,2
ENSG00000112599,2
ENSG00000112619,2
ENSG00000112624,2
ENSG00000112640,2
ENSG00000112651,2
ENSG00000112655,2
ENSG00000112658,2
ENSG00000112659,2
ENSG00000112667,2
ENSG00000112679,2
ENSG00000112685,2
ENSG00000112695,2
ENSG00000112697,2
ENSG00000112699,1
ENSG00000112701,2
ENSG00000112706,2
ENSG00000112715,2
ENSG00000112739,2
ENSG00000112742,1
ENSG00000112759,2
ENSG00000112761,1
ENSG00000112763,2
ENSG00000112769,2
ENSG00000112773,2
ENSG00000112782,0
ENSG00000112787,2
ENSG00000112796,2
ENSG00000112799,0
ENSG00000112812,2
ENSG00000112818,1
ENSG00000112837,1
ENSG00000112851,2
ENSG00000112852,2
ENSG00000112855,2
ENSG00000112874,2
ENSG00000112877,1
ENSG00000112893,2
ENSG00000112902,0
ENSG00000112936,0
ENSG00000112941,2
ENSG00000112964,0
ENSG00000112972,2
ENSG00000112977,2
ENSG00000112981,2
ENSG00000112983,2
ENSG00000112984,1
ENSG00000112992,2
ENSG00000112996,2
ENSG00000113013,2
ENSG00000113048,2
ENSG00000113068,2
ENSG00000113070,0
ENSG00000113083,2
ENSG00000113088,2
ENSG00000113108,2
ENSG00000113119,2
ENSG00000113140,2
ENSG00000113141,2
ENSG00000113161,2
ENSG00000113163,2
ENSG00000113194,2
ENSG00000113205,2
ENSG00000113209,2
ENSG00000113211,2
ENSG00000113212,2
ENSG00000113231,0
ENSG00000113240,2
ENSG00000113248,2
ENSG00000113249,1
ENSG00000113262,2
ENSG00000113263,2
ENSG00000113269,2
ENSG00000113272,2
ENSG00000113273,2
ENSG00000113282,2
ENSG00000113296,1
ENSG00000113300,2
ENSG00000113302,2
ENSG00000113303,0
ENSG00000113312,2
ENSG00000113318,2
ENSG00000113319,2
ENSG00000113328,2
ENSG00000113356,2
ENSG00000113360,2
ENSG00000113361,2
ENSG00000113368,1
ENSG00000113369,2
ENSG00000113384,2
ENSG00000113387,2
ENSG00000113389,0
ENSG00000113391,2
ENSG00000113396,0
ENSG00000113407,2
ENSG00000113441,2
ENSG00000113448,2
ENSG00000113456,2
ENSG00000113460,1
ENSG00000113494,1
ENSG00000113504,1
ENSG00000113522,2
ENSG00000113532,2
ENSG00000113552,2
ENSG00000113555,0
ENSG00000113558,2
ENSG00000113569,1
ENSG00000113575,2
ENSG00000113578,2
ENSG00000113580,2
ENSG00000113583,2
ENSG00000113593,2
ENSG00000113594,0
ENSG00000113595,2
ENSG00000113597,2
ENSG00000113615,2
ENSG00000113621,2
ENSG00000113638,2
ENSG00000113643,2
ENSG00000113645,2
ENSG00000113648,2
ENSG00000113649,2
ENSG00000113657,2
ENSG00000113658,2
ENSG00000113712,2
ENSG00000113716,2
ENSG00000113719,2
ENSG00000113721,2
ENSG00000113732,2
ENSG00000113734,2
ENSG00000113739,2
ENSG00000113742,2
ENSG00000113749,2
ENSG00000113758,1
ENSG00000113761,2
ENSG00000113763,2
ENSG00000113790,2
ENSG00000113805,2
ENSG00000113810,2
ENSG00000113811,2
ENSG00000113812,2
ENSG00000113838,2
ENSG00000113845,2
ENSG00000113851,2
ENSG00000113916,2
ENSG00000113924,1
ENSG00000113946,2
ENSG00000113966,0
ENSG00000113971,2
ENSG00000114013,2
ENSG00000114019,2
ENSG00000114021,2
ENSG00000114023,2
ENSG00000114026,2
ENSG00000114030,2
ENSG00000114054,2
ENSG00000114062,2
ENSG00000114098,2
ENSG00000114107,2
ENSG00000114113,0
ENSG00000114115,2
ENSG00000114120,2
ENSG00000114125,2
ENSG00000114126,2
ENSG00000114127,2
ENSG00000114166,0
ENSG00000114200,0
ENSG00000114204,2
ENSG00000114209,2
ENSG00000114248,1
ENSG00000114251,2
ENSG00000114268,2
ENSG00000114270,1
ENSG00000114279,2
ENSG00000114302,2
ENSG00000114315,2
ENSG00000114316,2
ENSG00000114331,2
ENSG00000114346,1
ENSG00000114353,2
ENSG00000114354,2
ENSG00000114374,2
ENSG00000114378,0
ENSG00000114383,2
ENSG00000114388,2
ENSG00000114391,2
ENSG00000114395,2
ENSG00000114405,2
ENSG00000114416,2
ENSG00000114423,2
ENSG00000114439,2
ENSG00000114446,2
ENSG00000114450,2
ENSG00000114455,1
ENSG00000114473,2
ENSG00000114480,2
ENSG00000114491,2
ENSG00000114503,2
ENSG00000114520,2
ENSG00000114529,2
ENSG00000114541,0
ENSG00000114544,2
ENSG00000114547,2
ENSG00000114554,2
ENSG00000114573,2
ENSG00000114626,2
ENSG00000114631,1
ENSG00000114638,1
ENSG00000114646,2
ENSG00000114648,2
ENSG00000114650,2
ENSG00000114654,0
ENSG00000114656,2
ENSG00000114670,2
ENSG00000114686,1
ENSG00000114698,0
ENSG00000114735,2
ENSG00000114737,2
ENSG00000114738,2
ENSG00000114739,2
ENSG00000114742,2
ENSG00000114744,2
ENSG00000114745,2
ENSG00000114757,2
ENSG00000114767,2
ENSG00000114770,2
ENSG00000114771,0
ENSG00000114779,2
ENSG00000114784,2
ENSG00000114790,0
ENSG00000114796,2
ENSG00000114805,2
ENSG00000114812,0
ENSG00000114841,2
ENSG00000114850,2
ENSG00000114853,0
ENSG00000114854,0
ENSG00000114857,2
ENSG00000114859,1
ENSG00000114861,2
ENSG00000114867,2
ENSG00000114902,2
ENSG00000114904,2
ENSG00000114923,1
ENSG00000114933,2
ENSG00000114942,2
ENSG00000114948,2
ENSG00000114956,2
ENSG00000114978,2
ENSG00000114982,2
ENSG00000114988,2
ENSG00000114993,2
ENSG00000114999,2
ENSG00000115008,0
ENSG00000115009,1
ENSG00000115020,2
ENSG00000115041,2
ENSG00000115042,2
ENSG00000115053,2
ENSG00000115073,2
ENSG00000115084,2
ENSG00000115085,2
ENSG00000115091,2
ENSG00000115107,2
ENSG00000115109,2
ENSG00000115112,2
ENSG00000115128,2
ENSG00000115129,2
ENSG00000115137,2
ENSG00000115138,2
ENSG00000115145,2
ENSG00000115155,2
ENSG00000115159,2
ENSG00000115163,1
ENSG00000115165,2
ENSG00000115170,2
ENSG00000115183,2
ENSG00000115194,1
ENSG00000115204,2
ENSG00000115207,2
ENSG00000115211,2
ENSG00000115216,2
ENSG00000115221,2
ENSG00000115226,1
ENSG00000115232,2
ENSG00000115233,2
ENSG00000115234,2
ENSG00000115239,2
ENSG00000115241,2
ENSG00000115252,2
ENSG00000115255,1
ENSG00000115257,2
ENSG00000115266,2
ENSG00000115267,2
ENSG00000115268,2
ENSG00000115271,2
ENSG00000115275,2
ENSG00000115282,2
ENSG00000115286,2
ENSG00000115289,2
ENSG00000115290,1
ENSG00000115295,2
ENSG00000115306,0
ENSG00000115307,2
ENSG00000115310,2
ENSG00000115317,2
ENSG00000115318,2
ENSG00000115325,2
ENSG00000115339,2
ENSG00000115350,2
ENSG00000115353,2
ENSG00000115355,2
ENSG00000115361,0
ENSG00000115363,2
ENSG00000115364,2
ENSG00000115365,2
ENSG00000115368,2
ENSG00000115380,0
ENSG00000115392,2
ENSG00000115414,2
ENSG00000115415,2
ENSG00000115419,2
ENSG00000115421,2
ENSG00000115423,0
ENSG00000115425,2
ENSG00000115446,2
ENSG00000115457,1
ENSG00000115459,2
ENSG00000115461,2
ENSG00000115464,2
ENSG00000115468,2
ENSG00000115484,2
ENSG00000115486,2
ENSG00000115504,2
ENSG00000115507,1
ENSG00000115514,2
ENSG00000115520,2
ENSG00000115523,2
ENSG00000115524,2
ENSG00000115525,2
ENSG00000115526,2
ENSG00000115539,2
ENSG00000115540,2
ENSG00000115541,1
ENSG00000115548,2
ENSG00000115561,2
ENSG00000115568,2
ENSG00000115590,2
ENSG00000115594,2
ENSG00000115598,1
ENSG00000115602,0
ENSG00000115604,0
ENSG00000115607,2
ENSG00000115616,1
ENSG00000115641,1
ENSG00000115648,2
ENSG00000115649,2
ENSG00000115652,2
ENSG00000115657,1
ENSG00000115661,2
ENSG00000115665,0
ENSG00000115677,2
ENSG00000115685,2
ENSG00000115687,2
ENSG00000115694,2
ENSG00000115705,1
ENSG00000115718,1
ENSG00000115738,2
ENSG00000115750,2
ENSG00000115756,0
ENSG00000115758,1
ENSG00000115760,2
ENSG00000115761,2
ENSG00000115762,2
ENSG00000115806,2
ENSG00000115808,2
ENSG00000115816,2
ENSG00000115825,2
ENSG00000115827,2
ENSG00000115828,1
ENSG00000115839,2
ENSG00000115840,2
ENSG00000115841,2
ENSG00000115850,1
ENSG00000115866,2
ENSG00000115875,2
ENSG00000115884,2
ENSG00000115896,0
ENSG00000115902,1
ENSG00000115904,2
ENSG00000115919,1
ENSG00000115935,2
ENSG00000115942,2
ENSG00000115944,2
ENSG00000115946,2
ENSG00000115947,2
ENSG00000115956,2
ENSG00000115963,2
ENSG00000115966,2
ENSG00000115970,2
ENSG00000115977,2
ENSG00000115993,2
ENSG00000115998,2
ENSG00000116001,2
ENSG00000116005,0
ENSG00000116014,1
ENSG00000116016,0
ENSG00000116017,2
ENSG00000116030,2
ENSG00000116031,1
ENSG00000116032,0
ENSG00000116035,1
ENSG00000116044,2
ENSG00000116062,2
ENSG00000116095,2
ENSG00000116096,2
ENSG00000116106,2
ENSG00000116117,0
ENSG00000116120,2
ENSG00000116127,2
ENSG00000116128,1
ENSG00000116132,2
ENSG00000116133,0
ENSG00000116138,2
ENSG00000116141,2
ENSG00000116147,0
ENSG00000116151,2
ENSG00000116157,2
ENSG00000116161,2
ENSG00000116171,2
ENSG00000116183,2
ENSG00000116191,1
ENSG00000116194,0
ENSG00000116198,2
ENSG00000116199,2
ENSG00000116205,2
ENSG00000116209,2
ENSG00000116212,2
ENSG00000116213,2
ENSG00000116221,2
ENSG00000116237,2
ENSG00000116251,2
ENSG00000116260,2
ENSG00000116266,2
ENSG00000116273,2
ENSG00000116285,2
ENSG00000116288,2
ENSG00000116299,1
ENSG00000116329,1
ENSG00000116337,2
ENSG00000116350,2
ENSG00000116353,2
ENSG00000116396,2
ENSG00000116406,2
ENSG00000116455,2
ENSG00000116459,2
ENSG00000116473,2
ENSG00000116478,2
ENSG00000116489,2
ENSG00000116497,2
ENSG00000116514,2
ENSG00000116521,2
ENSG00000116525,2
ENSG00000116539,2
ENSG00000116544,1
ENSG00000116560,2
ENSG00000116574,2
ENSG00000116580,2
ENSG00000116584,2
ENSG00000116586,2
ENSG00000116604,2
ENSG00000116641,2
ENSG00000116649,1
ENSG00000116661,1
ENSG00000116663,2
ENSG00000116667,0
ENSG00000116668,2
ENSG00000116670,2
ENSG00000116675,2
ENSG00000116678,0
ENSG00000116679,2
ENSG00000116685,2
ENSG00000116688,2
ENSG00000116690,0
ENSG00000116691,2
ENSG00000116698,2
ENSG00000116701,0
ENSG00000116704,2
ENSG00000116711,1
ENSG00000116717,2
ENSG00000116729,2
ENSG00000116731,2
ENSG00000116741,2
ENSG00000116747,2
ENSG00000116748,2
ENSG00000116750,2
ENSG00000116752,2
ENSG00000116754,2
ENSG00000116761,1
ENSG00000116771,1
ENSG00000116774,2
ENSG00000116785,1
ENSG00000116786,2
ENSG00000116791,2
ENSG00000116793,2
ENSG00000116809,2
ENSG00000116815,2
ENSG00000116819,2
ENSG00000116824,2
ENSG00000116830,2
ENSG00000116833,0
ENSG00000116852,2
ENSG00000116857,2
ENSG00000116863,2
ENSG00000116871,2
ENSG00000116874,2
ENSG00000116885,2
ENSG00000116898,2
ENSG00000116903,2
ENSG00000116906,2
ENSG00000116918,2
ENSG00000116922,2
ENSG00000116954,2
ENSG00000116962,2
ENSG00000116977,2
ENSG00000116983,2
ENSG00000116984,2
ENSG00000116985,1
ENSG00000116990,2
ENSG00000116991,2
ENSG00000117000,2
ENSG00000117009,0
ENSG00000117010,2
ENSG00000117013,2
ENSG00000117016,2
ENSG00000117020,2
ENSG00000117036,2
ENSG00000117054,2
ENSG00000117069,0
ENSG00000117090,2
ENSG00000117091,2
ENSG00000117114,0
ENSG00000117115,2
ENSG00000117118,2
ENSG00000117122,1
ENSG00000117133,2
ENSG00000117139,1
ENSG00000117143,2
ENSG00000117151,2
ENSG00000117152,2
ENSG00000117153,2
ENSG00000117154,2
ENSG00000117155,2
ENSG00000117174,2
ENSG00000117215,1
ENSG00000117222,2
ENSG00000117226,2
ENSG00000117228,2
ENSG00000117242,2
ENSG00000117245,0
ENSG00000117262,1
ENSG00000117266,2
ENSG00000117280,2
ENSG00000117281,2
ENSG00000117298,2
ENSG00000117305,2
ENSG00000117308,1
ENSG00000117318,0
ENSG00000117322,1
ENSG00000117335,2
ENSG00000117360,2
ENSG00000117362,2
ENSG00000117385,2
ENSG00000117394,1
ENSG00000117395,2
ENSG00000117399,1
ENSG00000117400,2
ENSG00000117407,1
ENSG00000117408,2
ENSG00000117410,2
ENSG00000117411,1
ENSG00000117419,2
ENSG00000117425,2
ENSG00000117448,2
ENSG00000117450,2
ENSG00000117461,2
ENSG00000117472,2
ENSG00000117475,2
ENSG00000117477,0
ENSG00000117479,2
ENSG00000117480,2
ENSG00000117481,2
ENSG00000117500,2
ENSG00000117501,0
ENSG00000117505,2
ENSG00000117519,2
ENSG00000117523,2
ENSG00000117525,2
ENSG00000117528,2
ENSG00000117533,2
ENSG00000117543,2
ENSG00000117560,2
ENSG00000117569,2
ENSG00000117586,1
ENSG00000117592,2
ENSG00000117593,1
ENSG00000117594,2
ENSG00000117595,2
ENSG00000117597,1
ENSG00000117600,2
ENSG00000117602,2
ENSG00000117614,2
ENSG00000117616,2
ENSG00000117620,2
ENSG00000117625,2
ENSG00000117632,1
ENSG00000117640,2
ENSG00000117643,2
ENSG00000117650,1
ENSG00000117676,2
ENSG00000117682,2
ENSG00000117691,2
ENSG00000117697,2
ENSG00000117707,1
ENSG00000117713,2
ENSG00000117724,1
ENSG00000117748,2
ENSG00000117751,2
ENSG00000117758,0
ENSG00000117791,0
ENSG00000117834,0
ENSG00000117859,2
ENSG00000117862,2
ENSG00000117868,2
ENSG00000117877,1
ENSG00000117899,2
ENSG00000117906,2
ENSG00000117971,1
ENSG00000117983,1
ENSG00000117984,2
ENSG00000118004,2
ENSG00000118007,2
ENSG00000118046,2
ENSG00000118058,2
ENSG00000118094,2
ENSG00000118096,2
ENSG00000118113,1
ENSG00000118156,2
ENSG00000118160,1
ENSG00000118162,2
ENSG00000118181,2
ENSG00000118193,1
ENSG00000118194,1
ENSG00000118197,2
ENSG00000118200,2
ENSG00000118217,2
ENSG00000118242,2
ENSG00000118246,2
ENSG00000118257,2
ENSG00000118260,2
ENSG00000118263,2
ENSG00000118271,1
ENSG00000118276,2
ENSG00000118292,2
ENSG00000118298,2
ENSG00000118307,0
ENSG00000118308,2
ENSG00000118322,1
ENSG00000118363,2
ENSG00000118369,2
ENSG00000118402,1
ENSG00000118407,0
ENSG00000118412,2
ENSG00000118418,2
ENSG00000118420,2
ENSG00000118432,0
ENSG00000118454,2
ENSG00000118473,2
ENSG00000118482,2
ENSG00000118492,0
ENSG00000118495,0
ENSG00000118496,2
ENSG00000118503,0
ENSG00000118507,0
ENSG00000118508,2
ENSG00000118513,2
ENSG00000118514,2
ENSG00000118515,0
ENSG00000118518,2
ENSG00000118523,0
ENSG00000118526,0
ENSG00000118557,2
ENSG00000118564,2
ENSG00000118579,2
ENSG00000118596,1
ENSG00000118600,2
ENSG00000118620,2
ENSG00000118640,2
ENSG00000118655,2
ENSG00000118680,2
ENSG00000118689,2
ENSG00000118690,2
ENSG00000118705,2
ENSG00000118707,2
ENSG00000118729,0
ENSG00000118762,2
ENSG00000118777,0
ENSG00000118785,1
ENSG00000118804,2
ENSG00000118816,2
ENSG00000118849,2
ENSG00000118855,2
ENSG00000118873,2
ENSG00000118894,2
ENSG00000118898,2
ENSG00000118900,2
ENSG00000118922,2
ENSG00000118939,2
ENSG00000118946,0
ENSG00000118960,2
ENSG00000118961,2
ENSG00000118965,2
ENSG00000118971,0
ENSG00000118985,2
ENSG00000118997,2
ENSG00000119004,2
ENSG00000119013,2
ENSG00000119041,2
ENSG00000119042,1
ENSG00000119048,2
ENSG00000119121,2
ENSG00000119125,1
ENSG00000119138,0
ENSG00000119139,2
ENSG00000119147,0
ENSG00000119185,2
ENSG00000119203,2
ENSG00000119227,2
ENSG00000119231,2
ENSG00000119242,2
ENSG00000119280,0
ENSG00000119285,1
ENSG00000119314,2
ENSG00000119318,2
ENSG00000119321,2
ENSG00000119326,0
ENSG00000119328,2
ENSG00000119333,2
ENSG00000119335,2
ENSG00000119383,2
ENSG00000119392,2
ENSG00000119396,2
ENSG00000119397,2
ENSG00000119401,2
ENSG00000119402,2
ENSG00000119403,2
ENSG00000119408,2
ENSG00000119411,2
ENSG00000119414,2
ENSG00000119421,2
ENSG00000119431,1
ENSG00000119446,2
ENSG00000119457,0
ENSG00000119471,2
ENSG00000119487,2
ENSG00000119508,0
ENSG00000119509,2
ENSG00000119514,2
ENSG00000119522,2
ENSG00000119523,2
ENSG00000119535,0
ENSG00000119537,2
ENSG00000119541,2
ENSG00000119547,1
ENSG00000119559,2
ENSG00000119574,2
ENSG00000119596,2
ENSG00000119599,2
ENSG00000119616,2
ENSG00000119630,1
ENSG00000119632,2
ENSG00000119636,2
ENSG00000119638,2
ENSG00000119640,2
ENSG00000119650,2
ENSG00000119655,2
ENSG00000119661,2
ENSG00000119669,2
ENSG00000119673,2
ENSG00000119681,2
ENSG00000119682,2
ENSG00000119684,2
ENSG00000119685,2
ENSG00000119686,0
ENSG00000119688,2
ENSG00000119689,2
ENSG00000119698,0
ENSG00000119699,2
ENSG00000119703,2
ENSG00000119705,2
ENSG00000119707,2
ENSG00000119711,2
ENSG00000119714,2
ENSG00000119718,2
ENSG00000119720,2
ENSG00000119723,2
ENSG00000119725,2
ENSG00000119729,2
ENSG00000119737,2
ENSG00000119760,2
ENSG00000119771,2
ENSG00000119772,2
ENSG00000119777,2
ENSG00000119778,2
ENSG00000119782,2
ENSG00000119787,2
ENSG00000119801,2
ENSG00000119812,2
ENSG00000119820,2
ENSG00000119844,2
ENSG00000119862,0
ENSG00000119865,0
ENSG00000119866,2
ENSG00000119878,2
ENSG00000119888,1
ENSG00000119899,2
ENSG00000119900,2
ENSG00000119906,2
ENSG00000119912,2
ENSG00000119915,2
ENSG00000119917,2
ENSG00000119922,2
ENSG00000119927,2
ENSG00000119929,2
ENSG00000119938,2
ENSG00000119943,2
ENSG00000119946,1
ENSG00000119950,2
ENSG00000119953,2
ENSG00000119965,2
ENSG00000119969,1
ENSG00000119977,2
ENSG00000119979,2
ENSG00000119986,2
ENSG00000120008,2
ENSG00000120029,2
ENSG00000120049,2
ENSG00000120051,0
ENSG00000120053,2
ENSG00000120057,0
ENSG00000120063,2
ENSG00000120068,1
ENSG00000120071,2
ENSG00000120075,2
ENSG00000120093,1
ENSG00000120129,0
ENSG00000120137,2
ENSG00000120149,1
ENSG00000120156,0
ENSG00000120158,2
ENSG00000120159,2
ENSG00000120162,0
ENSG00000120211,1
ENSG00000120217,2
ENSG00000120253,2
ENSG00000120254,2
ENSG00000120256,2
ENSG00000120262,0
ENSG00000120265,2
ENSG00000120278,2
ENSG00000120279,0
ENSG00000120280,2
ENSG00000120306,2
ENSG00000120314,2
ENSG00000120318,0
ENSG00000120322,1
ENSG00000120324,2
ENSG00000120327,2
ENSG00000120328,2
ENSG00000120332,2
ENSG00000120333,2
ENSG00000120334,1
ENSG00000120337,2
ENSG00000120370,2
ENSG00000120437,2
ENSG00000120438,2
ENSG00000120440,1
ENSG00000120451,2
ENSG00000120457,0
ENSG00000120458,2
ENSG00000120509,2
ENSG00000120519,2
ENSG00000120526,2
ENSG00000120533,2
ENSG00000120539,2
ENSG00000120549,2
ENSG00000120594,2
ENSG00000120616,2
ENSG00000120645,0
ENSG00000120647,2
ENSG00000120656,2
ENSG00000120658,2
ENSG00000120659,1
ENSG00000120662,2
ENSG00000120669,1
ENSG00000120675,2
ENSG00000120685,2
ENSG00000120686,2
ENSG00000120688,2
ENSG00000120690,2
ENSG00000120693,0
ENSG00000120694,2
ENSG00000120696,2
ENSG00000120697,2
ENSG00000120699,2
ENSG00000120705,2
ENSG00000120708,2
ENSG00000120709,2
ENSG00000120725,2
ENSG00000120727,2
ENSG00000120733,2
ENSG00000120738,0
ENSG00000120742,2
ENSG00000120756,2
ENSG00000120784,2
ENSG00000120798,2
ENSG00000120800,2
ENSG00000120802,2
ENSG00000120805,2
ENSG00000120820,2
ENSG00000120832,2
ENSG00000120833,0
ENSG00000120837,2
ENSG00000120860,2
ENSG00000120868,2
ENSG00000120875,1
ENSG00000120885,2
ENSG00000120889,2
ENSG00000120896,0
ENSG00000120899,2
ENSG00000120907,0
ENSG00000120910,2
ENSG00000120913,0
ENSG00000120915,2
ENSG00000120925,2
ENSG00000120942,2
ENSG00000120948,2
ENSG00000120949,2
ENSG00000120963,2
ENSG00000120992,2
ENSG00000121005,2
ENSG00000121022,2
ENSG00000121039,1
ENSG00000121057,2
ENSG00000121058,2
ENSG00000121060,2
ENSG00000121064,2
ENSG00000121067,2
ENSG00000121068,0
ENSG00000121073,2
ENSG00000121075,0
ENSG00000121089,2
ENSG00000121101,2
ENSG00000121104,2
ENSG00000121152,1
ENSG00000121207,1
ENSG00000121210,2
ENSG00000121236,1
ENSG00000121274,2
ENSG00000121281,2
ENSG00000121289,2
ENSG00000121297,2
ENSG00000121310,2
ENSG00000121316,0
ENSG00000121350,2
ENSG00000121361,0
ENSG00000121380,1
ENSG00000121390,2
ENSG00000121406,2
ENSG00000121413,2
ENSG00000121417,2
ENSG00000121440,0
ENSG00000121454,1
ENSG00000121481,2
ENSG00000121486,2
ENSG00000121542,2
ENSG00000121552,0
ENSG00000121577,2
ENSG00000121578,1
ENSG00000121579,2
ENSG00000121594,2
ENSG00000121621,1
ENSG00000121644,2
ENSG00000121653,2
ENSG00000121671,0
ENSG00000121680,2
ENSG00000121690,1
ENSG00000121691,0
ENSG00000121716,1
ENSG00000121741,2
ENSG00000121742,1
ENSG00000121749,2
ENSG00000121753,1
ENSG00000121766,2
ENSG00000121769,2
ENSG00000121774,2
ENSG00000121775,2
ENSG00000121797,0
ENSG00000121807,2
ENSG00000121851,2
ENSG00000121858,2
ENSG00000121864,2
ENSG00000121879,2
ENSG00000121892,2
ENSG00000121895,1
ENSG00000121897,2
ENSG00000121898,2
ENSG00000121900,2
ENSG00000121903,2
ENSG00000121904,1
ENSG00000121905,1
ENSG00000121931,2
ENSG00000121933,2
ENSG00000121940,2
ENSG00000121957,1
ENSG00000121964,2
ENSG00000121966,2
ENSG00000121988,2
ENSG00000121989,2
ENSG00000122008,2
ENSG00000122012,2
ENSG00000122025,2
ENSG00000122026,2
ENSG00000122033,2
ENSG00000122034,2
ENSG00000122035,2
ENSG00000122042,0
ENSG00000122068,2
ENSG00000122085,2
ENSG00000122121,2
ENSG00000122122,2
ENSG00000122126,2
ENSG00000122133,1
ENSG00000122140,2
ENSG00000122176,2
ENSG00000122188,2
ENSG00000122203,2
ENSG00000122218,2
ENSG00000122223,0
ENSG00000122224,2
ENSG00000122254,2
ENSG00000122257,2
ENSG00000122299,2
ENSG00000122335,2
ENSG00000122359,2
ENSG00000122367,0
ENSG00000122376,2
ENSG00000122378,2
ENSG00000122386,2
ENSG00000122390,2
ENSG00000122406,2
ENSG00000122417,2
ENSG00000122420,0
ENSG00000122435,2
ENSG00000122477,2
ENSG00000122481,2
ENSG00000122482,2
ENSG00000122483,2
ENSG00000122484,2
ENSG00000122490,2
ENSG00000122507,2
ENSG00000122512,2
ENSG00000122515,2
ENSG00000122545,2
ENSG00000122547,2
ENSG00000122550,2
ENSG00000122557,2
ENSG00000122565,1
ENSG00000122566,2
ENSG00000122574,2
ENSG00000122591,2
ENSG00000122641,2
ENSG00000122642,2
ENSG00000122643,2
ENSG00000122644,2
ENSG00000122674,2
ENSG00000122678,2
ENSG00000122679,0
ENSG00000122691,1
ENSG00000122692,2
ENSG00000122694,0
ENSG00000122696,2
ENSG00000122705,2
ENSG00000122707,0
ENSG00000122711,1
ENSG00000122729,2
ENSG00000122735,0
ENSG00000122741,2
ENSG00000122756,0
ENSG00000122778,2
ENSG00000122779,2
ENSG00000122783,2
ENSG00000122786,2
ENSG00000122852,0
ENSG00000122861,1
ENSG00000122862,0
ENSG00000122863,2
ENSG00000122870,2
ENSG00000122873,2
ENSG00000122877,0
ENSG00000122882,2
ENSG00000122884,2
ENSG00000122912,2
ENSG00000122952,1
ENSG00000122958,2
ENSG00000122965,2
ENSG00000122966,1
ENSG00000122970,2
ENSG00000122971,2
ENSG00000122986,0
ENSG00000123064,2
ENSG00000123066,2
ENSG00000123080,2
ENSG00000123091,2
ENSG00000123094,0
ENSG00000123095,0
ENSG00000123096,2
ENSG00000123104,2
ENSG00000123106,2
ENSG00000123119,0
ENSG00000123124,2
ENSG00000123130,2
ENSG00000123131,1
ENSG00000123136,2
ENSG00000123143,2
ENSG00000123144,2
ENSG00000123146,0
ENSG00000123154,2
ENSG00000123159,2
ENSG00000123178,0
ENSG00000123179,2
ENSG00000123191,2
ENSG00000123200,2
ENSG00000123201,1
ENSG00000123213,1
ENSG00000123219,1
ENSG00000123240,2
ENSG00000123243,0
ENSG00000123268,2
ENSG00000123329,2
ENSG00000123338,0
ENSG00000123342,0
ENSG00000123349,2
ENSG00000123352,1
ENSG00000123353,2
ENSG00000123358,0
ENSG00000123360,0
ENSG00000123364,1
ENSG00000123374,2
ENSG00000123384,2
ENSG00000123388,1
ENSG00000123395,2
ENSG00000123405,2
ENSG00000123407,1
ENSG00000123411,2
ENSG00000123415,1
ENSG00000123416,2
ENSG00000123427,2
ENSG00000123444,2
ENSG00000123453,2
ENSG00000123454,2
ENSG00000123472,2
ENSG00000123473,1
ENSG00000123485,1
ENSG00000123496,2
ENSG00000123500,1
ENSG00000123505,2
ENSG00000123545,2
ENSG00000123552,2
ENSG00000123562,2
ENSG00000123570,2
ENSG00000123572,1
ENSG00000123575,2
ENSG00000123595,2
ENSG00000123600,2
ENSG00000123607,2
ENSG00000123609,2
ENSG00000123610,2
ENSG00000123612,2
ENSG00000123636,2
ENSG00000123643,2
ENSG00000123684,1
ENSG00000123685,2
ENSG00000123689,2
ENSG00000123700,2
ENSG00000123728,2
ENSG00000123737,2
ENSG00000123739,2
ENSG00000123810,2
ENSG00000123815,2
ENSG00000123836,2
ENSG00000123838,2
ENSG00000123843,1
ENSG00000123870,2
ENSG00000123892,2
ENSG00000123908,2
ENSG00000123933,2
ENSG00000123965,2
ENSG00000123975,1
ENSG00000123977,0
ENSG00000123983,2
ENSG00000123989,1
ENSG00000123992,2
ENSG00000123999,1
ENSG00000124006,2
ENSG00000124019,0
ENSG00000124067,0
ENSG00000124074,2
ENSG00000124098,2
ENSG00000124102,1
ENSG00000124104,2
ENSG00000124107,0
ENSG00000124116,1
ENSG00000124120,2
ENSG00000124126,0
ENSG00000124134,2
ENSG00000124140,2
ENSG00000124143,1
ENSG00000124145,2
ENSG00000124151,2
ENSG00000124155,2
ENSG00000124160,2
ENSG00000124164,2
ENSG00000124171,0
ENSG00000124172,2
ENSG00000124177,2
ENSG00000124181,2
ENSG00000124191,0
ENSG00000124193,2
ENSG00000124198,2
ENSG00000124201,2
ENSG00000124203,2
ENSG00000124207,2
ENSG00000124209,2
ENSG00000124212,0
ENSG00000124214,2
ENSG00000124215,2
ENSG00000124216,2
ENSG00000124217,2
ENSG00000124222,2
ENSG00000124224,2
ENSG00000124225,2
ENSG00000124226,2
ENSG00000124228,2
ENSG00000124237,0
ENSG00000124243,2
ENSG00000124249,1
ENSG00000124251,2
ENSG00000124253,1
ENSG00000124256,1
ENSG00000124260,1
ENSG00000124275,2
ENSG00000124279,2
ENSG00000124299,2
ENSG00000124313,2
ENSG00000124333,2
ENSG00000124343,2
ENSG00000124356,2
ENSG00000124357,2
ENSG00000124370,2
ENSG00000124374,2
ENSG00000124380,2
ENSG00000124383,2
ENSG00000124391,1
ENSG00000124406,2
ENSG00000124422,2
ENSG00000124429,1
ENSG00000124440,0
ENSG00000124444,2
ENSG00000124459,2
ENSG00000124466,1
ENSG00000124469,0
ENSG00000124479,1
ENSG00000124486,2
ENSG00000124490,0
ENSG00000124491,2
ENSG00000124493,1
ENSG00000124496,2
ENSG00000124507,1
ENSG00000124508,2
ENSG00000124523,2
ENSG00000124532,2
ENSG00000124535,2
ENSG00000124541,2
ENSG00000124549,2
ENSG00000124562,2
ENSG00000124570,2
ENSG00000124571,1
ENSG00000124574,2
ENSG00000124575,1
ENSG00000124587,2
ENSG00000124588,2
ENSG00000124593,2
ENSG00000124596,2
ENSG00000124602,1
ENSG00000124608,2
ENSG00000124613,2
ENSG00000124614,1
ENSG00000124615,0
ENSG00000124635,1
ENSG00000124641,2
ENSG00000124659,2
ENSG00000124664,1
ENSG00000124678,1
ENSG00000124688,2
ENSG00000124701,2
ENSG00000124702,2
ENSG00000124713,2
ENSG00000124731,2
ENSG00000124733,2
ENSG00000124743,2
ENSG00000124749,2
ENSG00000124762,2
ENSG00000124766,1
ENSG00000124767,2
ENSG00000124772,1
ENSG00000124780,2
ENSG00000124782,2
ENSG00000124783,2
ENSG00000124784,2
ENSG00000124785,0
ENSG00000124786,2
ENSG00000124787,1
ENSG00000124788,2
ENSG00000124789,2
ENSG00000124795,2
ENSG00000124802,2
ENSG00000124813,1
ENSG00000124831,2
ENSG00000124839,2
ENSG00000124875,1
ENSG00000124882,1
ENSG00000124920,0
ENSG00000124939,2
ENSG00000124942,0
ENSG00000125037,2
ENSG00000125089,2
ENSG00000125107,2
ENSG00000125122,2
ENSG00000125124,2
ENSG00000125144,2
ENSG00000125148,2
ENSG00000125149,2
ENSG00000125166,2
ENSG00000125170,2
ENSG00000125245,1
ENSG00000125246,2
ENSG00000125247,1
ENSG00000125249,2
ENSG00000125257,2
ENSG00000125266,0
ENSG00000125285,1
ENSG00000125304,2
ENSG00000125319,1
ENSG00000125337,1
ENSG00000125347,2
ENSG00000125351,2
ENSG00000125352,2
ENSG00000125354,2
ENSG00000125355,0
ENSG00000125356,2
ENSG00000125375,2
ENSG00000125378,2
ENSG00000125384,2
ENSG00000125386,2
ENSG00000125388,2
ENSG00000125398,1
ENSG00000125409,0
ENSG00000125430,2
ENSG00000125434,2
ENSG00000125445,2
ENSG00000125447,2
ENSG00000125449,2
ENSG00000125450,2
ENSG00000125454,2
ENSG00000125457,2
ENSG00000125458,2
ENSG00000125459,1
ENSG00000125462,1
ENSG00000125482,2
ENSG00000125484,2
ENSG00000125485,2
ENSG00000125503,2
ENSG00000125505,2
ENSG00000125508,1
ENSG00000125520,2
ENSG00000125531,2
ENSG00000125534,2
ENSG00000125538,0
ENSG00000125571,1
ENSG00000125611,2
ENSG00000125618,2
ENSG00000125629,2
ENSG00000125630,2
ENSG00000125633,2
ENSG00000125637,2
ENSG00000125648,2
ENSG00000125650,2
ENSG00000125651,2
ENSG00000125652,2
ENSG00000125656,2
ENSG00000125657,2
ENSG00000125676,2
ENSG00000125686,2
ENSG00000125691,2
ENSG00000125703,2
ENSG00000125726,1
ENSG00000125730,2
ENSG00000125731,2
ENSG00000125733,2
ENSG00000125734,2
ENSG00000125735,2
ENSG00000125740,0
ENSG00000125741,2
ENSG00000125743,2
ENSG00000125744,2
ENSG00000125746,2
ENSG00000125753,2
ENSG00000125755,2
ENSG00000125772,2
ENSG00000125775,1
ENSG00000125779,2
ENSG00000125798,2
ENSG00000125810,0
ENSG00000125812,2
ENSG00000125814,2
ENSG00000125817,2
ENSG00000125818,2
ENSG00000125821,2
ENSG00000125826,2
ENSG00000125827,2
ENSG00000125834,2
ENSG00000125835,2
ENSG00000125841,2
ENSG00000125843,2
ENSG00000125844,2
ENSG00000125845,0
ENSG00000125846,2
ENSG00000125848,0
ENSG00000125850,2
ENSG00000125851,1
ENSG00000125863,2
ENSG00000125864,2
ENSG00000125868,2
ENSG00000125869,1
ENSG00000125870,2
ENSG00000125871,2
ENSG00000125872,2
ENSG00000125875,2
ENSG00000125877,2
ENSG00000125885,1
ENSG00000125895,0
ENSG00000125898,2
ENSG00000125901,2
ENSG00000125910,0
ENSG00000125912,2
ENSG00000125944,2
ENSG00000125945,2
ENSG00000125952,2
ENSG00000125962,2
ENSG00000125965,2
ENSG00000125966,2
ENSG00000125967,2
ENSG00000125968,2
ENSG00000125970,2
ENSG00000125971,2
ENSG00000125977,2
ENSG00000125991,2
ENSG00000125995,2
ENSG00000125999,2
ENSG00000126001,2
ENSG00000126003,2
ENSG00000126005,2
ENSG00000126012,2
ENSG00000126016,2
ENSG00000126062,2
ENSG00000126067,2
ENSG00000126070,2
ENSG00000126088,2
ENSG00000126091,1
ENSG00000126106,2
ENSG00000126107,2
ENSG00000126214,2
ENSG00000126215,2
ENSG00000126216,2
ENSG00000126217,2
ENSG00000126218,0
ENSG00000126226,2
ENSG00000126243,2
ENSG00000126246,2
ENSG00000126247,2
ENSG00000126249,1
ENSG00000126254,2
ENSG00000126259,1
ENSG00000126261,2
ENSG00000126262,2
ENSG00000126264,2
ENSG00000126267,2
ENSG00000126351,2
ENSG00000126353,2
ENSG00000126368,2
ENSG00000126391,2
ENSG00000126432,2
ENSG00000126453,2
ENSG00000126456,2
ENSG00000126457,2
ENSG00000126458,0
ENSG00000126460,2
ENSG00000126461,2
ENSG00000126464,2
ENSG00000126500,1
ENSG00000126522,2
ENSG00000126524,2
ENSG00000126561,2
ENSG00000126562,2
ENSG00000126581,2
ENSG00000126602,1
ENSG00000126603,2
ENSG00000126653,2
ENSG00000126698,2
ENSG00000126705,2
ENSG00000126709,2
ENSG00000126746,2
ENSG00000126749,2
ENSG00000126756,2
ENSG00000126759,0
ENSG00000126767,2
ENSG00000126768,2
ENSG00000126773,2
ENSG00000126775,2
ENSG00000126777,2
ENSG00000126778,1
ENSG00000126785,0
ENSG00000126787,1
ENSG00000126790,2
ENSG00000126803,2
ENSG00000126804,2
ENSG00000126814,2
ENSG00000126821,2
ENSG00000126822,2
ENSG00000126838,0
ENSG00000126858,2
ENSG00000126860,2
ENSG00000126861,0
ENSG00000126870,2
ENSG00000126878,2
ENSG00000126882,2
ENSG00000126883,2
ENSG00000126895,0
ENSG00000126903,2
ENSG00000126934,2
ENSG00000126945,2
ENSG00000126947,0
ENSG00000126950,2
ENSG00000126953,1
ENSG00000126970,2
ENSG00000127022,2
ENSG00000127054,2
ENSG00000127074,0
ENSG00000127080,2
ENSG00000127081,2
ENSG00000127083,2
ENSG00000127084,0
ENSG00000127124,2
ENSG00000127125,2
ENSG00000127129,1
ENSG00000127152,2
ENSG00000127184,2
ENSG00000127191,1
ENSG00000127220,2
ENSG00000127241,0
ENSG00000127249,0
ENSG00000127252,1
ENSG00000127311,2
ENSG00000127314,2
ENSG00000127324,1
ENSG00000127328,2
ENSG00000127329,0
ENSG00000127334,2
ENSG00000127337,2
ENSG00000127364,2
ENSG00000127366,2
ENSG00000127377,1
ENSG00000127399,2
ENSG00000127415,2
ENSG00000127418,2
ENSG00000127419,2
ENSG00000127423,1
ENSG00000127445,2
ENSG00000127452,2
ENSG00000127463,2
ENSG00000127472,0
ENSG00000127481,2
ENSG00000127483,2
ENSG00000127507,2
ENSG00000127511,2
ENSG00000127526,2
ENSG00000127527,2
ENSG00000127528,0
ENSG00000127533,0
ENSG00000127540,2
ENSG00000127554,2
ENSG00000127561,1
ENSG00000127564,1
ENSG00000127578,2
ENSG00000127580,2
ENSG00000127585,1
ENSG00000127586,1
ENSG00000127589,2
ENSG00000127603,2
ENSG00000127616,2
ENSG00000127663,2
ENSG00000127666,2
ENSG00000127720,2
ENSG00000127804,2
ENSG00000127824,1
ENSG00000127831,1
ENSG00000127837,2
ENSG00000127838,2
ENSG00000127863,2
ENSG00000127870,2
ENSG00000127884,2
ENSG00000127903,2
ENSG00000127914,2
ENSG00000127920,0
ENSG00000127922,2
ENSG00000127928,1
ENSG00000127946,2
ENSG00000127947,2
ENSG00000127948,2
ENSG00000127951,2
ENSG00000127952,2
ENSG00000127954,2
ENSG00000127955,2
ENSG00000127957,2
ENSG00000127980,2
ENSG00000127989,2
ENSG00000127990,2
ENSG00000127993,2
ENSG00000127995,2
ENSG00000128000,2
ENSG00000128011,2
ENSG00000128016,0
ENSG00000128039,1
ENSG00000128040,1
ENSG00000128050,1
ENSG00000128052,2
ENSG00000128059,1
ENSG00000128159,2
ENSG00000128165,1
ENSG00000128185,2
ENSG00000128191,2
ENSG00000128203,1
ENSG00000128218,1
ENSG00000128228,1
ENSG00000128242,2
ENSG00000128245,2
ENSG00000128262,1
ENSG00000128266,2
ENSG00000128268,0
ENSG00000128272,2
ENSG00000128274,2
ENSG00000128283,2
ENSG00000128284,0
ENSG00000128285,1
ENSG00000128294,2
ENSG00000128298,1
ENSG00000128309,2
ENSG00000128311,2
ENSG00000128335,2
ENSG00000128340,2
ENSG00000128342,2
ENSG00000128346,2
ENSG00000128383,0
ENSG00000128394,2
ENSG00000128408,2
ENSG00000128422,1
ENSG00000128438,1
ENSG00000128463,2
ENSG00000128482,2
ENSG00000128487,2
ENSG00000128510,2
ENSG00000128512,0
ENSG00000128513,2
ENSG00000128524,2
ENSG00000128534,2
ENSG00000128536,0
ENSG00000128563,2
ENSG00000128564,1
ENSG00000128567,0
ENSG00000128573,2
ENSG00000128578,1
ENSG00000128581,2
ENSG00000128585,2
ENSG00000128590,2
ENSG00000128591,2
ENSG00000128594,0
ENSG00000128595,2
ENSG00000128596,2
ENSG00000128602,2
ENSG00000128604,2
ENSG00000128606,2
ENSG00000128607,2
ENSG00000128609,2
ENSG00000128610,1
ENSG00000128626,2
ENSG00000128641,2
ENSG00000128645,1
ENSG00000128652,1
ENSG00000128654,2
ENSG00000128655,1
ENSG00000128656,2
ENSG00000128683,1
ENSG00000128694,2
ENSG00000128699,2
ENSG00000128708,2
ENSG00000128709,2
ENSG00000128710,1
ENSG00000128731,2
ENSG00000128739,2
ENSG00000128789,2
ENSG00000128791,2
ENSG00000128805,2
ENSG00000128815,2
ENSG00000128829,2
ENSG00000128833,2
ENSG00000128849,0
ENSG00000128872,0
ENSG00000128881,2
ENSG00000128891,2
ENSG00000128908,2
ENSG00000128915,2
ENSG00000128917,2
ENSG00000128918,2
ENSG00000128923,2
ENSG00000128928,2
ENSG00000128944,1
ENSG00000128951,2
ENSG00000128965,2
ENSG00000128973,2
ENSG00000128989,2
ENSG00000129003,2
ENSG00000129009,2
ENSG00000129028,2
ENSG00000129038,1
ENSG00000129048,0
ENSG00000129055,2
ENSG00000129071,2
ENSG00000129083,2
ENSG00000129084,2
ENSG00000129103,2
ENSG00000129116,2
ENSG00000129128,2
ENSG00000129151,1
ENSG00000129158,2
ENSG00000129167,2
ENSG00000129173,1
ENSG00000129187,2
ENSG00000129194,1
ENSG00000129195,1
ENSG00000129197,2
ENSG00000129204,2
ENSG00000129219,2
ENSG00000129235,1
ENSG00000129244,0
ENSG00000129245,2
ENSG00000129250,0
ENSG00000129255,2
ENSG00000129292,2
ENSG00000129295,2
ENSG00000129315,2
ENSG00000129317,2
ENSG00000129347,2
ENSG00000129351,2
ENSG00000129353,0
ENSG00000129354,2
ENSG00000129355,2
ENSG00000129422,2
ENSG00000129437,1
ENSG00000129450,2
ENSG00000129451,2
ENSG00000129455,1
ENSG00000129460,2
ENSG00000129465,2
ENSG00000129467,0
ENSG00000129472,2
ENSG00000129473,2
ENSG00000129474,2
ENSG00000129480,2
ENSG00000129484,2
ENSG00000129493,2
ENSG00000129514,1
ENSG00000129515,2
ENSG00000129518,2
ENSG00000129521,1
ENSG00000129534,2
ENSG00000129535,2
ENSG00000129538,2
ENSG00000129559,2
ENSG00000129562,2
ENSG00000129566,2
ENSG00000129595,2
ENSG00000129596,0
ENSG00000129625,2
ENSG00000129636,2
ENSG00000129646,2
ENSG00000129654,2
ENSG00000129657,0
ENSG00000129667,2
ENSG00000129675,0
ENSG00000129680,2
ENSG00000129682,2
ENSG00000129691,2
ENSG00000129696,2
ENSG00000129749,2
ENSG00000129757,0
ENSG00000129810,1
ENSG00000129824,2
ENSG00000129910,1
ENSG00000129911,2
ENSG00000129925,2
ENSG00000129932,2
ENSG00000129933,2
ENSG00000129946,2
ENSG00000129951,0
ENSG00000129968,2
ENSG00000129988,1
ENSG00000129990,1
ENSG00000129991,1
ENSG00000129993,0
ENSG00000130005,1
ENSG00000130021,2
ENSG00000130023,2
ENSG00000130024,2
ENSG00000130032,0
ENSG00000130037,0
ENSG00000130038,1
ENSG00000130052,0
ENSG00000130054,1
ENSG00000130066,2
ENSG00000130119,2
ENSG00000130147,2
ENSG00000130150,2
ENSG00000130158,2
ENSG00000130159,2
ENSG00000130164,0
ENSG00000130165,2
ENSG00000130175,2
ENSG00000130176,0
ENSG00000130177,2
ENSG00000130193,2
ENSG00000130202,2
ENSG00000130203,2
ENSG00000130204,2
ENSG00000130208,0
ENSG00000130222,2
ENSG00000130224,0
ENSG00000130226,0
ENSG00000130227,2
ENSG00000130234,2
ENSG00000130244,2
ENSG00000130254,2
ENSG00000130255,2
ENSG00000130270,1
ENSG00000130294,1
ENSG00000130299,2
ENSG00000130300,2
ENSG00000130303,2
ENSG00000130304,2
ENSG00000130305,2
ENSG00000130307,0
ENSG00000130309,2
ENSG00000130311,2
ENSG00000130312,2
ENSG00000130313,2
ENSG00000130332,2
ENSG00000130338,2
ENSG00000130340,2
ENSG00000130347,2
ENSG00000130348,2
ENSG00000130349,2
ENSG00000130363,2
ENSG00000130382,2
ENSG00000130396,2
ENSG00000130402,2
ENSG00000130413,2
ENSG00000130414,2
ENSG00000130429,2
ENSG00000130433,0
ENSG00000130449,2
ENSG00000130475,2
ENSG00000130477,1
ENSG00000130479,2
ENSG00000130487,1
ENSG00000130508,2
ENSG00000130511,2
ENSG00000130513,1
ENSG00000130517,2
ENSG00000130518,0
ENSG00000130520,2
ENSG00000130522,0
ENSG00000130528,2
ENSG00000130529,2
ENSG00000130540,1
ENSG00000130544,2
ENSG00000130545,2
ENSG00000130558,2
ENSG00000130559,2
ENSG00000130560,2
ENSG00000130584,2
ENSG00000130589,2
ENSG00000130590,1
ENSG00000130592,2
ENSG00000130595,0
ENSG00000130598,0
ENSG00000130600,1
ENSG00000130635,1
ENSG00000130638,2
ENSG00000130640,2
ENSG00000130643,1
ENSG00000130649,1
ENSG00000130653,2
ENSG00000130669,2
ENSG00000130675,1
ENSG00000130684,2
ENSG00000130695,1
ENSG00000130699,2
ENSG00000130700,0
ENSG00000130701,1
ENSG00000130702,2
ENSG00000130703,2
ENSG00000130706,2
ENSG00000130707,2
ENSG00000130713,2
ENSG00000130714,2
ENSG00000130717,2
ENSG00000130720,2
ENSG00000130723,2
ENSG00000130724,2
ENSG00000130725,2
ENSG00000130726,2
ENSG00000130731,2
ENSG00000130733,2
ENSG00000130734,2
ENSG00000130741,2
ENSG00000130748,2
ENSG00000130749,2
ENSG00000130751,2
ENSG00000130755,0
ENSG00000130758,2
ENSG00000130762,1
ENSG00000130764,2
ENSG00000130766,2
ENSG00000130768,1
ENSG00000130770,2
ENSG00000130772,2
ENSG00000130775,0
ENSG00000130779,2
ENSG00000130787,2
ENSG00000130803,2
ENSG00000130810,2
ENSG00000130811,2
ENSG00000130813,2
ENSG00000130816,2
ENSG00000130818,2
ENSG00000130821,1
ENSG00000130822,1
ENSG00000130826,1
ENSG00000130827,1
ENSG00000130829,1
ENSG00000130830,2
ENSG00000130844,0
ENSG00000130856,2
ENSG00000130876,1
ENSG00000130881,2
ENSG00000130921,2
ENSG00000130935,2
ENSG00000130939,2
ENSG00000130940,0
ENSG00000130943,2
ENSG00000130956,2
ENSG00000130958,2
ENSG00000130962,2
ENSG00000130985,2
ENSG00000130988,2
ENSG00000130997,2
ENSG00000131002,2
ENSG00000131013,2
ENSG00000131015,2
ENSG00000131016,0
ENSG00000131018,0
ENSG00000131019,2
ENSG00000131023,2
ENSG00000131037,1
ENSG00000131042,2
ENSG00000131043,2
ENSG00000131044,0
ENSG00000131050,1
ENSG00000131051,2
ENSG00000131055,0
ENSG00000131061,2
ENSG00000131067,2
ENSG00000131069,2
ENSG00000131080,2
ENSG00000131089,2
ENSG00000131094,1
ENSG00000131095,1
ENSG00000131097,0
ENSG00000131100,2
ENSG00000131115,2
ENSG00000131116,2
ENSG00000131127,2
ENSG00000131143,2
ENSG00000131148,2
ENSG00000131149,2
ENSG00000131153,1
ENSG00000131165,2
ENSG00000131171,2
ENSG00000131174,2
ENSG00000131187,1
ENSG00000131188,1
ENSG00000131196,0
ENSG00000131203,2
ENSG00000131236,2
ENSG00000131238,2
ENSG00000131242,2
ENSG00000131263,2
ENSG00000131269,2
ENSG00000131323,2
ENSG00000131351,2
ENSG00000131355,0
ENSG00000131368,2
ENSG00000131370,0
ENSG00000131373,2
ENSG00000131374,2
ENSG00000131375,2
ENSG00000131378,2
ENSG00000131381,2
ENSG00000131386,2
ENSG00000131389,2
ENSG00000131398,2
ENSG00000131400,2
ENSG00000131401,2
ENSG00000131408,2
ENSG00000131409,0
ENSG00000131435,1
ENSG00000131437,2
ENSG00000131446,2
ENSG00000131459,2
ENSG00000131462,1
ENSG00000131467,2
ENSG00000131469,2
ENSG00000131470,2
ENSG00000131471,0
ENSG00000131473,2
ENSG00000131475,2
ENSG00000131477,0
ENSG00000131480,2
ENSG00000131495,2
ENSG00000131503,2
ENSG00000131504,2
ENSG00000131507,2
ENSG00000131508,2
ENSG00000131558,2
ENSG00000131584,2
ENSG00000131591,2
ENSG00000131620,2
ENSG00000131626,2
ENSG00000131634,0
ENSG00000131650,1
ENSG00000131652,2
ENSG00000131653,2
ENSG00000131668,1
ENSG00000131669,2
ENSG00000131697,2
ENSG00000131711,2
ENSG00000131724,2
ENSG00000131725,2
ENSG00000131730,2
ENSG00000131732,2
ENSG00000131746,1
ENSG00000131747,1
ENSG00000131748,2
ENSG00000131759,2
ENSG00000131771,2
ENSG00000131773,2
ENSG00000131778,1
ENSG00000131779,2
ENSG00000131781,2
ENSG00000131788,1
ENSG00000131791,2
ENSG00000131797,2
ENSG00000131828,2
ENSG00000131831,0
ENSG00000131844,2
ENSG00000131845,2
ENSG00000131848,2
ENSG00000131849,2
ENSG00000131871,2
ENSG00000131873,2
ENSG00000131876,2
ENSG00000131899,2
ENSG00000131910,2
ENSG00000131931,2
ENSG00000131941,1
ENSG00000131943,2
ENSG00000131944,1
ENSG00000131966,2
ENSG00000131969,2
ENSG00000131979,2
ENSG00000131981,2
ENSG00000132000,1
ENSG00000132002,2
ENSG00000132003,2
ENSG00000132004,2
ENSG00000132005,2
ENSG00000132016,1
ENSG00000132017,2
ENSG00000132024,2
ENSG00000132026,1
ENSG00000132031,0
ENSG00000132109,2
ENSG00000132122,2
ENSG00000132128,2
ENSG00000132141,2
ENSG00000132153,2
ENSG00000132155,2
ENSG00000132164,1
ENSG00000132170,0
ENSG00000132182,1
ENSG00000132185,1
ENSG00000132196,2
ENSG00000132199,2
ENSG00000132204,1
ENSG00000132205,0
ENSG00000132254,2
ENSG00000132256,2
ENSG00000132259,0
ENSG00000132274,2
ENSG00000132275,2
ENSG00000132286,2
ENSG00000132294,2
ENSG00000132300,2
ENSG00000132305,2
ENSG00000132313,2
ENSG00000132321,0
ENSG00000132323,2
ENSG00000132326,2
ENSG00000132329,1
ENSG00000132330,1
ENSG00000132334,2
ENSG00000132341,2
ENSG00000132356,2
ENSG00000132357,2
ENSG00000132359,2
ENSG00000132361,2
ENSG00000132376,0
ENSG00000132382,2
ENSG00000132383,2
ENSG00000132386,2
ENSG00000132388,2
ENSG00000132394,2
ENSG00000132405,2
ENSG00000132406,2
ENSG00000132423,2
ENSG00000132424,2
ENSG00000132429,1
ENSG00000132432,2
ENSG00000132434,2
ENSG00000132436,1
ENSG00000132437,1
ENSG00000132463,2
ENSG00000132464,2
ENSG00000132465,2
ENSG00000132466,2
ENSG00000132467,2
ENSG00000132470,1
ENSG00000132471,2
ENSG00000132475,2
ENSG00000132478,2
ENSG00000132481,1
ENSG00000132485,2
ENSG00000132507,2
ENSG00000132510,2
ENSG00000132514,2
ENSG00000132517,1
ENSG00000132518,2
ENSG00000132530,2
ENSG00000132535,2
ENSG00000132541,2
ENSG00000132549,2
ENSG00000132554,0
ENSG00000132561,2
ENSG00000132563,2
ENSG00000132570,2
ENSG00000132581,2
ENSG00000132589,2
ENSG00000132591,2
ENSG00000132600,2
ENSG00000132603,2
ENSG00000132604,2
ENSG00000132612,2
ENSG00000132613,2
ENSG00000132622,0
ENSG00000132623,2
ENSG00000132635,2
ENSG00000132639,2
ENSG00000132640,2
ENSG00000132646,1
ENSG00000132661,2
ENSG00000132664,2
ENSG00000132669,2
ENSG00000132670,2
ENSG00000132676,2
ENSG00000132677,1
ENSG00000132680,1
ENSG00000132688,0
ENSG00000132692,1
ENSG00000132694,2
ENSG00000132698,1
ENSG00000132704,1
ENSG00000132716,2
ENSG00000132718,2
ENSG00000132740,2
ENSG00000132744,1
ENSG00000132746,1
ENSG00000132749,1
ENSG00000132763,1
ENSG00000132768,2
ENSG00000132773,2
ENSG00000132780,2
ENSG00000132781,2
ENSG00000132792,2
ENSG00000132793,2
ENSG00000132801,2
ENSG00000132819,2
ENSG00000132821,1
ENSG00000132823,2
ENSG00000132824,2
ENSG00000132825,2
ENSG00000132837,1
ENSG00000132840,1
ENSG00000132842,2
ENSG00000132846,2
ENSG00000132849,2
ENSG00000132854,0
ENSG00000132874,1
ENSG00000132879,2
ENSG00000132881,2
ENSG00000132906,2
ENSG00000132912,2
ENSG00000132915,2
ENSG00000132932,2
ENSG00000132938,2
ENSG00000132950,2
ENSG00000132952,2
ENSG00000132953,2
ENSG00000132963,2
ENSG00000132964,2
ENSG00000132965,0
ENSG00000132967,2
ENSG00000132970,0
ENSG00000133019,2
ENSG00000133026,0
ENSG00000133027,2
ENSG00000133028,2
ENSG00000133030,2
ENSG00000133048,1
ENSG00000133055,1
ENSG00000133056,2
ENSG00000133059,2
ENSG00000133063,2
ENSG00000133065,2
ENSG00000133067,2
ENSG00000133069,2
ENSG00000133083,1
ENSG00000133101,0
ENSG00000133103,2
ENSG00000133104,2
ENSG00000133106,2
ENSG00000133107,0
ENSG00000133110,1
ENSG00000133111,2
ENSG00000133112,2
ENSG00000133114,2
ENSG00000133115,0
ENSG00000133116,0
ENSG00000133119,2
ENSG00000133121,0
ENSG00000133131,2
ENSG00000133134,2
ENSG00000133135,2
ENSG00000133138,2
ENSG00000133142,2
ENSG00000133169,2
ENSG00000133193,2
ENSG00000133195,1
ENSG00000133216,1
ENSG00000133226,2
ENSG00000133243,2
ENSG00000133246,0
ENSG00000133247,2
ENSG00000133250,2
ENSG00000133256,2
ENSG00000133265,2
ENSG00000133275,2
ENSG00000133302,2
ENSG00000133313,2
ENSG00000133315,2
ENSG00000133316,2
ENSG00000133317,2
ENSG00000133318,2
ENSG00000133321,2
ENSG00000133328,2
ENSG00000133392,0
ENSG00000133393,2
ENSG00000133398,2
ENSG00000133401,0
ENSG00000133422,2
ENSG00000133424,2
ENSG00000133433,2
ENSG00000133460,2
ENSG00000133466,1
ENSG00000133475,2
ENSG00000133477,1
ENSG00000133488,0
ENSG00000133519,1
ENSG00000133561,0
ENSG00000133574,0
ENSG00000133597,2
ENSG00000133606,2
ENSG00000133612,2
ENSG00000133619,2
ENSG00000133624,2
ENSG00000133627,2
ENSG00000133636,1
ENSG00000133639,2
ENSG00000133640,0
ENSG00000133641,2
ENSG00000133657,2
ENSG00000133661,0
ENSG00000133665,0
ENSG00000133678,2
ENSG00000133687,0
ENSG00000133703,2
ENSG00000133704,2
ENSG00000133706,2
ENSG00000133710,1
ENSG00000133731,2
ENSG00000133739,2
ENSG00000133740,1
ENSG00000133773,2
ENSG00000133789,2
ENSG00000133794,2
ENSG00000133800,0
ENSG00000133805,2
ENSG00000133812,2
ENSG00000133816,2
ENSG00000133818,2
ENSG00000133835,2
ENSG00000133858,2
ENSG00000133863,1
ENSG00000133872,2
ENSG00000133874,0
ENSG00000133878,0
ENSG00000133884,2
ENSG00000133895,2
ENSG00000133935,2
ENSG00000133943,2
ENSG00000133958,2
ENSG00000133961,2
ENSG00000133962,1
ENSG00000133983,2
ENSG00000133985,2
ENSG00000133997,2
ENSG00000134001,2
ENSG00000134013,1
ENSG00000134014,2
ENSG00000134020,0
ENSG00000134028,1
ENSG00000134030,0
ENSG00000134042,2
ENSG00000134046,2
ENSG00000134049,2
ENSG00000134056,2
ENSG00000134057,1
ENSG00000134058,2
ENSG00000134061,2
ENSG00000134070,2
ENSG00000134072,2
ENSG00000134077,2
ENSG00000134086,2
ENSG00000134107,2
ENSG00000134108,2
ENSG00000134109,2
ENSG00000134115,0
ENSG00000134121,1
ENSG00000134138,2
ENSG00000134146,2
ENSG00000134152,2
ENSG00000134153,2
ENSG00000134184,2
ENSG00000134186,2
ENSG00000134198,2
ENSG00000134201,0
ENSG00000134202,2
ENSG00000134215,2
ENSG00000134216,2
ENSG00000134222,1
ENSG00000134240,2
ENSG00000134242,2
ENSG00000134243,2
ENSG00000134245,0
ENSG00000134247,1
ENSG00000134248,2
ENSG00000134250,2
ENSG00000134253,1
ENSG00000134255,2
ENSG00000134256,0
ENSG00000134258,1
ENSG00000134259,2
ENSG00000134262,2
ENSG00000134265,2
ENSG00000134278,2
ENSG00000134283,2
ENSG00000134285,1
ENSG00000134287,2
ENSG00000134291,1
ENSG00000134294,2
ENSG00000134297,2
ENSG00000134308,2
ENSG00000134313,2
ENSG00000134317,1
ENSG00000134318,2
ENSG00000134321,2
ENSG00000134323,1
ENSG00000134324,2
ENSG00000134326,2
ENSG00000134330,2
ENSG00000134333,1
ENSG00000134339,1
ENSG00000134343,2
ENSG00000134352,2
ENSG00000134363,2
ENSG00000134369,2
ENSG00000134371,2
ENSG00000134375,2
ENSG00000134398,1
ENSG00000134419,2
ENSG00000134440,2
ENSG00000134443,2
ENSG00000134444,2
ENSG00000134452,2
ENSG00000134453,2
ENSG00000134460,1
ENSG00000134461,2
ENSG00000134463,2
ENSG00000134470,2
ENSG00000134480,2
ENSG00000134490,2
ENSG00000134504,2
ENSG00000134508,2
ENSG00000134516,2
ENSG00000134531,0
ENSG00000134532,0
ENSG00000134533,0
ENSG00000134539,0
ENSG00000134545,2
ENSG00000134548,2
ENSG00000134569,2
ENSG00000134574,2
ENSG00000134575,2
ENSG00000134590,2
ENSG00000134594,2
ENSG00000134597,2
ENSG00000134602,2
ENSG00000134627,2
ENSG00000134644,2
ENSG00000134668,2
ENSG00000134684,2
ENSG00000134686,2
ENSG00000134690,1
ENSG00000134697,2
ENSG00000134698,2
ENSG00000134709,1
ENSG00000134716,2
ENSG00000134717,2
ENSG00000134744,2
ENSG00000134748,2
ENSG00000134755,2
ENSG00000134757,1
ENSG00000134758,2
ENSG00000134759,2
ENSG00000134762,2
ENSG00000134769,2
ENSG00000134775,2
ENSG00000134779,2
ENSG00000134780,2
ENSG00000134802,2
ENSG00000134809,2
ENSG00000134815,2
ENSG00000134817,0
ENSG00000134824,2
ENSG00000134825,2
ENSG00000134827,1
ENSG00000134830,2
ENSG00000134851,2
ENSG00000134852,2
ENSG00000134853,2
ENSG00000134864,2
ENSG00000134871,2
ENSG00000134873,1
ENSG00000134874,2
ENSG00000134882,2
ENSG00000134884,2
ENSG00000134897,2
ENSG00000134899,2
ENSG00000134900,2
ENSG00000134901,2
ENSG00000134905,2
ENSG00000134909,2
ENSG00000134910,2
ENSG00000134917,0
ENSG00000134954,0
ENSG00000134955,2
ENSG00000134962,0
ENSG00000134970,2
ENSG00000134982,2
ENSG00000134986,2
ENSG00000134987,2
ENSG00000134996,2
ENSG00000135002,2
ENSG00000135018,2
ENSG00000135040,2
ENSG00000135045,2
ENSG00000135046,2
ENSG00000135047,2
ENSG00000135048,2
ENSG00000135049,0
ENSG00000135052,1
ENSG00000135063,0
ENSG00000135069,1
ENSG00000135070,2
ENSG00000135074,2
ENSG00000135077,2
ENSG00000135083,2
ENSG00000135090,2
ENSG00000135093,2
ENSG00000135094,1
ENSG00000135097,1
ENSG00000135100,1
ENSG00000135108,2
ENSG00000135111,0
ENSG00000135114,0
ENSG00000135116,2
ENSG00000135119,1
ENSG00000135124,2
ENSG00000135127,1
ENSG00000135144,2
ENSG00000135148,2
ENSG00000135164,2
ENSG00000135185,2
ENSG00000135205,0
ENSG00000135211,2
ENSG00000135218,0
ENSG00000135241,2
ENSG00000135245,1
ENSG00000135249,2
ENSG00000135250,2
ENSG00000135253,1
ENSG00000135269,2
ENSG00000135272,2
ENSG00000135297,2
ENSG00000135298,0
ENSG00000135299,2
ENSG00000135314,1
ENSG00000135315,2
ENSG00000135316,2
ENSG00000135317,2
ENSG00000135318,1
ENSG00000135324,2
ENSG00000135333,1
ENSG00000135334,2
ENSG00000135336,2
ENSG00000135338,2
ENSG00000135341,2
ENSG00000135346,1
ENSG00000135362,2
ENSG00000135363,0
ENSG00000135365,2
ENSG00000135372,2
ENSG00000135373,2
ENSG00000135374,2
ENSG00000135378,2
ENSG00000135387,2
ENSG00000135390,2
ENSG00000135392,2
ENSG00000135404,2
ENSG00000135407,2
ENSG00000135414,2
ENSG00000135424,2
ENSG00000135426,2
ENSG00000135437,2
ENSG00000135439,2
ENSG00000135441,2
ENSG00000135446,2
ENSG00000135447,2
ENSG00000135451,1
ENSG00000135452,2
ENSG00000135454,1
ENSG00000135457,2
ENSG00000135469,2
ENSG00000135472,2
ENSG00000135473,2
ENSG00000135476,1
ENSG00000135477,0
ENSG00000135480,2
ENSG00000135482,2
ENSG00000135486,2
ENSG00000135503,2
ENSG00000135506,2
ENSG00000135519,2
ENSG00000135521,2
ENSG00000135525,2
ENSG00000135535,2
ENSG00000135537,2
ENSG00000135540,0
ENSG00000135541,2
ENSG00000135547,0
ENSG00000135549,1
ENSG00000135587,2
ENSG00000135596,2
ENSG00000135597,2
ENSG00000135604,0
ENSG00000135605,2
ENSG00000135617,2
ENSG00000135622,2
ENSG00000135624,2
ENSG00000135625,1
ENSG00000135631,2
ENSG00000135632,2
ENSG00000135636,2
ENSG00000135637,2
ENSG00000135643,2
ENSG00000135655,2
ENSG00000135677,2
ENSG00000135678,2
ENSG00000135679,2
ENSG00000135686,2
ENSG00000135697,1
ENSG00000135698,2
ENSG00000135709,2
ENSG00000135720,2
ENSG00000135722,1
ENSG00000135723,2
ENSG00000135736,2
ENSG00000135740,2
ENSG00000135744,1
ENSG00000135749,2
ENSG00000135750,1
ENSG00000135763,2
ENSG00000135766,2
ENSG00000135773,2
ENSG00000135775,2
ENSG00000135776,2
ENSG00000135778,2
ENSG00000135801,2
ENSG00000135821,2
ENSG00000135823,2
ENSG00000135828,2
ENSG00000135829,2
ENSG00000135835,2
ENSG00000135837,2
ENSG00000135838,2
ENSG00000135842,2
ENSG00000135845,2
ENSG00000135862,2
ENSG00000135870,2
ENSG00000135898,2
ENSG00000135899,2
ENSG00000135900,2
ENSG00000135905,2
ENSG00000135912,2
ENSG00000135913,2
ENSG00000135914,1
ENSG00000135916,1
ENSG00000135917,0
ENSG00000135919,1
ENSG00000135924,2
ENSG00000135925,1
ENSG00000135926,2
ENSG00000135929,0
ENSG00000135930,2
ENSG00000135931,2
ENSG00000135932,2
ENSG00000135940,2
ENSG00000135945,2
ENSG00000135951,2
ENSG00000135953,2
ENSG00000135956,2
ENSG00000135960,2
ENSG00000135966,2
ENSG00000135968,2
ENSG00000135972,2
ENSG00000135974,2
ENSG00000135976,1
ENSG00000135999,2
ENSG00000136002,2
ENSG00000136003,2
ENSG00000136010,1
ENSG00000136011,0
ENSG00000136014,2
ENSG00000136021,2
ENSG00000136026,1
ENSG00000136040,2
ENSG00000136044,2
ENSG00000136045,2
ENSG00000136048,0
ENSG00000136051,2
ENSG00000136052,1
ENSG00000136059,2
ENSG00000136068,2
ENSG00000136098,2
ENSG00000136100,2
ENSG00000136104,2
ENSG00000136108,1
ENSG00000136110,1
ENSG00000136111,2
ENSG00000136114,0
ENSG00000136122,1
ENSG00000136141,2
ENSG00000136143,2
ENSG00000136144,2
ENSG00000136146,2
ENSG00000136147,2
ENSG00000136149,2
ENSG00000136152,2
ENSG00000136153,0
ENSG00000136155,0
ENSG00000136156,2
ENSG00000136158,2
ENSG00000136159,2
ENSG00000136160,0
ENSG00000136161,2
ENSG00000136167,0
ENSG00000136169,2
ENSG00000136193,2
ENSG00000136205,0
ENSG00000136213,2
ENSG00000136231,1
ENSG00000136235,2
ENSG00000136237,2
ENSG00000136238,2
ENSG00000136240,2
ENSG00000136243,2
ENSG00000136244,0
ENSG00000136247,2
ENSG00000136250,2
ENSG00000136261,1
ENSG00000136270,1
ENSG00000136271,2
ENSG00000136273,2
ENSG00000136274,2
ENSG00000136279,2
ENSG00000136280,2
ENSG00000136286,2
ENSG00000136295,1
ENSG00000136319,2
ENSG00000136327,2
ENSG00000136352,2
ENSG00000136367,2
ENSG00000136371,2
ENSG00000136378,2
ENSG00000136379,2
ENSG00000136381,2
ENSG00000136383,2
ENSG00000136404,0
ENSG00000136425,1
ENSG00000136436,2
ENSG00000136444,2
ENSG00000136448,2
ENSG00000136449,2
ENSG00000136450,2
ENSG00000136451,2
ENSG00000136457,1
ENSG00000136463,2
ENSG00000136478,2
ENSG00000136485,2
ENSG00000136490,2
ENSG00000136492,1
ENSG00000136504,2
ENSG00000136514,2
ENSG00000136518,2
ENSG00000136521,2
ENSG00000136522,2
ENSG00000136527,2
ENSG00000136531,2
ENSG00000136536,2
ENSG00000136541,2
ENSG00000136542,0
ENSG00000136546,0
ENSG00000136560,2
ENSG00000136573,1
ENSG00000136603,2
ENSG00000136628,2
ENSG00000136630,0
ENSG00000136631,2
ENSG00000136634,2
ENSG00000136636,2
ENSG00000136643,2
ENSG00000136682,2
ENSG00000136688,1
ENSG00000136689,2
ENSG00000136695,1
ENSG00000136699,2
ENSG00000136709,2
ENSG00000136710,2
ENSG00000136715,2
ENSG00000136717,2
ENSG00000136718,2
ENSG00000136720,2
ENSG00000136731,2
ENSG00000136732,0
ENSG00000136738,2
ENSG00000136754,2
ENSG00000136758,2
ENSG00000136770,2
ENSG00000136783,2
ENSG00000136802,2
ENSG00000136807,2
ENSG00000136810,2
ENSG00000136811,2
ENSG00000136813,2
ENSG00000136816,2
ENSG00000136819,2
ENSG00000136824,2
ENSG00000136826,0
ENSG00000136827,2
ENSG00000136828,2
ENSG00000136830,2
ENSG00000136840,2
ENSG00000136842,0
ENSG00000136848,0
ENSG00000136854,2
ENSG00000136856,2
ENSG00000136859,2
ENSG00000136861,2
ENSG00000136866,2
ENSG00000136868,2
ENSG00000136869,0
ENSG00000136870,2
ENSG00000136872,1
ENSG00000136874,2
ENSG00000136875,2
ENSG00000136877,2
ENSG00000136878,2
ENSG00000136881,1
ENSG00000136883,1
ENSG00000136888,2
ENSG00000136891,2
ENSG00000136895,2
ENSG00000136897,2
ENSG00000136908,2
ENSG00000136918,0
ENSG00000136925,2
ENSG00000136928,1
ENSG00000136930,2
ENSG00000136932,2
ENSG00000136933,2
ENSG00000136935,2
ENSG00000136936,2
ENSG00000136937,2
ENSG00000136938,2
ENSG00000136940,2
ENSG00000136942,2
ENSG00000136943,1
ENSG00000136944,1
ENSG00000136950,2
ENSG00000136960,0
ENSG00000136982,1
ENSG00000136986,2
ENSG00000136997,2
ENSG00000136999,2
ENSG00000137033,0
ENSG00000137038,2
ENSG00000137040,2
ENSG00000137054,2
ENSG00000137055,2
ENSG00000137070,2
ENSG00000137073,2
ENSG00000137074,2
ENSG00000137075,2
ENSG00000137076,2
ENSG00000137077,2
ENSG00000137078,2
ENSG00000137094,2
ENSG00000137098,0
ENSG00000137100,2
ENSG00000137101,2
ENSG00000137103,2
ENSG00000137106,2
ENSG00000137124,1
ENSG00000137135,1
ENSG00000137142,1
ENSG00000137145,2
ENSG00000137154,2
ENSG00000137161,2
ENSG00000137166,2
ENSG00000137168,1
ENSG00000137171,2
ENSG00000137177,2
ENSG00000137185,2
ENSG00000137193,2
ENSG00000137198,2
ENSG00000137200,2
ENSG00000137203,1
ENSG00000137207,2
ENSG00000137210,2
ENSG00000137216,2
ENSG00000137218,2
ENSG00000137221,2
ENSG00000137251,1
ENSG00000137261,1
ENSG00000137265,2
ENSG00000137266,2
ENSG00000137267,1
ENSG00000137269,2
ENSG00000137273,0
ENSG00000137274,1
ENSG00000137275,2
ENSG00000137285,1
ENSG00000137288,1
ENSG00000137309,1
ENSG00000137310,1
ENSG00000137312,2
ENSG00000137331,2
ENSG00000137337,2
ENSG00000137338,2
ENSG00000137343,1
ENSG00000137364,2
ENSG00000137393,0
ENSG00000137404,2
ENSG00000137409,2
ENSG00000137411,1
ENSG00000137413,2
ENSG00000137414,2
ENSG00000137434,2
ENSG00000137440,2
ENSG00000137441,0
ENSG00000137449,2
ENSG00000137460,0
ENSG00000137462,2
ENSG00000137473,0
ENSG00000137474,1
ENSG00000137478,2
ENSG00000137486,0
ENSG00000137491,0
ENSG00000137492,2
ENSG00000137494,2
ENSG00000137496,2
ENSG00000137497,2
ENSG00000137500,2
ENSG00000137501,1
ENSG00000137502,2
ENSG00000137504,2
ENSG00000137507,0
ENSG00000137509,2
ENSG00000137513,2
ENSG00000137522,2
ENSG00000137547,1
ENSG00000137558,1
ENSG00000137561,0
ENSG00000137563,1
ENSG00000137571,1
ENSG00000137573,1
ENSG00000137574,2
ENSG00000137575,2
ENSG00000137601,2
ENSG00000137628,2
ENSG00000137642,2
ENSG00000137648,1
ENSG00000137656,2
ENSG00000137672,2
ENSG00000137673,1
ENSG00000137691,2
ENSG00000137692,2
ENSG00000137693,2
ENSG00000137699,1
ENSG00000137700,2
ENSG00000137709,2
ENSG00000137710,2
ENSG00000137713,2
ENSG00000137714,2
ENSG00000137720,2
ENSG00000137726,0
ENSG00000137727,2
ENSG00000137745,1
ENSG00000137747,1
ENSG00000137752,2
ENSG00000137757,0
ENSG00000137760,2
ENSG00000137764,2
ENSG00000137767,2
ENSG00000137770,2
ENSG00000137776,2
ENSG00000137801,2
ENSG00000137802,2
ENSG00000137806,2
ENSG00000137807,1
ENSG00000137809,1
ENSG00000137812,1
ENSG00000137814,2
ENSG00000137815,2
ENSG00000137817,2
ENSG00000137818,2
ENSG00000137819,0
ENSG00000137821,0
ENSG00000137822,2
ENSG00000137824,2
ENSG00000137825,1
ENSG00000137831,0
ENSG00000137834,0
ENSG00000137841,2
ENSG00000137842,1
ENSG00000137843,1
ENSG00000137845,2
ENSG00000137857,0
ENSG00000137860,1
ENSG00000137868,1
ENSG00000137869,1
ENSG00000137871,2
ENSG00000137872,0
ENSG00000137875,1
ENSG00000137876,2
ENSG00000137877,1
ENSG00000137878,0
ENSG00000137936,2
ENSG00000137941,0
ENSG00000137942,2
ENSG00000137944,2
ENSG00000137947,2
ENSG00000137948,1
ENSG00000137955,2
ENSG00000137959,2
ENSG00000137960,0
ENSG00000137962,0
ENSG00000137965,2
ENSG00000137968,1
ENSG00000137970,2
ENSG00000137975,2
ENSG00000137976,0
ENSG00000137992,2
ENSG00000137996,2
ENSG00000138002,2
ENSG00000138018,1
ENSG00000138028,1
ENSG00000138029,2
ENSG00000138030,2
ENSG00000138031,2
ENSG00000138032,2
ENSG00000138035,2
ENSG00000138036,2
ENSG00000138050,2
ENSG00000138061,2
ENSG00000138069,2
ENSG00000138071,2
ENSG00000138073,2
ENSG00000138074,1
ENSG00000138078,2
ENSG00000138080,2
ENSG00000138081,2
ENSG00000138083,1
ENSG00000138085,2
ENSG00000138092,1
ENSG00000138095,2
ENSG00000138100,1
ENSG00000138101,2
ENSG00000138107,2
ENSG00000138109,1
ENSG00000138111,2
ENSG00000138115,2
ENSG00000138119,2
ENSG00000138131,2
ENSG00000138134,2
ENSG00000138135,2
ENSG00000138138,2
ENSG00000138152,1
ENSG00000138160,1
ENSG00000138162,2
ENSG00000138166,2
ENSG00000138172,2
ENSG00000138175,2
ENSG00000138180,1
ENSG00000138182,1
ENSG00000138185,2
ENSG00000138190,2
ENSG00000138193,0
ENSG00000138207,0
ENSG00000138231,2
ENSG00000138246,2
ENSG00000138279,2
ENSG00000138286,2
ENSG00000138303,2
ENSG00000138308,2
ENSG00000138311,0
ENSG00000138315,2
ENSG00000138316,1
ENSG00000138326,2
ENSG00000138336,1
ENSG00000138346,1
ENSG00000138356,0
ENSG00000138363,1
ENSG00000138375,2
ENSG00000138376,1
ENSG00000138378,2
ENSG00000138380,2
ENSG00000138381,2
ENSG00000138382,2
ENSG00000138385,2
ENSG00000138386,2
ENSG00000138395,0
ENSG00000138398,2
ENSG00000138399,2
ENSG00000138400,0
ENSG00000138411,0
ENSG00000138413,2
ENSG00000138430,2
ENSG00000138433,2
ENSG00000138434,0
ENSG00000138435,1
ENSG00000138439,2
ENSG00000138442,2
ENSG00000138443,2
ENSG00000138448,2
ENSG00000138449,2
ENSG00000138459,2
ENSG00000138463,2
ENSG00000138468,2
ENSG00000138495,2
ENSG00000138496,2
ENSG00000138587,2
ENSG00000138592,2
ENSG00000138593,0
ENSG00000138594,2
ENSG00000138600,2
ENSG00000138604,2
ENSG00000138606,2
ENSG00000138613,2
ENSG00000138614,2
ENSG00000138615,1
ENSG00000138617,2
ENSG00000138621,2
ENSG00000138622,2
ENSG00000138623,2
ENSG00000138629,2
ENSG00000138639,0
ENSG00000138640,2
ENSG00000138642,2
ENSG00000138646,2
ENSG00000138650,0
ENSG00000138658,1
ENSG00000138660,2
ENSG00000138663,2
ENSG00000138668,2
ENSG00000138669,0
ENSG00000138670,0
ENSG00000138674,2
ENSG00000138678,2
ENSG00000138685,0
ENSG00000138686,2
ENSG00000138688,2
ENSG00000138696,2
ENSG00000138698,2
ENSG00000138709,2
ENSG00000138722,0
ENSG00000138735,0
ENSG00000138738,0
ENSG00000138741,0
ENSG00000138744,2
ENSG00000138750,2
ENSG00000138755,1
ENSG00000138756,2
ENSG00000138757,2
ENSG00000138758,2
ENSG00000138759,0
ENSG00000138760,2
ENSG00000138764,2
ENSG00000138767,2
ENSG00000138768,2
ENSG00000138769,2
ENSG00000138771,2
ENSG00000138772,0
ENSG00000138777,2
ENSG00000138778,1
ENSG00000138780,2
ENSG00000138785,2
ENSG00000138792,2
ENSG00000138794,2
ENSG00000138795,2
ENSG00000138796,2
ENSG00000138798,1
ENSG00000138801,2
ENSG00000138802,2
ENSG00000138814,2
ENSG00000138821,0
ENSG00000138823,2
ENSG00000138829,1
ENSG00000138834,1
ENSG00000138835,2
ENSG00000138867,2
ENSG00000138942,2
ENSG00000138944,1
ENSG00000138964,2
ENSG00000139044,2
ENSG00000139055,2
ENSG00000139083,2
ENSG00000139112,0
ENSG00000139116,2
ENSG00000139117,2
ENSG00000139131,2
ENSG00000139132,2
ENSG00000139133,2
ENSG00000139144,1
ENSG00000139146,2
ENSG00000139154,2
ENSG00000139160,2
ENSG00000139163,2
ENSG00000139168,2
ENSG00000139173,2
ENSG00000139174,0
ENSG00000139178,2
ENSG00000139180,2
ENSG00000139182,2
ENSG00000139187,2
ENSG00000139190,2
ENSG00000139192,2
ENSG00000139193,1
ENSG00000139194,2
ENSG00000139197,2
ENSG00000139200,2
ENSG00000139209,1
ENSG00000139211,2
ENSG00000139218,2
ENSG00000139219,1
ENSG00000139220,2
ENSG00000139233,2
ENSG00000139239,2
ENSG00000139263,1
ENSG00000139266,2
ENSG00000139278,2
ENSG00000139289,2
ENSG00000139291,2
ENSG00000139292,2
ENSG00000139304,0
ENSG00000139318,2
ENSG00000139323,2
ENSG00000139324,2
ENSG00000139329,2
ENSG00000139343,2
ENSG00000139344,2
ENSG00000139350,2
ENSG00000139352,1
ENSG00000139354,2
ENSG00000139364,2
ENSG00000139370,2
ENSG00000139372,2
ENSG00000139405,2
ENSG00000139410,2
ENSG00000139428,2
ENSG00000139433,2
ENSG00000139436,2
ENSG00000139437,2
ENSG00000139438,2
ENSG00000139496,2
ENSG00000139505,2
ENSG00000139508,2
ENSG00000139514,2
ENSG00000139515,1
ENSG00000139517,2
ENSG00000139531,2
ENSG00000139537,0
ENSG00000139540,1
ENSG00000139546,2
ENSG00000139547,2
ENSG00000139549,0
ENSG00000139567,0
ENSG00000139572,1
ENSG00000139579,2
ENSG00000139597,0
ENSG00000139613,2
ENSG00000139618,1
ENSG00000139620,2
ENSG00000139624,2
ENSG00000139625,2
ENSG00000139626,2
ENSG00000139629,1
ENSG00000139631,2
ENSG00000139636,2
ENSG00000139641,2
ENSG00000139644,2
ENSG00000139645,2
ENSG00000139651,2
ENSG00000139668,2
ENSG00000139675,2
ENSG00000139679,2
ENSG00000139684,2
ENSG00000139687,2
ENSG00000139697,2
ENSG00000139714,2
ENSG00000139718,2
ENSG00000139719,2
ENSG00000139722,2
ENSG00000139725,2
ENSG00000139726,2
ENSG00000139734,2
ENSG00000139737,2
ENSG00000139746,2
ENSG00000139793,2
ENSG00000139800,1
ENSG00000139826,2
ENSG00000139832,2
ENSG00000139835,1
ENSG00000139842,2
ENSG00000139865,1
ENSG00000139874,0
ENSG00000139880,1
ENSG00000139890,2
ENSG00000139899,2
ENSG00000139908,2
ENSG00000139910,1
ENSG00000139921,2
ENSG00000139926,2
ENSG00000139946,2
ENSG00000139970,0
ENSG00000139971,2
ENSG00000139973,1
ENSG00000139974,2
ENSG00000139977,2
ENSG00000139990,2
ENSG00000139998,1
ENSG00000140006,2
ENSG00000140009,2
ENSG00000140022,2
ENSG00000140025,2
ENSG00000140030,0
ENSG00000140043,2
ENSG00000140044,0
ENSG00000140057,0
ENSG00000140067,0
ENSG00000140090,0
ENSG00000140092,0
ENSG00000140104,2
ENSG00000140105,2
ENSG00000140153,2
ENSG00000140157,2
ENSG00000140199,2
ENSG00000140254,0
ENSG00000140259,2
ENSG00000140262,2
ENSG00000140263,1
ENSG00000140264,2
ENSG00000140265,2
ENSG00000140274,2
ENSG00000140279,2
ENSG00000140280,2
ENSG00000140284,2
ENSG00000140285,2
ENSG00000140287,2
ENSG00000140297,1
ENSG00000140299,2
ENSG00000140307,2
ENSG00000140319,2
ENSG00000140320,2
ENSG00000140323,2
ENSG00000140326,2
ENSG00000140332,2
ENSG00000140350,2
ENSG00000140365,2
ENSG00000140367,2
ENSG00000140368,2
ENSG00000140374,2
ENSG00000140379,0
ENSG00000140382,2
ENSG00000140386,2
ENSG00000140391,2
ENSG00000140395,2
ENSG00000140396,2
ENSG00000140398,2
ENSG00000140400,2
ENSG00000140403,2
ENSG00000140406,2
ENSG00000140416,2
ENSG00000140443,2
ENSG00000140450,0
ENSG00000140451,1
ENSG00000140455,2
ENSG00000140459,2
ENSG00000140463,2
ENSG00000140464,2
ENSG00000140465,0
ENSG00000140470,2
ENSG00000140471,2
ENSG00000140474,2
ENSG00000140479,1
ENSG00000140481,0
ENSG00000140497,2
ENSG00000140511,1
ENSG00000140519,1
ENSG00000140521,2
ENSG00000140525,1
ENSG00000140526,2
ENSG00000140527,2
ENSG00000140534,1
ENSG00000140538,0
ENSG00000140543,2
ENSG00000140545,2
ENSG00000140548,2
ENSG00000140553,2
ENSG00000140557,1
ENSG00000140563,2
ENSG00000140564,2
ENSG00000140575,2
ENSG00000140577,2
ENSG00000140598,2
ENSG00000140600,0
ENSG00000140612,2
ENSG00000140632,2
ENSG00000140650,1
ENSG00000140675,2
ENSG00000140678,0
ENSG00000140682,2
ENSG00000140688,2
ENSG00000140691,2
ENSG00000140694,2
ENSG00000140718,2
ENSG00000140740,2
ENSG00000140743,2
ENSG00000140749,2
ENSG00000140750,2
ENSG00000140795,0
ENSG00000140807,0
ENSG00000140829,2
ENSG00000140830,2
ENSG00000140832,1
ENSG00000140835,1
ENSG00000140836,2
ENSG00000140848,2
ENSG00000140853,2
ENSG00000140854,2
ENSG00000140859,2
ENSG00000140873,1
ENSG00000140876,2
ENSG00000140905,1
ENSG00000140931,2
ENSG00000140932,0
ENSG00000140937,2
ENSG00000140939,2
ENSG00000140941,2
ENSG00000140943,2
ENSG00000140945,0
ENSG00000140948,2
ENSG00000140950,2
ENSG00000140961,2
ENSG00000140968,0
ENSG00000140983,2
ENSG00000140987,2
ENSG00000140988,2
ENSG00000140990,2
ENSG00000140992,2
ENSG00000140993,2
ENSG00000140995,2
ENSG00000141002,2
ENSG00000141012,2
ENSG00000141013,2
ENSG00000141026,2
ENSG00000141027,2
ENSG00000141030,2
ENSG00000141034,2
ENSG00000141040,2
ENSG00000141052,0
ENSG00000141068,2
ENSG00000141076,2
ENSG00000141084,2
ENSG00000141098,2
ENSG00000141101,2
ENSG00000141127,2
ENSG00000141161,0
ENSG00000141179,2
ENSG00000141198,2
ENSG00000141219,2
ENSG00000141232,2
ENSG00000141252,2
ENSG00000141258,2
ENSG00000141279,2
ENSG00000141293,2
ENSG00000141294,0
ENSG00000141295,2
ENSG00000141298,2
ENSG00000141314,1
ENSG00000141337,2
ENSG00000141338,0
ENSG00000141349,2
ENSG00000141367,2
ENSG00000141376,2
ENSG00000141378,2
ENSG00000141380,2
ENSG00000141384,2
ENSG00000141385,2
ENSG00000141391,2
ENSG00000141401,2
ENSG00000141404,2
ENSG00000141424,2
ENSG00000141425,2
ENSG00000141428,2
ENSG00000141429,2
ENSG00000141431,2
ENSG00000141433,2
ENSG00000141441,2
ENSG00000141446,2
ENSG00000141447,2
ENSG00000141448,0
ENSG00000141449,1
ENSG00000141452,2
ENSG00000141456,2
ENSG00000141458,2
ENSG00000141469,0
ENSG00000141480,2
ENSG00000141497,0
ENSG00000141499,2
ENSG00000141503,2
ENSG00000141504,2
ENSG00000141505,0
ENSG00000141506,0
ENSG00000141510,2
ENSG00000141519,2
ENSG00000141522,2
ENSG00000141524,2
ENSG00000141526,1
ENSG00000141527,1
ENSG00000141540,2
ENSG00000141542,2
ENSG00000141543,2
ENSG00000141551,2
ENSG00000141552,2
ENSG00000141556,2
ENSG00000141560,2
ENSG00000141562,1
ENSG00000141564,2
ENSG00000141568,2
ENSG00000141569,2
ENSG00000141570,1
ENSG00000141574,2
ENSG00000141576,1
ENSG00000141577,2
ENSG00000141579,1
ENSG00000141580,2
ENSG00000141582,1
ENSG00000141622,2
ENSG00000141627,2
ENSG00000141639,0
ENSG00000141642,2
ENSG00000141644,2
ENSG00000141646,2
ENSG00000141655,1
ENSG00000141664,2
ENSG00000141665,0
ENSG00000141682,1
ENSG00000141696,1
ENSG00000141698,2
ENSG00000141699,2
ENSG00000141736,2
ENSG00000141738,1
ENSG00000141741,2
ENSG00000141744,0
ENSG00000141750,2
ENSG00000141753,2
ENSG00000141756,1
ENSG00000141759,2
ENSG00000141837,2
ENSG00000141854,2
ENSG00000141858,2
ENSG00000141867,2
ENSG00000141873,2
ENSG00000141905,2
ENSG00000141933,2
ENSG00000141934,1
ENSG00000141956,2
ENSG00000141959,2
ENSG00000141965,2
ENSG00000141968,2
ENSG00000141971,2
ENSG00000141985,2
ENSG00000141994,2
ENSG00000142002,2
ENSG00000142039,2
ENSG00000142046,2
ENSG00000142065,2
ENSG00000142082,2
ENSG00000142089,2
ENSG00000142102,1
ENSG00000142149,2
ENSG00000142156,2
ENSG00000142166,2
ENSG00000142168,2
ENSG00000142173,2
ENSG00000142178,2
ENSG00000142185,1
ENSG00000142186,2
ENSG00000142188,2
ENSG00000142192,2
ENSG00000142197,2
ENSG00000142207,1
ENSG00000142208,2
ENSG00000142227,0
ENSG00000142230,2
ENSG00000142233,2
ENSG00000142235,2
ENSG00000142273,1
ENSG00000142279,2
ENSG00000142303,2
ENSG00000142319,1
ENSG00000142327,2
ENSG00000142330,2
ENSG00000142347,0
ENSG00000142396,2
ENSG00000142405,2
ENSG00000142408,2
ENSG00000142409,2
ENSG00000142444,2
ENSG00000142449,0
ENSG00000142453,2
ENSG00000142459,2
ENSG00000142484,1
ENSG00000142494,2
ENSG00000142507,2
ENSG00000142512,2
ENSG00000142528,2
ENSG00000142530,2
ENSG00000142534,2
ENSG00000142541,2
ENSG00000142544,2
ENSG00000142546,2
ENSG00000142549,1
ENSG00000142552,1
ENSG00000142556,2
ENSG00000142583,1
ENSG00000142599,2
ENSG00000142606,2
ENSG00000142609,0
ENSG00000142611,2
ENSG00000142619,1
ENSG00000142621,0
ENSG00000142623,1
ENSG00000142627,2
ENSG00000142632,1
ENSG00000142634,2
ENSG00000142655,2
ENSG00000142657,2
ENSG00000142661,1
ENSG00000142669,2
ENSG00000142675,2
ENSG00000142676,2
ENSG00000142677,1
ENSG00000142686,2
ENSG00000142687,2
ENSG00000142700,1
ENSG00000142731,1
ENSG00000142733,2
ENSG00000142748,0
ENSG00000142751,2
ENSG00000142765,2
ENSG00000142784,2
ENSG00000142794,2
ENSG00000142798,2
ENSG00000142856,2
ENSG00000142864,2
ENSG00000142867,2
ENSG00000142871,0
ENSG00000142875,2
ENSG00000142892,2
ENSG00000142910,2
ENSG00000142920,1
ENSG00000142937,2
ENSG00000142945,1
ENSG00000142949,2
ENSG00000142959,1
ENSG00000142961,2
ENSG00000142973,0
ENSG00000143001,1
ENSG00000143013,2
ENSG00000143028,0
ENSG00000143033,2
ENSG00000143036,2
ENSG00000143061,2
ENSG00000143067,2
ENSG00000143079,2
ENSG00000143093,2
ENSG00000143106,2
ENSG00000143110,0
ENSG00000143119,0
ENSG00000143126,2
ENSG00000143127,0
ENSG00000143147,2
ENSG00000143149,2
ENSG00000143153,1
ENSG00000143155,2
ENSG00000143156,2
ENSG00000143157,2
ENSG00000143158,2
ENSG00000143162,2
ENSG00000143164,2
ENSG00000143167,0
ENSG00000143171,0
ENSG00000143178,2
ENSG00000143179,1
ENSG00000143183,2
ENSG00000143184,2
ENSG00000143185,2
ENSG00000143190,2
ENSG00000143195,2
ENSG00000143196,0
ENSG00000143198,2
ENSG00000143207,2
ENSG00000143217,1
ENSG00000143222,2
ENSG00000143224,2
ENSG00000143226,2
ENSG00000143228,1
ENSG00000143248,0
ENSG00000143252,2
ENSG00000143256,2
ENSG00000143258,2
ENSG00000143294,2
ENSG00000143297,1
ENSG00000143303,2
ENSG00000143314,1
ENSG00000143315,2
ENSG00000143319,2
ENSG00000143320,1
ENSG00000143321,1
ENSG00000143322,2
ENSG00000143324,1
ENSG00000143333,0
ENSG00000143337,2
ENSG00000143341,2
ENSG00000143344,2
ENSG00000143353,2
ENSG00000143355,2
ENSG00000143363,2
ENSG00000143365,2
ENSG00000143367,2
ENSG00000143368,2
ENSG00000143369,1
ENSG00000143373,2
ENSG00000143374,1
ENSG00000143375,2
ENSG00000143376,2
ENSG00000143379,2
ENSG00000143382,0
ENSG00000143384,2
ENSG00000143387,2
ENSG00000143390,2
ENSG00000143393,2
ENSG00000143398,2
ENSG00000143401,1
ENSG00000143409,2
ENSG00000143412,2
ENSG00000143416,0
ENSG00000143418,2
ENSG00000143420,2
ENSG00000143429,1
ENSG00000143434,2
ENSG00000143436,2
ENSG00000143437,2
ENSG00000143442,2
ENSG00000143443,1
ENSG00000143450,1
ENSG00000143452,1
ENSG00000143457,2
ENSG00000143458,2
ENSG00000143469,1
ENSG00000143476,1
ENSG00000143479,2
ENSG00000143486,2
ENSG00000143493,2
ENSG00000143494,2
ENSG00000143498,2
ENSG00000143499,2
ENSG00000143502,1
ENSG00000143507,2
ENSG00000143512,1
ENSG00000143514,2
ENSG00000143515,2
ENSG00000143537,2
ENSG00000143543,2
ENSG00000143545,2
ENSG00000143546,2
ENSG00000143549,2
ENSG00000143552,1
ENSG00000143553,2
ENSG00000143554,0
ENSG00000143569,2
ENSG00000143570,2
ENSG00000143575,2
ENSG00000143578,1
ENSG00000143590,1
ENSG00000143603,0
ENSG00000143612,2
ENSG00000143614,2
ENSG00000143621,1
ENSG00000143622,2
ENSG00000143624,2
ENSG00000143630,1
ENSG00000143631,2
ENSG00000143633,1
ENSG00000143641,2
ENSG00000143643,2
ENSG00000143653,2
ENSG00000143669,2
ENSG00000143674,2
ENSG00000143702,2
ENSG00000143727,2
ENSG00000143740,2
ENSG00000143742,2
ENSG00000143748,2
ENSG00000143751,2
ENSG00000143753,2
ENSG00000143756,2
ENSG00000143761,2
ENSG00000143768,0
ENSG00000143771,2
ENSG00000143772,2
ENSG00000143774,2
ENSG00000143776,2
ENSG00000143786,2
ENSG00000143793,2
ENSG00000143797,2
ENSG00000143799,2
ENSG00000143801,1
ENSG00000143811,2
ENSG00000143815,2
ENSG00000143816,0
ENSG00000143819,2
ENSG00000143839,2
ENSG00000143842,2
ENSG00000143845,1
ENSG00000143847,1
ENSG00000143850,1
ENSG00000143851,2
ENSG00000143858,1
ENSG00000143862,2
ENSG00000143867,2
ENSG00000143869,2
ENSG00000143870,1
ENSG00000143878,2
ENSG00000143882,1
ENSG00000143889,2
ENSG00000143891,2
ENSG00000143919,2
ENSG00000143924,2
ENSG00000143933,2
ENSG00000143942,1
ENSG00000143947,2
ENSG00000143951,2
ENSG00000143952,2
ENSG00000143970,2
ENSG00000143971,2
ENSG00000143977,2
ENSG00000143994,2
ENSG00000143995,0
ENSG00000144021,2
ENSG00000144026,2
ENSG00000144028,2
ENSG00000144029,2
ENSG00000144031,2
ENSG00000144034,2
ENSG00000144036,2
ENSG00000144040,2
ENSG00000144043,2
ENSG00000144045,1
ENSG00000144048,2
ENSG00000144057,2
ENSG00000144061,2
ENSG00000144063,2
ENSG00000144115,2
ENSG00000144118,2
ENSG00000144119,1
ENSG00000144120,1
ENSG00000144134,2
ENSG00000144136,2
ENSG00000144152,2
ENSG00000144161,2
ENSG00000144182,2
ENSG00000144191,1
ENSG00000144199,2
ENSG00000144214,1
ENSG00000144218,0
ENSG00000144224,2
ENSG00000144228,2
ENSG00000144229,2
ENSG00000144230,0
ENSG00000144231,2
ENSG00000144233,2
ENSG00000144278,0
ENSG00000144283,2
ENSG00000144285,0
ENSG00000144306,2
ENSG00000144320,2
ENSG00000144331,0
ENSG00000144354,1
ENSG00000144357,2
ENSG00000144362,2
ENSG00000144366,2
ENSG00000144369,2
ENSG00000144381,1
ENSG00000144395,1
ENSG00000144401,2
ENSG00000144407,1
ENSG00000144426,2
ENSG00000144445,2
ENSG00000144451,2
ENSG00000144452,1
ENSG00000144455,2
ENSG00000144460,2
ENSG00000144468,2
ENSG00000144476,2
ENSG00000144481,1
ENSG00000144485,1
ENSG00000144488,1
ENSG00000144504,2
ENSG00000144524,2
ENSG00000144535,2
ENSG00000144554,1
ENSG00000144559,2
ENSG00000144560,2
ENSG00000144566,2
ENSG00000144567,2
ENSG00000144579,2
ENSG00000144580,2
ENSG00000144583,2
ENSG00000144589,2
ENSG00000144591,1
ENSG00000144596,2
ENSG00000144597,2
ENSG00000144619,2
ENSG00000144635,2
ENSG00000144642,0
ENSG00000144645,2
ENSG00000144647,2
ENSG00000144648,1
ENSG00000144649,2
ENSG00000144655,0
ENSG00000144659,2
ENSG00000144668,2
ENSG00000144674,2
ENSG00000144677,0
ENSG00000144681,0
ENSG00000144711,2
ENSG00000144712,2
ENSG00000144713,2
ENSG00000144724,2
ENSG00000144730,1
ENSG00000144736,2
ENSG00000144741,2
ENSG00000144744,2
ENSG00000144746,2
ENSG00000144747,2
ENSG00000144749,2
ENSG00000144791,2
ENSG00000144792,2
ENSG00000144802,0
ENSG00000144810,2
ENSG00000144815,2
ENSG00000144821,2
ENSG00000144824,0
ENSG00000144827,2
ENSG00000144837,0
ENSG00000144840,2
ENSG00000144843,0
ENSG00000144847,1
ENSG00000144848,2
ENSG00000144852,1
ENSG00000144857,2
ENSG00000144867,2
ENSG00000144868,2
ENSG00000144891,0
ENSG00000144893,1
ENSG00000144895,2
ENSG00000144908,1
ENSG00000144909,2
ENSG00000144935,2
ENSG00000144959,2
ENSG00000145012,2
ENSG00000145014,2
ENSG00000145016,2
ENSG00000145022,2
ENSG00000145041,2
ENSG00000145050,1
ENSG00000145087,1
ENSG00000145088,2
ENSG00000145103,2
ENSG00000145107,2
ENSG00000145113,1
ENSG00000145147,0
ENSG00000145191,2
ENSG00000145198,2
ENSG00000145214,2
ENSG00000145216,2
ENSG00000145217,1
ENSG00000145220,2
ENSG00000145241,2
ENSG00000145244,2
ENSG00000145246,2
ENSG00000145247,1
ENSG00000145248,2
ENSG00000145284,0
ENSG00000145287,2
ENSG00000145293,2
ENSG00000145331,2
ENSG00000145332,2
ENSG00000145335,0
ENSG00000145348,2
ENSG00000145349,2
ENSG00000145354,2
ENSG00000145358,1
ENSG00000145362,2
ENSG00000145365,2
ENSG00000145375,2
ENSG00000145386,1
ENSG00000145388,2
ENSG00000145390,2
ENSG00000145391,2
ENSG00000145414,2
ENSG00000145416,2
ENSG00000145423,1
ENSG00000145425,2
ENSG00000145428,2
ENSG00000145431,2
ENSG00000145439,2
ENSG00000145451,1
ENSG00000145476,2
ENSG00000145491,0
ENSG00000145494,2
ENSG00000145495,2
ENSG00000145506,0
ENSG00000145536,1
ENSG00000145545,1
ENSG00000145555,2
ENSG00000145569,0
ENSG00000145592,2
ENSG00000145604,1
ENSG00000145623,2
ENSG00000145632,2
ENSG00000145649,2
ENSG00000145675,0
ENSG00000145681,2
ENSG00000145685,2
ENSG00000145687,2
ENSG00000145692,1
ENSG00000145700,2
ENSG00000145703,2
ENSG00000145715,2
ENSG00000145723,2
ENSG00000145725,2
ENSG00000145730,2
ENSG00000145734,2
ENSG00000145736,2
ENSG00000145740,2
ENSG00000145741,2
ENSG00000145743,2
ENSG00000145777,0
ENSG00000145779,2
ENSG00000145780,2
ENSG00000145781,2
ENSG00000145782,2
ENSG00000145794,1
ENSG00000145817,2
ENSG00000145819,2
ENSG00000145824,1
ENSG00000145833,2
ENSG00000145850,2
ENSG00000145860,2
ENSG00000145861,0
ENSG00000145864,2
ENSG00000145868,2
ENSG00000145882,2
ENSG00000145901,2
ENSG00000145907,2
ENSG00000145908,1
ENSG00000145911,2
ENSG00000145912,2
ENSG00000145916,2
ENSG00000145919,2
ENSG00000145920,1
ENSG00000145934,2
ENSG00000145936,2
ENSG00000145945,2
ENSG00000145949,2
ENSG00000145979,2
ENSG00000145982,2
ENSG00000145990,0
ENSG00000145996,2
ENSG00000146006,2
ENSG00000146007,2
ENSG00000146013,1
ENSG00000146021,2
ENSG00000146038,0
ENSG00000146054,2
ENSG00000146063,2
ENSG00000146066,2
ENSG00000146067,2
ENSG00000146070,2
ENSG00000146072,1
ENSG00000146083,2
ENSG00000146085,2
ENSG00000146090,1
ENSG00000146094,2
ENSG00000146109,2
ENSG00000146112,2
ENSG00000146122,2
ENSG00000146143,2
ENSG00000146151,0
ENSG00000146166,1
ENSG00000146192,2
ENSG00000146197,1
ENSG00000146205,1
ENSG00000146216,1
ENSG00000146221,0
ENSG00000146223,2
ENSG00000146232,2
ENSG00000146233,2
ENSG00000146242,1
ENSG00000146243,2
ENSG00000146247,2
ENSG00000146250,0
ENSG00000146263,2
ENSG00000146267,1
ENSG00000146278,2
ENSG00000146281,2
ENSG00000146282,2
ENSG00000146285,2
ENSG00000146350,2
ENSG00000146373,2
ENSG00000146374,2
ENSG00000146376,0
ENSG00000146386,2
ENSG00000146409,2
ENSG00000146410,1
ENSG00000146411,2
ENSG00000146414,2
ENSG00000146416,2
ENSG00000146425,2
ENSG00000146426,2
ENSG00000146433,2
ENSG00000146457,2
ENSG00000146463,2
ENSG00000146476,2
ENSG00000146477,2
ENSG00000146521,2
ENSG00000146530,1
ENSG00000146535,2
ENSG00000146540,2
ENSG00000146555,1
ENSG00000146556,2
ENSG00000146574,2
ENSG00000146576,2
ENSG00000146587,2
ENSG00000146592,2
ENSG00000146648,2
ENSG00000146670,1
ENSG00000146674,1
ENSG00000146676,2
ENSG00000146677,2
ENSG00000146678,1
ENSG00000146700,1
ENSG00000146701,2
ENSG00000146707,2
ENSG00000146729,2
ENSG00000146731,1
ENSG00000146733,1
ENSG00000146757,1
ENSG00000146776,2
ENSG00000146802,2
ENSG00000146826,2
ENSG00000146828,2
ENSG00000146830,2
ENSG00000146833,2
ENSG00000146834,2
ENSG00000146842,2
ENSG00000146856,2
ENSG00000146858,1
ENSG00000146859,2
ENSG00000146872,2
ENSG00000146904,2
ENSG00000146909,2
ENSG00000146918,1
ENSG00000146938,2
ENSG00000146950,2
ENSG00000146955,1
ENSG00000146963,2
ENSG00000146966,0
ENSG00000147003,1
ENSG00000147010,2
ENSG00000147027,0
ENSG00000147036,2
ENSG00000147041,1
ENSG00000147044,2
ENSG00000147050,2
ENSG00000147065,2
ENSG00000147082,2
ENSG00000147099,2
ENSG00000147100,2
ENSG00000147113,0
ENSG00000147118,2
ENSG00000147119,2
ENSG00000147121,2
ENSG00000147123,2
ENSG00000147124,2
ENSG00000147127,2
ENSG00000147130,2
ENSG00000147133,2
ENSG00000147138,2
ENSG00000147140,2
ENSG00000147144,2
ENSG00000147155,2
ENSG00000147162,2
ENSG00000147164,2
ENSG00000147166,2
ENSG00000147168,2
ENSG00000147174,2
ENSG00000147180,2
ENSG00000147202,2
ENSG00000147206,0
ENSG00000147224,2
ENSG00000147231,0
ENSG00000147234,1
ENSG00000147246,1
ENSG00000147251,0
ENSG00000147255,1
ENSG00000147257,0
ENSG00000147274,2
ENSG00000147316,2
ENSG00000147324,2
ENSG00000147364,2
ENSG00000147381,1
ENSG00000147383,2
ENSG00000147394,2
ENSG00000147400,2
ENSG00000147403,2
ENSG00000147408,2
ENSG00000147416,2
ENSG00000147419,2
ENSG00000147421,2
ENSG00000147437,2
ENSG00000147439,2
ENSG00000147443,0
ENSG00000147454,2
ENSG00000147457,2
ENSG00000147459,2
ENSG00000147471,2
ENSG00000147475,2
ENSG00000147485,2
ENSG00000147488,1
ENSG00000147509,1
ENSG00000147526,0
ENSG00000147533,2
ENSG00000147535,1
ENSG00000147536,1
ENSG00000147548,2
ENSG00000147570,0
ENSG00000147573,2
ENSG00000147576,2
ENSG00000147586,2
ENSG00000147592,2
ENSG00000147601,2
ENSG00000147604,2
ENSG00000147606,2
ENSG00000147614,0
ENSG00000147642,2
ENSG00000147647,2
ENSG00000147649,2
ENSG00000147650,2
ENSG00000147654,2
ENSG00000147655,0
ENSG00000147669,2
ENSG00000147676,2
ENSG00000147677,2
ENSG00000147679,2
ENSG00000147684,2
ENSG00000147687,2
ENSG00000147689,1
ENSG00000147697,1
ENSG00000147789,2
ENSG00000147799,2
ENSG00000147804,1
ENSG00000147813,2
ENSG00000147852,2
ENSG00000147853,2
ENSG00000147854,2
ENSG00000147862,2
ENSG00000147872,2
ENSG00000147874,2
ENSG00000147883,0
ENSG00000147889,1
ENSG00000147894,2
ENSG00000147905,2
ENSG00000147912,2
ENSG00000147955,2
ENSG00000147996,2
ENSG00000148019,2
ENSG00000148053,0
ENSG00000148057,2
ENSG00000148082,0
ENSG00000148090,2
ENSG00000148110,2
ENSG00000148120,2
ENSG00000148123,2
ENSG00000148143,2
ENSG00000148153,2
ENSG00000148154,2
ENSG00000148158,0
ENSG00000148175,0
ENSG00000148180,2
ENSG00000148187,2
ENSG00000148200,2
ENSG00000148218,2
ENSG00000148219,2
ENSG00000148225,2
ENSG00000148229,2
ENSG00000148248,2
ENSG00000148288,2
ENSG00000148290,2
ENSG00000148291,2
ENSG00000148296,2
ENSG00000148297,2
ENSG00000148300,2
ENSG00000148303,2
ENSG00000148308,2
ENSG00000148331,2
ENSG00000148334,2
ENSG00000148335,2
ENSG00000148337,2
ENSG00000148339,0
ENSG00000148341,2
ENSG00000148343,2
ENSG00000148344,1
ENSG00000148346,1
ENSG00000148356,2
ENSG00000148357,0
ENSG00000148358,2
ENSG00000148362,2
ENSG00000148384,2
ENSG00000148396,2
ENSG00000148399,2
ENSG00000148400,2
ENSG00000148408,1
ENSG00000148411,2
ENSG00000148426,2
ENSG00000148429,2
ENSG00000148444,2
ENSG00000148450,2
ENSG00000148459,2
ENSG00000148468,2
ENSG00000148481,2
ENSG00000148483,0
ENSG00000148484,2
ENSG00000148488,0
ENSG00000148498,2
ENSG00000148516,0
ENSG00000148541,0
ENSG00000148572,2
ENSG00000148600,2
ENSG00000148606,2
ENSG00000148634,2
ENSG00000148655,2
ENSG00000148660,2
ENSG00000148672,2
ENSG00000148677,0
ENSG00000148680,2
ENSG00000148688,2
ENSG00000148690,2
ENSG00000148700,2
ENSG00000148702,1
ENSG00000148719,2
ENSG00000148730,2
ENSG00000148734,2
ENSG00000148735,1
ENSG00000148737,2
ENSG00000148773,1
ENSG00000148798,1
ENSG00000148803,2
ENSG00000148814,2
ENSG00000148824,1
ENSG00000148834,2
ENSG00000148835,2
ENSG00000148840,2
ENSG00000148841,0
ENSG00000148842,2
ENSG00000148843,2
ENSG00000148848,1
ENSG00000148908,2
ENSG00000148925,2
ENSG00000148926,2
ENSG00000148935,2
ENSG00000148942,1
ENSG00000148943,2
ENSG00000148948,2
ENSG00000148950,2
ENSG00000148985,2
ENSG00000149016,2
ENSG00000149021,0
ENSG00000149043,2
ENSG00000149050,2
ENSG00000149054,1
ENSG00000149084,2
ENSG00000149089,2
ENSG00000149090,2
ENSG00000149091,2
ENSG00000149100,2
ENSG00000149115,2
ENSG00000149131,0
ENSG00000149136,2
ENSG00000149150,2
ENSG00000149177,2
ENSG00000149179,2
ENSG00000149182,2
ENSG00000149187,2
ENSG00000149196,2
ENSG00000149201,0
ENSG00000149212,2
ENSG00000149218,2
ENSG00000149231,2
ENSG00000149243,1
ENSG00000149256,1
ENSG00000149257,1
ENSG00000149260,1
ENSG00000149262,2
ENSG00000149269,1
ENSG00000149273,2
ENSG00000149289,2
ENSG00000149292,2
ENSG00000149294,2
ENSG00000149308,2
ENSG00000149311,2
ENSG00000149313,2
ENSG00000149328,1
ENSG00000149346,2
ENSG00000149357,2
ENSG00000149380,1
ENSG00000149403,0
ENSG00000149418,1
ENSG00000149428,1
ENSG00000149435,0
ENSG00000149451,0
ENSG00000149474,2
ENSG00000149476,2
ENSG00000149480,2
ENSG00000149483,2
ENSG00000149485,2
ENSG00000149489,2
ENSG00000149499,2
ENSG00000149503,1
ENSG00000149527,1
ENSG00000149531,2
ENSG00000149532,2
ENSG00000149534,0
ENSG00000149541,2
ENSG00000149547,2
ENSG00000149548,2
ENSG00000149554,1
ENSG00000149557,0
ENSG00000149564,0
ENSG00000149571,2
ENSG00000149573,2
ENSG00000149575,0
ENSG00000149577,0
ENSG00000149582,2
ENSG00000149591,2
ENSG00000149596,0
ENSG00000149599,2
ENSG00000149600,2
ENSG00000149609,1
ENSG00000149633,2
ENSG00000149634,2
ENSG00000149636,1
ENSG00000149639,2
ENSG00000149657,2
ENSG00000149658,2
ENSG00000149679,1
ENSG00000149716,2
ENSG00000149743,2
ENSG00000149761,2
ENSG00000149781,0
ENSG00000149782,2
ENSG00000149792,2
ENSG00000149806,2
ENSG00000149809,2
ENSG00000149823,2
ENSG00000149922,1
ENSG00000149923,2
ENSG00000149925,1
ENSG00000149927,1
ENSG00000149929,2
ENSG00000149930,2
ENSG00000149932,2
ENSG00000149948,1
ENSG00000149968,1
ENSG00000149970,0
ENSG00000149972,2
ENSG00000150045,0
ENSG00000150048,0
ENSG00000150051,2
ENSG00000150054,2
ENSG00000150093,2
ENSG00000150201,1
ENSG00000150275,0
ENSG00000150281,2
ENSG00000150316,2
ENSG00000150337,2
ENSG00000150347,2
ENSG00000150394,2
ENSG00000150401,2
ENSG00000150403,2
ENSG00000150433,2
ENSG00000150455,2
ENSG00000150456,2
ENSG00000150457,0
ENSG00000150459,2
ENSG00000150471,0
ENSG00000150477,2
ENSG00000150510,0
ENSG00000150527,2
ENSG00000150540,2
ENSG00000150551,1
ENSG00000150556,1
ENSG00000150593,2
ENSG00000150594,1
ENSG00000150625,0
ENSG00000150627,2
ENSG00000150628,0
ENSG00000150630,2
ENSG00000150636,0
ENSG00000150637,2
ENSG00000150667,2
ENSG00000150672,2
ENSG00000150681,0
ENSG00000150687,2
ENSG00000150712,2
ENSG00000150722,2
ENSG00000150750,1
ENSG00000150753,1
ENSG00000150756,2
ENSG00000150760,2
ENSG00000150764,0
ENSG00000150768,2
ENSG00000150773,2
ENSG00000150776,2
ENSG00000150779,2
ENSG00000150782,2
ENSG00000150787,2
ENSG00000150867,2
ENSG00000150873,2
ENSG00000150893,2
ENSG00000150907,2
ENSG00000150938,0
ENSG00000150961,2
ENSG00000150967,1
ENSG00000150977,0
ENSG00000150990,2
ENSG00000150991,2
ENSG00000150995,2
ENSG00000151006,1
ENSG00000151012,1
ENSG00000151014,2
ENSG00000151023,0
ENSG00000151025,1
ENSG00000151062,2
ENSG00000151065,2
ENSG00000151067,2
ENSG00000151090,0
ENSG00000151092,2
ENSG00000151093,2
ENSG00000151116,2
ENSG00000151117,2
ENSG00000151131,2
ENSG00000151135,2
ENSG00000151136,1
ENSG00000151148,2
ENSG00000151150,2
ENSG00000151151,2
ENSG00000151164,2
ENSG00000151176,2
ENSG00000151208,1
ENSG00000151224,1
ENSG00000151229,2
ENSG00000151233,2
ENSG00000151239,2
ENSG00000151240,2
ENSG00000151247,2
ENSG00000151276,0
ENSG00000151287,2
ENSG00000151292,2
ENSG00000151304,2
ENSG00000151320,2
ENSG00000151322,1
ENSG00000151327,2
ENSG00000151332,2
ENSG00000151338,2
ENSG00000151348,2
ENSG00000151353,2
ENSG00000151364,2
ENSG00000151366,2
ENSG00000151376,2
ENSG00000151388,1
ENSG00000151413,2
ENSG00000151414,2
ENSG00000151422,2
ENSG00000151445,2
ENSG00000151458,2
ENSG00000151461,2
ENSG00000151465,2
ENSG00000151466,2
ENSG00000151468,2
ENSG00000151470,2
ENSG00000151474,0
ENSG00000151490,0
ENSG00000151491,2
ENSG00000151498,1
ENSG00000151500,2
ENSG00000151502,2
ENSG00000151503,2
ENSG00000151532,2
ENSG00000151552,2
ENSG00000151553,2
ENSG00000151572,2
ENSG00000151575,2
ENSG00000151576,2
ENSG00000151611,2
ENSG00000151612,2
ENSG00000151617,2
ENSG00000151623,2
ENSG00000151632,1
ENSG00000151640,1
ENSG00000151650,2
ENSG00000151651,1
ENSG00000151655,2
ENSG00000151657,2
ENSG00000151665,2
ENSG00000151687,2
ENSG00000151689,2
ENSG00000151690,2
ENSG00000151692,2
ENSG00000151693,2
ENSG00000151694,2
ENSG00000151702,0
ENSG00000151704,1
ENSG00000151715,1
ENSG00000151718,0
ENSG00000151725,1
ENSG00000151726,2
ENSG00000151729,2
ENSG00000151743,2
ENSG00000151746,2
ENSG00000151748,2
ENSG00000151773,2
ENSG00000151778,2
ENSG00000151779,2
ENSG00000151789,2
ENSG00000151790,1
ENSG00000151806,2
ENSG00000151835,2
ENSG00000151846,1
ENSG00000151849,2
ENSG00000151876,2
ENSG00000151881,2
ENSG00000151882,1
ENSG00000151883,2
ENSG00000151892,0
ENSG00000151893,2
ENSG00000151914,2
ENSG00000151917,1
ENSG00000151923,2
ENSG00000151929,2
ENSG00000151948,2
ENSG00000151952,2
ENSG00000151967,2
ENSG00000152049,1
ENSG00000152056,2
ENSG00000152061,2
ENSG00000152076,0
ENSG00000152078,2
ENSG00000152082,2
ENSG00000152092,2
ENSG00000152102,2
ENSG00000152104,2
ENSG00000152117,2
ENSG00000152127,2
ENSG00000152128,2
ENSG00000152133,2
ENSG00000152137,0
ENSG00000152147,2
ENSG00000152154,0
ENSG00000152192,1
ENSG00000152193,2
ENSG00000152207,2
ENSG00000152213,2
ENSG00000152217,2
ENSG00000152219,2
ENSG00000152223,2
ENSG00000152229,2
ENSG00000152234,2
ENSG00000152240,2
ENSG00000152242,2
ENSG00000152253,1
ENSG00000152256,1
ENSG00000152270,2
ENSG00000152284,2
ENSG00000152291,2
ENSG00000152292,1
ENSG00000152315,2
ENSG00000152332,2
ENSG00000152348,2
ENSG00000152359,2
ENSG00000152377,1
ENSG00000152380,2
ENSG00000152382,2
ENSG00000152402,0
ENSG00000152404,2
ENSG00000152409,2
ENSG00000152413,2
ENSG00000152422,2
ENSG00000152433,2
ENSG00000152439,2
ENSG00000152443,2
ENSG00000152454,2
ENSG00000152455,1
ENSG00000152457,2
ENSG00000152464,2
ENSG00000152465,2
ENSG00000152475,2
ENSG00000152484,2
ENSG00000152492,0
ENSG00000152495,2
ENSG00000152503,2
ENSG00000152518,2
ENSG00000152520,2
ENSG00000152527,0
ENSG00000152556,2
ENSG00000152558,2
ENSG00000152580,0
ENSG00000152582,2
ENSG00000152583,0
ENSG00000152601,2
ENSG00000152611,0
ENSG00000152620,2
ENSG00000152642,2
ENSG00000152661,0
ENSG00000152669,1
ENSG00000152672,2
ENSG00000152683,2
ENSG00000152684,2
ENSG00000152689,2
ENSG00000152700,2
ENSG00000152749,2
ENSG00000152760,0
ENSG00000152763,0
ENSG00000152766,1
ENSG00000152767,2
ENSG00000152778,2
ENSG00000152779,2
ENSG00000152782,2
ENSG00000152784,2
ENSG00000152785,2
ENSG00000152795,2
ENSG00000152804,2
ENSG00000152818,0
ENSG00000152894,2
ENSG00000152904,2
ENSG00000152926,1
ENSG00000152931,1
ENSG00000152932,2
ENSG00000152939,2
ENSG00000152942,2
ENSG00000152944,2
ENSG00000152952,1
ENSG00000152953,2
ENSG00000152977,1
ENSG00000152990,2
ENSG00000153002,2
ENSG00000153006,2
ENSG00000153012,1
ENSG00000153015,2
ENSG00000153029,2
ENSG00000153037,2
ENSG00000153044,1
ENSG00000153046,2
ENSG00000153048,2
ENSG00000153060,1
ENSG00000153064,2
ENSG00000153066,2
ENSG00000153071,0
ENSG00000153086,1
ENSG00000153093,0
ENSG00000153094,2
ENSG00000153107,2
ENSG00000153113,2
ENSG00000153130,2
ENSG00000153132,1
ENSG00000153140,2
ENSG00000153147,2
ENSG00000153157,2
ENSG00000153162,2
ENSG00000153179,2
ENSG00000153187,2
ENSG00000153201,2
ENSG00000153207,2
ENSG00000153208,2
ENSG00000153214,2
ENSG00000153233,2
ENSG00000153234,2
ENSG00000153237,2
ENSG00000153246,2
ENSG00000153250,2
ENSG00000153253,1
ENSG00000153283,2
ENSG00000153291,2
ENSG00000153292,1
ENSG00000153294,1
ENSG00000153310,2
ENSG00000153317,2
ENSG00000153339,2
ENSG00000153347,0
ENSG00000153363,1
ENSG00000153391,2
ENSG00000153395,2
ENSG00000153404,1
ENSG00000153406,2
ENSG00000153443,2
ENSG00000153446,2
ENSG00000153485,2
ENSG00000153487,2
ENSG00000153531,1
ENSG00000153551,2
ENSG00000153558,2
ENSG00000153560,2
ENSG00000153561,2
ENSG00000153563,2
ENSG00000153574,2
ENSG00000153707,0
ENSG00000153714,2
ENSG00000153721,2
ENSG00000153767,2
ENSG00000153774,2
ENSG00000153786,2
ENSG00000153789,0
ENSG00000153790,2
ENSG00000153802,1
ENSG00000153814,2
ENSG00000153815,2
ENSG00000153822,0
ENSG00000153823,0
ENSG00000153827,2
ENSG00000153832,2
ENSG00000153879,2
ENSG00000153885,2
ENSG00000153896,2
ENSG00000153898,2
ENSG00000153902,0
ENSG00000153904,2
ENSG00000153914,2
ENSG00000153922,2
ENSG00000153930,2
ENSG00000153933,2
ENSG00000153936,2
ENSG00000153944,1
ENSG00000153956,2
ENSG00000153975,2
ENSG00000153976,1
ENSG00000153982,2
ENSG00000153989,2
ENSG00000153993,0
ENSG00000154001,2
ENSG00000154016,2
ENSG00000154027,2
ENSG00000154040,1
ENSG00000154059,2
ENSG00000154065,0
ENSG00000154079,2
ENSG00000154080,0
ENSG00000154096,1
ENSG00000154099,0
ENSG00000154102,1
ENSG00000154114,2
ENSG00000154118,1
ENSG00000154122,2
ENSG00000154124,2
ENSG00000154127,0
ENSG00000154133,0
ENSG00000154134,2
ENSG00000154144,2
ENSG00000154146,0
ENSG00000154153,0
ENSG00000154165,2
ENSG00000154174,2
ENSG00000154175,0
ENSG00000154188,0
ENSG00000154198,2
ENSG00000154217,2
ENSG00000154222,2
ENSG00000154229,2
ENSG00000154237,2
ENSG00000154240,2
ENSG00000154258,0
ENSG00000154262,0
ENSG00000154263,0
ENSG00000154265,2
ENSG00000154269,1
ENSG00000154274,2
ENSG00000154277,1
ENSG00000154305,2
ENSG00000154309,2
ENSG00000154310,2
ENSG00000154319,0
ENSG00000154328,2
ENSG00000154330,0
ENSG00000154342,0
ENSG00000154358,2
ENSG00000154359,2
ENSG00000154370,2
ENSG00000154380,2
ENSG00000154429,2
ENSG00000154447,2
ENSG00000154451,2
ENSG00000154473,2
ENSG00000154479,0
ENSG00000154511,2
ENSG00000154518,2
ENSG00000154529,0
ENSG00000154548,1
ENSG00000154553,2
ENSG00000154556,2
ENSG00000154582,2
ENSG00000154589,2
ENSG00000154620,2
ENSG00000154639,2
ENSG00000154640,2
ENSG00000154642,2
ENSG00000154645,1
ENSG00000154654,2
ENSG00000154655,2
ENSG00000154678,0
ENSG00000154710,2
ENSG00000154719,2
ENSG00000154721,0
ENSG00000154723,2
ENSG00000154727,2
ENSG00000154734,0
ENSG00000154736,2
ENSG00000154743,2
ENSG00000154760,1
ENSG00000154764,0
ENSG00000154767,2
ENSG00000154781,2
ENSG00000154783,0
ENSG00000154803,2
ENSG00000154813,2
ENSG00000154814,2
ENSG00000154822,2
ENSG00000154832,2
ENSG00000154839,1
ENSG00000154845,2
ENSG00000154856,2
ENSG00000154864,0
ENSG00000154874,2
ENSG00000154889,2
ENSG00000154914,2
ENSG00000154917,2
ENSG00000154920,1
ENSG00000154928,1
ENSG00000154930,2
ENSG00000154945,2
ENSG00000154957,2
ENSG00000154975,1
ENSG00000154978,2
ENSG00000155008,2
ENSG00000155011,0
ENSG00000155016,2
ENSG00000155034,2
ENSG00000155066,1
ENSG00000155085,2
ENSG00000155090,0
ENSG00000155093,2
ENSG00000155096,2
ENSG00000155097,2
ENSG00000155099,2
ENSG00000155100,2
ENSG00000155111,2
ENSG00000155115,2
ENSG00000155158,2
ENSG00000155189,2
ENSG00000155229,2
ENSG00000155252,2
ENSG00000155254,2
ENSG00000155256,2
ENSG00000155265,1
ENSG00000155275,2
ENSG00000155287,2
ENSG00000155304,2
ENSG00000155307,2
ENSG00000155313,2
ENSG00000155324,2
ENSG00000155329,2
ENSG00000155330,2
ENSG00000155363,2
ENSG00000155366,2
ENSG00000155367,1
ENSG00000155368,2
ENSG00000155380,1
ENSG00000155393,2
ENSG00000155438,2
ENSG00000155463,2
ENSG00000155465,0
ENSG00000155495,1
ENSG00000155506,2
ENSG00000155508,2
ENSG00000155511,0
ENSG00000155530,2
ENSG00000155542,2
ENSG00000155545,2
ENSG00000155561,2
ENSG00000155592,2
ENSG00000155621,2
ENSG00000155622,2
ENSG00000155629,2
ENSG00000155636,2
ENSG00000155657,2
ENSG00000155659,0
ENSG00000155660,1
ENSG00000155666,2
ENSG00000155729,2
ENSG00000155744,2
ENSG00000155749,0
ENSG00000155754,1
ENSG00000155755,2
ENSG00000155760,2
ENSG00000155761,2
ENSG00000155792,1
ENSG00000155816,2
ENSG00000155827,2
ENSG00000155846,0
ENSG00000155849,2
ENSG00000155850,2
ENSG00000155858,2
ENSG00000155868,2
ENSG00000155876,2
ENSG00000155886,1
ENSG00000155893,2
ENSG00000155897,0
ENSG00000155903,2
ENSG00000155906,2
ENSG00000155926,0
ENSG00000155957,2
ENSG00000155959,2
ENSG00000155961,2
ENSG00000155962,2
ENSG00000155966,2
ENSG00000155970,0
ENSG00000155974,1
ENSG00000155975,2
ENSG00000155980,1
ENSG00000156011,2
ENSG00000156017,2
ENSG00000156026,2
ENSG00000156030,2
ENSG00000156042,2
ENSG00000156049,2
ENSG00000156050,2
ENSG00000156052,0
ENSG00000156076,0
ENSG00000156096,2
ENSG00000156103,1
ENSG00000156110,2
ENSG00000156113,2
ENSG00000156127,1
ENSG00000156136,2
ENSG00000156140,2
ENSG00000156162,2
ENSG00000156170,2
ENSG00000156171,2
ENSG00000156172,2
ENSG00000156206,0
ENSG00000156218,0
ENSG00000156232,2
ENSG00000156234,1
ENSG00000156239,2
ENSG00000156253,2
ENSG00000156256,2
ENSG00000156261,2
ENSG00000156265,2
ENSG00000156273,2
ENSG00000156284,2
ENSG00000156298,0
ENSG00000156299,2
ENSG00000156304,2
ENSG00000156313,0
ENSG00000156345,2
ENSG00000156374,2
ENSG00000156381,2
ENSG00000156384,2
ENSG00000156398,2
ENSG00000156411,2
ENSG00000156413,1
ENSG00000156414,2
ENSG00000156427,2
ENSG00000156453,2
ENSG00000156463,2
ENSG00000156467,2
ENSG00000156469,2
ENSG00000156471,2
ENSG00000156475,2
ENSG00000156482,2
ENSG00000156500,2
ENSG00000156502,2
ENSG00000156504,2
ENSG00000156508,2
ENSG00000156509,1
ENSG00000156510,1
ENSG00000156515,2
ENSG00000156521,2
ENSG00000156531,2
ENSG00000156535,2
ENSG00000156587,2
ENSG00000156599,2
ENSG00000156603,2
ENSG00000156639,2
ENSG00000156642,2
ENSG00000156650,2
ENSG00000156671,2
ENSG00000156675,0
ENSG00000156689,1
ENSG00000156697,2
ENSG00000156709,2
ENSG00000156711,2
ENSG00000156735,2
ENSG00000156738,1
ENSG00000156787,1
ENSG00000156795,2
ENSG00000156802,1
ENSG00000156804,1
ENSG00000156831,2
ENSG00000156853,2
ENSG00000156858,2
ENSG00000156860,2
ENSG00000156869,2
ENSG00000156873,2
ENSG00000156875,2
ENSG00000156876,1
ENSG00000156886,2
ENSG00000156928,2
ENSG00000156931,2
ENSG00000156958,2
ENSG00000156959,1
ENSG00000156966,2
ENSG00000156968,2
ENSG00000156970,1
ENSG00000156973,2
ENSG00000156976,2
ENSG00000156983,2
ENSG00000156990,2
ENSG00000157014,2
ENSG00000157017,2
ENSG00000157020,2
ENSG00000157036,2
ENSG00000157045,2
ENSG00000157064,1
ENSG00000157077,0
ENSG00000157103,2
ENSG00000157106,2
ENSG00000157107,2
ENSG00000157110,2
ENSG00000157111,1
ENSG00000157131,2
ENSG00000157150,2
ENSG00000157152,0
ENSG00000157168,0
ENSG00000157181,2
ENSG00000157184,2
ENSG00000157191,2
ENSG00000157193,1
ENSG00000157212,2
ENSG00000157214,1
ENSG00000157216,2
ENSG00000157224,1
ENSG00000157227,1
ENSG00000157240,2
ENSG00000157259,2
ENSG00000157303,2
ENSG00000157306,2
ENSG00000157315,2
ENSG00000157326,2
ENSG00000157330,0
ENSG00000157343,1
ENSG00000157349,2
ENSG00000157350,2
ENSG00000157353,2
ENSG00000157368,0
ENSG00000157379,2
ENSG00000157388,2
ENSG00000157399,1
ENSG00000157404,2
ENSG00000157423,0
ENSG00000157426,2
ENSG00000157429,2
ENSG00000157445,2
ENSG00000157450,2
ENSG00000157456,1
ENSG00000157470,1
ENSG00000157483,2
ENSG00000157500,2
ENSG00000157502,2
ENSG00000157510,0
ENSG00000157514,2
ENSG00000157538,2
ENSG00000157540,2
ENSG00000157542,1
ENSG00000157551,0
ENSG00000157554,0
ENSG00000157557,2
ENSG00000157570,0
ENSG00000157578,2
ENSG00000157593,2
ENSG00000157600,2
ENSG00000157601,2
ENSG00000157613,2
ENSG00000157617,2
ENSG00000157625,2
ENSG00000157637,2
ENSG00000157653,2
ENSG00000157654,0
ENSG00000157657,2
ENSG00000157680,1
ENSG00000157693,2
ENSG00000157703,2
ENSG00000157734,0
ENSG00000157741,2
ENSG00000157764,2
ENSG00000157765,2
ENSG00000157766,1
ENSG00000157778,1
ENSG00000157796,2
ENSG00000157800,2
ENSG00000157823,2
ENSG00000157827,2
ENSG00000157833,1
ENSG00000157837,2
ENSG00000157856,0
ENSG00000157869,2
ENSG00000157870,2
ENSG00000157873,2
ENSG00000157881,2
ENSG00000157890,2
ENSG00000157895,2
ENSG00000157911,2
ENSG00000157916,2
ENSG00000157927,0
ENSG00000157933,2
ENSG00000157954,2
ENSG00000157978,2
ENSG00000157985,2
ENSG00000157992,1
ENSG00000157999,1
ENSG00000158006,2
ENSG00000158008,2
ENSG00000158014,1
ENSG00000158019,2
ENSG00000158023,2
ENSG00000158042,2
ENSG00000158050,2
ENSG00000158055,1
ENSG00000158062,2
ENSG00000158079,2
ENSG00000158089,1
ENSG00000158092,2
ENSG00000158104,2
ENSG00000158106,1
ENSG00000158109,2
ENSG00000158113,2
ENSG00000158122,2
ENSG00000158125,1
ENSG00000158156,2
ENSG00000158158,2
ENSG00000158161,2
ENSG00000158163,2
ENSG00000158164,0
ENSG00000158169,2
ENSG00000158186,0
ENSG00000158195,2
ENSG00000158201,2
ENSG00000158220,0
ENSG00000158234,2
ENSG00000158246,0
ENSG00000158258,0
ENSG00000158270,0
ENSG00000158286,1
ENSG00000158290,2
ENSG00000158292,2
ENSG00000158296,1
ENSG00000158301,2
ENSG00000158315,1
ENSG00000158321,2
ENSG00000158352,0
ENSG00000158373,1
ENSG00000158402,1
ENSG00000158406,1
ENSG00000158411,2
ENSG00000158417,2
ENSG00000158423,0
ENSG00000158428,0
ENSG00000158435,1
ENSG00000158445,2
ENSG00000158457,2
ENSG00000158458,2
ENSG00000158467,2
ENSG00000158470,2
ENSG00000158473,2
ENSG00000158477,1
ENSG00000158480,2
ENSG00000158481,2
ENSG00000158483,2
ENSG00000158485,2
ENSG00000158486,2
ENSG00000158488,2
ENSG00000158517,0
ENSG00000158526,2
ENSG00000158528,2
ENSG00000158545,2
ENSG00000158552,2
ENSG00000158555,2
ENSG00000158560,2
ENSG00000158604,2
ENSG00000158615,2
ENSG00000158623,2
ENSG00000158636,2
ENSG00000158669,2
ENSG00000158683,2
ENSG00000158691,2
ENSG00000158710,2
ENSG00000158711,2
ENSG00000158714,2
ENSG00000158715,2
ENSG00000158716,1
ENSG00000158717,2
ENSG00000158747,2
ENSG00000158764,0
ENSG00000158769,2
ENSG00000158773,2
ENSG00000158792,2
ENSG00000158793,2
ENSG00000158796,2
ENSG00000158805,2
ENSG00000158806,2
ENSG00000158813,2
ENSG00000158825,1
ENSG00000158828,2
ENSG00000158850,2
ENSG00000158856,2
ENSG00000158859,0
ENSG00000158863,2
ENSG00000158864,2
ENSG00000158869,0
ENSG00000158882,2
ENSG00000158887,2
ENSG00000158941,2
ENSG00000158955,2
ENSG00000158966,0
ENSG00000158985,2
ENSG00000158987,2
ENSG00000159023,2
ENSG00000159055,1
ENSG00000159063,2
ENSG00000159069,2
ENSG00000159079,2
ENSG00000159082,2
ENSG00000159086,2
ENSG00000159110,2
ENSG00000159111,2
ENSG00000159128,2
ENSG00000159131,2
ENSG00000159140,2
ENSG00000159147,1
ENSG00000159164,1
ENSG00000159166,1
ENSG00000159167,2
ENSG00000159173,2
ENSG00000159176,2
ENSG00000159184,1
ENSG00000159189,0
ENSG00000159199,2
ENSG00000159200,0
ENSG00000159202,2
ENSG00000159208,1
ENSG00000159210,2
ENSG00000159212,1
ENSG00000159214,1
ENSG00000159216,2
ENSG00000159217,1
ENSG00000159228,1
ENSG00000159231,1
ENSG00000159247,2
ENSG00000159256,2
ENSG00000159259,1
ENSG00000159263,1
ENSG00000159267,2
ENSG00000159307,0
ENSG00000159314,2
ENSG00000159322,2
ENSG00000159335,2
ENSG00000159337,1
ENSG00000159346,2
ENSG00000159348,2
ENSG00000159352,2
ENSG00000159363,2
ENSG00000159374,2
ENSG00000159377,2
ENSG00000159387,2
ENSG00000159388,0
ENSG00000159399,2
ENSG00000159403,2
ENSG00000159409,1
ENSG00000159423,2
ENSG00000159433,0
ENSG00000159445,2
ENSG00000159450,2
ENSG00000159459,2
ENSG00000159461,2
ENSG00000159479,2
ENSG00000159496,2
ENSG00000159527,1
ENSG00000159579,2
ENSG00000159588,0
ENSG00000159592,2
ENSG00000159593,2
ENSG00000159596,2
ENSG00000159618,2
ENSG00000159625,0
ENSG00000159640,0
ENSG00000159648,2
ENSG00000159658,2
ENSG00000159674,2
ENSG00000159685,2
ENSG00000159692,2
ENSG00000159708,0
ENSG00000159713,0
ENSG00000159714,2
ENSG00000159720,2
ENSG00000159723,0
ENSG00000159733,2
ENSG00000159753,1
ENSG00000159761,2
ENSG00000159763,2
ENSG00000159784,2
ENSG00000159788,2
ENSG00000159792,2
ENSG00000159840,2
ENSG00000159842,2
ENSG00000159871,2
ENSG00000159873,2
ENSG00000159882,2
ENSG00000159884,2
ENSG00000159885,2
ENSG00000159899,2
ENSG00000159905,2
ENSG00000159915,2
ENSG00000159917,2
ENSG00000159921,2
ENSG00000159958,1
ENSG00000160007,2
ENSG00000160013,0
ENSG00000160014,2
ENSG00000160049,2
ENSG00000160050,2
ENSG00000160051,2
ENSG00000160055,2
ENSG00000160058,2
ENSG00000160062,2
ENSG00000160072,1
ENSG00000160075,2
ENSG00000160087,2
ENSG00000160094,2
ENSG00000160097,2
ENSG00000160111,0
ENSG00000160113,2
ENSG00000160117,1
ENSG00000160124,1
ENSG00000160131,2
ENSG00000160145,2
ENSG00000160161,1
ENSG00000160172,2
ENSG00000160179,0
ENSG00000160180,1
ENSG00000160181,1
ENSG00000160182,1
ENSG00000160183,2
ENSG00000160185,2
ENSG00000160188,0
ENSG00000160190,2
ENSG00000160191,2
ENSG00000160193,2
ENSG00000160194,2
ENSG00000160199,2
ENSG00000160200,1
ENSG00000160201,2
ENSG00000160207,1
ENSG00000160208,2
ENSG00000160209,2
ENSG00000160211,1
ENSG00000160213,2
ENSG00000160214,2
ENSG00000160216,2
ENSG00000160218,2
ENSG00000160219,2
ENSG00000160221,2
ENSG00000160223,2
ENSG00000160226,2
ENSG00000160229,2
ENSG00000160233,2
ENSG00000160255,2
ENSG00000160256,2
ENSG00000160271,2
ENSG00000160282,1
ENSG00000160284,1
ENSG00000160285,2
ENSG00000160293,2
ENSG00000160294,2
ENSG00000160298,2
ENSG00000160299,2
ENSG00000160305,2
ENSG00000160307,1
ENSG00000160310,2
ENSG00000160318,2
ENSG00000160321,1
ENSG00000160323,2
ENSG00000160325,2
ENSG00000160326,2
ENSG00000160336,2
ENSG00000160345,2
ENSG00000160352,1
ENSG00000160360,2
ENSG00000160392,2
ENSG00000160401,2
ENSG00000160404,2
ENSG00000160408,2
ENSG00000160410,2
ENSG00000160439,2
ENSG00000160445,2
ENSG00000160446,2
ENSG00000160447,2
ENSG00000160460,2
ENSG00000160469,1
ENSG00000160471,1
ENSG00000160539,2
ENSG00000160551,2
ENSG00000160563,2
ENSG00000160570,2
ENSG00000160584,2
ENSG00000160588,2
ENSG00000160593,0
ENSG00000160602,2
ENSG00000160606,1
ENSG00000160613,2
ENSG00000160633,2
ENSG00000160654,2
ENSG00000160678,2
ENSG00000160679,2
ENSG00000160685,2
ENSG00000160688,1
ENSG00000160691,2
ENSG00000160695,2
ENSG00000160703,2
ENSG00000160710,2
ENSG00000160712,2
ENSG00000160714,2
ENSG00000160741,2
ENSG00000160746,2
ENSG00000160752,2
ENSG00000160753,1
ENSG00000160766,1
ENSG00000160767,2
ENSG00000160781,1
ENSG00000160783,2
ENSG00000160785,2
ENSG00000160789,2
ENSG00000160791,2
ENSG00000160796,2
ENSG00000160799,2
ENSG00000160801,0
ENSG00000160803,2
ENSG00000160808,0
ENSG00000160813,1
ENSG00000160818,2
ENSG00000160838,0
ENSG00000160856,2
ENSG00000160862,1
ENSG00000160867,0
ENSG00000160877,2
ENSG00000160883,0
ENSG00000160886,1
ENSG00000160888,2
ENSG00000160908,2
ENSG00000160917,2
ENSG00000160932,2
ENSG00000160948,2
ENSG00000160949,1
ENSG00000160951,2
ENSG00000160953,2
ENSG00000160957,1
ENSG00000160959,2
ENSG00000160961,2
ENSG00000160963,2
ENSG00000160972,2
ENSG00000160991,2
ENSG00000160993,2
ENSG00000160999,2
ENSG00000161010,2
ENSG00000161011,2
ENSG00000161013,2
ENSG00000161016,2
ENSG00000161021,2
ENSG00000161036,2
ENSG00000161040,2
ENSG00000161048,2
ENSG00000161055,2
ENSG00000161057,2
ENSG00000161082,1
ENSG00000161091,2
ENSG00000161132,2
ENSG00000161179,1
ENSG00000161202,2
ENSG00000161203,2
ENSG00000161204,2
ENSG00000161217,2
ENSG00000161243,2
ENSG00000161249,2
ENSG00000161265,2
ENSG00000161267,1
ENSG00000161270,1
ENSG00000161277,2
ENSG00000161281,0
ENSG00000161298,2
ENSG00000161328,2
ENSG00000161381,2
ENSG00000161395,2
ENSG00000161405,2
ENSG00000161509,1
ENSG00000161513,2
ENSG00000161526,2
ENSG00000161533,2
ENSG00000161542,2
ENSG00000161544,0
ENSG00000161547,2
ENSG00000161551,2
ENSG00000161558,2
ENSG00000161609,2
ENSG00000161618,2
ENSG00000161638,2
ENSG00000161640,0
ENSG00000161642,2
ENSG00000161643,0
ENSG00000161647,2
ENSG00000161649,0
ENSG00000161653,2
ENSG00000161654,2
ENSG00000161664,2
ENSG00000161671,2
ENSG00000161677,2
ENSG00000161681,2
ENSG00000161682,1
ENSG00000161692,1
ENSG00000161714,2
ENSG00000161791,2
ENSG00000161798,1
ENSG00000161800,1
ENSG00000161813,2
ENSG00000161835,0
ENSG00000161847,2
ENSG00000161860,2
ENSG00000161888,1
ENSG00000161896,2
ENSG00000161904,2
ENSG00000161905,0
ENSG00000161911,2
ENSG00000161912,2
ENSG00000161914,2
ENSG00000161920,2
ENSG00000161921,0
ENSG00000161929,0
ENSG00000161940,0
ENSG00000161944,2
ENSG00000161955,0
ENSG00000161956,2
ENSG00000161960,2
ENSG00000161970,2
ENSG00000161980,2
ENSG00000161981,2
ENSG00000161996,2
ENSG00000161999,2
ENSG00000162004,0
ENSG00000162006,1
ENSG00000162039,1
ENSG00000162040,2
ENSG00000162062,1
ENSG00000162063,1
ENSG00000162065,2
ENSG00000162066,2
ENSG00000162069,1
ENSG00000162073,1
ENSG00000162076,2
ENSG00000162078,1
ENSG00000162086,2
ENSG00000162104,0
ENSG00000162105,2
ENSG00000162129,2
ENSG00000162139,2
ENSG00000162144,2
ENSG00000162148,0
ENSG00000162174,2
ENSG00000162191,2
ENSG00000162194,2
ENSG00000162222,2
ENSG00000162227,2
ENSG00000162231,2
ENSG00000162236,2
ENSG00000162241,2
ENSG00000162244,2
ENSG00000162267,0
ENSG00000162298,2
ENSG00000162300,2
ENSG00000162302,2
ENSG00000162337,2
ENSG00000162341,2
ENSG00000162344,1
ENSG00000162366,1
ENSG00000162367,0
ENSG00000162368,2
ENSG00000162373,2
ENSG00000162374,1
ENSG00000162377,2
ENSG00000162378,2
ENSG00000162383,1
ENSG00000162384,2
ENSG00000162385,2
ENSG00000162390,1
ENSG00000162396,2
ENSG00000162402,2
ENSG00000162407,0
ENSG00000162408,2
ENSG00000162409,1
ENSG00000162413,2
ENSG00000162415,2
ENSG00000162419,2
ENSG00000162426,2
ENSG00000162430,2
ENSG00000162433,1
ENSG00000162434,2
ENSG00000162437,2
ENSG00000162441,2
ENSG00000162444,2
ENSG00000162458,2
ENSG00000162461,2
ENSG00000162482,1
ENSG00000162490,2
ENSG00000162493,0
ENSG00000162496,2
ENSG00000162511,0
ENSG00000162512,2
ENSG00000162517,2
ENSG00000162520,0
ENSG00000162521,2
ENSG00000162522,2
ENSG00000162542,2
ENSG00000162543,2
ENSG00000162545,0
ENSG00000162551,0
ENSG00000162552,2
ENSG00000162571,0
ENSG00000162572,1
ENSG00000162576,2
ENSG00000162585,2
ENSG00000162591,2
ENSG00000162595,2
ENSG00000162598,0
ENSG00000162599,2
ENSG00000162600,2
ENSG00000162601,2
ENSG00000162604,2
ENSG00000162607,2
ENSG00000162613,2
ENSG00000162614,0
ENSG00000162616,0
ENSG00000162618,0
ENSG00000162620,2
ENSG00000162623,2
ENSG00000162627,2
ENSG00000162630,2
ENSG00000162631,0
ENSG00000162636,2
ENSG00000162639,2
ENSG00000162642,2
ENSG00000162643,0
ENSG00000162645,2
ENSG00000162650,2
ENSG00000162654,0
ENSG00000162664,2
ENSG00000162669,2
ENSG00000162670,2
ENSG00000162676,2
ENSG00000162687,0
ENSG00000162688,2
ENSG00000162692,2
ENSG00000162694,2
ENSG00000162695,2
ENSG00000162702,2
ENSG00000162704,2
ENSG00000162706,0
ENSG00000162711,2
ENSG00000162714,2
ENSG00000162722,0
ENSG00000162723,1
ENSG00000162729,2
ENSG00000162733,0
ENSG00000162734,2
ENSG00000162735,2
ENSG00000162736,2
ENSG00000162738,2
ENSG00000162739,2
ENSG00000162745,2
ENSG00000162746,2
ENSG00000162747,0
ENSG00000162755,2
ENSG00000162757,1
ENSG00000162769,1
ENSG00000162772,0
ENSG00000162775,2
ENSG00000162777,2
ENSG00000162782,1
ENSG00000162783,2
ENSG00000162804,2
ENSG00000162813,2
ENSG00000162814,2
ENSG00000162817,0
ENSG00000162819,2
ENSG00000162825,2
ENSG00000162836,1
ENSG00000162849,1
ENSG00000162851,1
ENSG00000162852,2
ENSG00000162869,2
ENSG00000162873,1
ENSG00000162878,0
ENSG00000162881,2
ENSG00000162882,2
ENSG00000162885,2
ENSG00000162889,2
ENSG00000162894,2
ENSG00000162896,2
ENSG00000162897,1
ENSG00000162909,2
ENSG00000162910,2
ENSG00000162913,2
ENSG00000162923,2
ENSG00000162924,2
ENSG00000162927,2
ENSG00000162928,2
ENSG00000162929,2
ENSG00000162931,1
ENSG00000162944,2
ENSG00000162946,2
ENSG00000162949,1
ENSG00000162951,1
ENSG00000162959,2
ENSG00000162961,2
ENSG00000162971,2
ENSG00000162972,2
ENSG00000162975,1
ENSG00000162976,2
ENSG00000162980,2
ENSG00000162981,2
ENSG00000162994,2
ENSG00000162997,2
ENSG00000162998,2
ENSG00000162999,2
ENSG00000163001,2
ENSG00000163002,2
ENSG00000163006,2
ENSG00000163013,1
ENSG00000163016,2
ENSG00000163017,0
ENSG00000163026,2
ENSG00000163029,2
ENSG00000163032,2
ENSG00000163040,2
ENSG00000163041,2
ENSG00000163053,1
ENSG00000163060,0
ENSG00000163069,2
ENSG00000163071,0
ENSG00000163072,0
ENSG00000163075,2
ENSG00000163082,1
ENSG00000163083,1
ENSG00000163093,2
ENSG00000163104,2
ENSG00000163106,0
ENSG00000163110,2
ENSG00000163121,1
ENSG00000163125,2
ENSG00000163126,2
ENSG00000163131,2
ENSG00000163132,0
ENSG00000163138,2
ENSG00000163141,2
ENSG00000163145,0
ENSG00000163154,2
ENSG00000163155,1
ENSG00000163156,2
ENSG00000163157,2
ENSG00000163159,2
ENSG00000163161,2
ENSG00000163162,2
ENSG00000163166,2
ENSG00000163170,2
ENSG00000163171,2
ENSG00000163191,2
ENSG00000163207,1
ENSG00000163209,1
ENSG00000163214,2
ENSG00000163216,1
ENSG00000163218,1
ENSG00000163219,2
ENSG00000163220,1
ENSG00000163221,0
ENSG00000163235,1
ENSG00000163239,2
ENSG00000163249,2
ENSG00000163251,2
ENSG00000163257,2
ENSG00000163263,0
ENSG00000163281,2
ENSG00000163283,0
ENSG00000163286,2
ENSG00000163291,2
ENSG00000163293,1
ENSG00000163297,2
ENSG00000163312,2
ENSG00000163319,2
ENSG00000163320,2
ENSG00000163322,2
ENSG00000163328,2
ENSG00000163344,2
ENSG00000163346,2
ENSG00000163347,2
ENSG00000163348,2
ENSG00000163349,2
ENSG00000163354,1
ENSG00000163357,1
ENSG00000163359,1
ENSG00000163362,1
ENSG00000163364,1
ENSG00000163374,2
ENSG00000163376,2
ENSG00000163378,2
ENSG00000163380,0
ENSG00000163382,1
ENSG00000163389,2
ENSG00000163393,2
ENSG00000163395,2
ENSG00000163399,2
ENSG00000163406,0
ENSG00000163412,0
ENSG00000163428,2
ENSG00000163430,2
ENSG00000163431,0
ENSG00000163435,2
ENSG00000163444,2
ENSG00000163449,2
ENSG00000163453,2
ENSG00000163462,1
ENSG00000163463,1
ENSG00000163464,0
ENSG00000163466,2
ENSG00000163467,1
ENSG00000163468,1
ENSG00000163472,1
ENSG00000163479,2
ENSG00000163481,2
ENSG00000163482,2
ENSG00000163485,1
ENSG00000163491,0
ENSG00000163492,0
ENSG00000163501,0
ENSG00000163507,1
ENSG00000163508,2
ENSG00000163510,2
ENSG00000163512,2
ENSG00000163513,0
ENSG00000163516,2
ENSG00000163517,2
ENSG00000163518,1
ENSG00000163519,2
ENSG00000163520,2
ENSG00000163521,2
ENSG00000163527,2
ENSG00000163528,2
ENSG00000163531,0
ENSG00000163534,2
ENSG00000163535,1
ENSG00000163536,2
ENSG00000163539,2
ENSG00000163541,2
ENSG00000163545,2
ENSG00000163558,2
ENSG00000163563,0
ENSG00000163564,2
ENSG00000163565,2
ENSG00000163568,1
ENSG00000163576,0
ENSG00000163577,2
ENSG00000163584,1
ENSG00000163590,2
ENSG00000163596,2
ENSG00000163597,2
ENSG00000163599,1
ENSG00000163600,2
ENSG00000163602,2
ENSG00000163605,2
ENSG00000163606,2
ENSG00000163607,2
ENSG00000163608,2
ENSG00000163611,2
ENSG00000163617,2
ENSG00000163618,2
ENSG00000163624,2
ENSG00000163625,2
ENSG00000163626,2
ENSG00000163629,2
ENSG00000163631,1
ENSG00000163634,2
ENSG00000163635,2
ENSG00000163636,2
ENSG00000163637,0
ENSG00000163638,2
ENSG00000163644,2
ENSG00000163655,2
ENSG00000163659,2
ENSG00000163660,2
ENSG00000163661,0
ENSG00000163666,2
ENSG00000163681,2
ENSG00000163682,2
ENSG00000163683,2
ENSG00000163684,2
ENSG00000163686,0
ENSG00000163687,0
ENSG00000163689,1
ENSG00000163694,2
ENSG00000163697,2
ENSG00000163701,2
ENSG00000163702,2
ENSG00000163703,2
ENSG00000163704,2
ENSG00000163710,0
ENSG00000163714,2
ENSG00000163719,2
ENSG00000163728,2
ENSG00000163734,0
ENSG00000163735,2
ENSG00000163736,0
ENSG00000163737,0
ENSG00000163738,2
ENSG00000163739,2
ENSG00000163743,2
ENSG00000163749,2
ENSG00000163751,0
ENSG00000163754,2
ENSG00000163755,2
ENSG00000163762,2
ENSG00000163781,2
ENSG00000163785,2
ENSG00000163788,0
ENSG00000163794,1
ENSG00000163795,2
ENSG00000163798,2
ENSG00000163803,2
ENSG00000163806,1
ENSG00000163807,2
ENSG00000163808,1
ENSG00000163811,2
ENSG00000163812,2
ENSG00000163814,2
ENSG00000163815,0
ENSG00000163817,2
ENSG00000163818,2
ENSG00000163820,2
ENSG00000163823,2
ENSG00000163827,0
ENSG00000163832,2
ENSG00000163840,2
ENSG00000163848,2
ENSG00000163864,2
ENSG00000163866,2
ENSG00000163867,2
ENSG00000163870,2
ENSG00000163872,2
ENSG00000163873,2
ENSG00000163874,2
ENSG00000163875,2
ENSG00000163877,2
ENSG00000163879,2
ENSG00000163882,1
ENSG00000163884,0
ENSG00000163885,0
ENSG00000163888,1
ENSG00000163898,2
ENSG00000163900,2
ENSG00000163902,2
ENSG00000163904,2
ENSG00000163909,0
ENSG00000163913,2
ENSG00000163918,1
ENSG00000163923,1
ENSG00000163930,2
ENSG00000163931,2
ENSG00000163932,2
ENSG00000163933,2
ENSG00000163935,2
ENSG00000163938,1
ENSG00000163939,2
ENSG00000163945,2
ENSG00000163946,2
ENSG00000163947,2
ENSG00000163950,2
ENSG00000163956,2
ENSG00000163959,2
ENSG00000163960,2
ENSG00000163961,2
ENSG00000163964,2
ENSG00000163975,1
ENSG00000163993,1
ENSG00000163995,2
ENSG00000164002,2
ENSG00000164008,2
ENSG00000164010,2
ENSG00000164011,2
ENSG00000164022,2
ENSG00000164023,0
ENSG00000164024,2
ENSG00000164031,2
ENSG00000164032,2
ENSG00000164035,0
ENSG00000164038,2
ENSG00000164039,2
ENSG00000164040,2
ENSG00000164045,1
ENSG00000164047,0
ENSG00000164048,2
ENSG00000164050,2
ENSG00000164051,2
ENSG00000164053,2
ENSG00000164054,2
ENSG00000164056,2
ENSG00000164061,2
ENSG00000164062,2
ENSG00000164066,2
ENSG00000164068,2
ENSG00000164070,2
ENSG00000164073,2
ENSG00000164074,2
ENSG00000164077,2
ENSG00000164078,1
ENSG00000164080,2
ENSG00000164081,2
ENSG00000164086,2
ENSG00000164087,1
ENSG00000164088,2
ENSG00000164089,1
ENSG00000164091,2
ENSG00000164093,1
ENSG00000164096,2
ENSG00000164099,0
ENSG00000164104,2
ENSG00000164105,2
ENSG00000164109,1
ENSG00000164111,2
ENSG00000164112,2
ENSG00000164114,2
ENSG00000164116,2
ENSG00000164117,2
ENSG00000164118,2
ENSG00000164120,2
ENSG00000164124,2
ENSG00000164125,2
ENSG00000164128,2
ENSG00000164134,2
ENSG00000164136,2
ENSG00000164142,2
ENSG00000164144,2
ENSG00000164151,2
ENSG00000164161,0
ENSG00000164162,2
ENSG00000164163,2
ENSG00000164164,2
ENSG00000164167,2
ENSG00000164168,2
ENSG00000164169,2
ENSG00000164171,1
ENSG00000164172,2
ENSG00000164176,2
ENSG00000164180,2
ENSG00000164181,2
ENSG00000164182,2
ENSG00000164185,0
ENSG00000164187,2
ENSG00000164188,0
ENSG00000164190,2
ENSG00000164197,2
ENSG00000164199,2
ENSG00000164209,2
ENSG00000164211,2
ENSG00000164219,2
ENSG00000164220,1
ENSG00000164221,2
ENSG00000164236,0
ENSG00000164237,1
ENSG00000164241,2
ENSG00000164244,2
ENSG00000164251,1
ENSG00000164252,2
ENSG00000164253,2
ENSG00000164258,2
ENSG00000164265,2
ENSG00000164266,1
ENSG00000164283,2
ENSG00000164284,2
ENSG00000164287,1
ENSG00000164291,2
ENSG00000164292,2
ENSG00000164294,1
ENSG00000164296,2
ENSG00000164300,2
ENSG00000164303,0
ENSG00000164305,2
ENSG00000164306,2
ENSG00000164307,2
ENSG00000164308,2
ENSG00000164309,2
ENSG00000164318,2
ENSG00000164323,2
ENSG00000164327,2
ENSG00000164329,2
ENSG00000164330,2
ENSG00000164331,2
ENSG00000164332,2
ENSG00000164338,2
ENSG00000164342,2
ENSG00000164344,2
ENSG00000164346,2
ENSG00000164347,2
ENSG00000164362,1
ENSG00000164366,2
ENSG00000164379,1
ENSG00000164393,1
ENSG00000164398,2
ENSG00000164400,2
ENSG00000164402,2
ENSG00000164403,2
ENSG00000164404,2
ENSG00000164405,2
ENSG00000164406,2
ENSG00000164411,2
ENSG00000164414,2
ENSG00000164418,1
ENSG00000164430,2
ENSG00000164440,2
ENSG00000164442,2
ENSG00000164458,1
ENSG00000164463,2
ENSG00000164465,2
ENSG00000164466,1
ENSG00000164483,2
ENSG00000164484,2
ENSG00000164485,1
ENSG00000164488,2
ENSG00000164494,2
ENSG00000164506,2
ENSG00000164509,1
ENSG00000164520,2
ENSG00000164530,0
ENSG00000164535,2
ENSG00000164542,2
ENSG00000164543,2
ENSG00000164548,2
ENSG00000164574,2
ENSG00000164576,2
ENSG00000164587,2
ENSG00000164588,1
ENSG00000164591,0
ENSG00000164597,2
ENSG00000164603,2
ENSG00000164604,2
ENSG00000164609,2
ENSG00000164610,2
ENSG00000164611,1
ENSG00000164615,2
ENSG00000164619,0
ENSG00000164620,2
ENSG00000164626,1
ENSG00000164627,0
ENSG00000164631,2
ENSG00000164638,1
ENSG00000164647,1
ENSG00000164649,2
ENSG00000164651,1
ENSG00000164654,2
ENSG00000164659,0
ENSG00000164663,2
ENSG00000164669,1
ENSG00000164674,2
ENSG00000164675,0
ENSG00000164683,2
ENSG00000164684,2
ENSG00000164687,0
ENSG00000164690,2
ENSG00000164691,2
ENSG00000164692,1
ENSG00000164694,1
ENSG00000164695,1
ENSG00000164707,2
ENSG00000164713,2
ENSG00000164715,2
ENSG00000164733,2
ENSG00000164736,0
ENSG00000164741,0
ENSG00000164742,2
ENSG00000164743,2
ENSG00000164744,1
ENSG00000164746,2
ENSG00000164749,1
ENSG00000164751,2
ENSG00000164754,2
ENSG00000164756,2
ENSG00000164758,2
ENSG00000164761,2
ENSG00000164764,0
ENSG00000164776,2
ENSG00000164778,1
ENSG00000164794,1
ENSG00000164808,2
ENSG00000164815,2
ENSG00000164818,2
ENSG00000164823,2
ENSG00000164825,1
ENSG00000164828,2
ENSG00000164830,2
ENSG00000164841,1
ENSG00000164845,2
ENSG00000164849,0
ENSG00000164850,0
ENSG00000164855,1
ENSG00000164867,2
ENSG00000164877,1
ENSG00000164879,0
ENSG00000164880,2
ENSG00000164885,2
ENSG00000164889,2
ENSG00000164896,2
ENSG00000164897,2
ENSG00000164902,2
ENSG00000164904,2
ENSG00000164916,2
ENSG00000164919,2
ENSG00000164920,1
ENSG00000164924,2
ENSG00000164929,2
ENSG00000164930,2
ENSG00000164932,1
ENSG00000164934,1
ENSG00000164935,0
ENSG00000164938,2
ENSG00000164941,1
ENSG00000164944,2
ENSG00000164946,2
ENSG00000164949,2
ENSG00000164951,2
ENSG00000164953,2
ENSG00000164961,2
ENSG00000164967,2
ENSG00000164970,2
ENSG00000164972,0
ENSG00000164975,2
ENSG00000164976,2
ENSG00000164978,2
ENSG00000164983,2
ENSG00000164985,2
ENSG00000164989,2
ENSG00000165006,2
ENSG00000165023,1
ENSG00000165025,2
ENSG00000165028,2
ENSG00000165029,2
ENSG00000165030,2
ENSG00000165046,2
ENSG00000165055,2
ENSG00000165060,2
ENSG00000165061,1
ENSG00000165071,2
ENSG00000165072,0
ENSG00000165078,2
ENSG00000165084,0
ENSG00000165091,1
ENSG00000165092,0
ENSG00000165097,2
ENSG00000165102,2
ENSG00000165105,2
ENSG00000165113,2
ENSG00000165115,2
ENSG00000165118,2
ENSG00000165119,2
ENSG00000165121,2
ENSG00000165124,0
ENSG00000165125,2
ENSG00000165138,2
ENSG00000165140,0
ENSG00000165152,2
ENSG00000165156,2
ENSG00000165164,0
ENSG00000165168,0
ENSG00000165169,2
ENSG00000165171,2
ENSG00000165175,0
ENSG00000165178,2
ENSG00000165181,1
ENSG00000165185,2
ENSG00000165186,2
ENSG00000165188,1
ENSG00000165194,2
ENSG00000165195,2
ENSG00000165197,0
ENSG00000165209,2
ENSG00000165215,1
ENSG00000165219,2
ENSG00000165233,2
ENSG00000165238,1
ENSG00000165240,2
ENSG00000165244,1
ENSG00000165246,2
ENSG00000165259,2
ENSG00000165264,2
ENSG00000165269,2
ENSG00000165271,2
ENSG00000165272,2
ENSG00000165275,2
ENSG00000165280,2
ENSG00000165282,2
ENSG00000165283,2
ENSG00000165288,2
ENSG00000165300,1
ENSG00000165304,1
ENSG00000165309,0
ENSG00000165312,0
ENSG00000165322,2
ENSG00000165323,0
ENSG00000165325,2
ENSG00000165338,2
ENSG00000165355,2
ENSG00000165359,2
ENSG00000165376,1
ENSG00000165379,2
ENSG00000165383,0
ENSG00000165389,2
ENSG00000165392,2
ENSG00000165406,2
ENSG00000165409,1
ENSG00000165410,0
ENSG00000165416,2
ENSG00000165417,2
ENSG00000165424,0
ENSG00000165434,1
ENSG00000165443,1
ENSG00000165449,1
ENSG00000165457,2
ENSG00000165458,2
ENSG00000165474,1
ENSG00000165475,2
ENSG00000165476,2
ENSG00000165480,1
ENSG00000165487,2
ENSG00000165490,2
ENSG00000165494,2
ENSG00000165495,0
ENSG00000165501,2
ENSG00000165502,2
ENSG00000165506,2
ENSG00000165507,0
ENSG00000165511,0
ENSG00000165512,2
ENSG00000165516,2
ENSG00000165521,2
ENSG00000165525,2
ENSG00000165526,2
ENSG00000165527,2
ENSG00000165533,2
ENSG00000165548,1
ENSG00000165555,2
ENSG00000165556,1
ENSG00000165568,1
ENSG00000165572,2
ENSG00000165591,2
ENSG00000165606,1
ENSG00000165609,2
ENSG00000165617,2
ENSG00000165626,2
ENSG00000165629,2
ENSG00000165630,2
ENSG00000165632,2
ENSG00000165633,0
ENSG00000165637,2
ENSG00000165644,2
ENSG00000165646,0
ENSG00000165650,2
ENSG00000165655,2
ENSG00000165660,2
ENSG00000165661,2
ENSG00000165669,2
ENSG00000165671,2
ENSG00000165672,2
ENSG00000165675,2
ENSG00000165678,2
ENSG00000165684,2
ENSG00000165685,2
ENSG00000165688,2
ENSG00000165689,2
ENSG00000165695,2
ENSG00000165698,2
ENSG00000165699,2
ENSG00000165704,1
ENSG00000165714,2
ENSG00000165716,2
ENSG00000165724,1
ENSG00000165730,2
ENSG00000165731,1
ENSG00000165732,2
ENSG00000165733,2
ENSG00000165752,2
ENSG00000165757,0
ENSG00000165775,2
ENSG00000165782,2
ENSG00000165792,2
ENSG00000165795,0
ENSG00000165801,2
ENSG00000165802,1
ENSG00000165804,2
ENSG00000165806,2
ENSG00000165807,2
ENSG00000165810,0
ENSG00000165813,2
ENSG00000165816,2
ENSG00000165819,2
ENSG00000165821,2
ENSG00000165832,2
ENSG00000165861,2
ENSG00000165868,2
ENSG00000165879,2
ENSG00000165886,2
ENSG00000165891,1
ENSG00000165895,2
ENSG00000165898,2
ENSG00000165899,1
ENSG00000165905,1
ENSG00000165912,2
ENSG00000165914,2
ENSG00000165915,2
ENSG00000165916,2
ENSG00000165923,2
ENSG00000165929,2
ENSG00000165934,2
ENSG00000165943,2
ENSG00000165948,2
ENSG00000165949,2
ENSG00000165959,2
ENSG00000165966,0
ENSG00000165973,1
ENSG00000165983,2
ENSG00000165985,2
ENSG00000165995,2
ENSG00000165996,0
ENSG00000165997,2
ENSG00000166002,2
ENSG00000166004,2
ENSG00000166012,2
ENSG00000166016,2
ENSG00000166024,2
ENSG00000166025,0
ENSG00000166033,2
ENSG00000166035,2
ENSG00000166037,2
ENSG00000166046,2
ENSG00000166068,2
ENSG00000166073,2
ENSG00000166086,0
ENSG00000166104,1
ENSG00000166105,1
ENSG00000166106,0
ENSG00000166123,1
ENSG00000166126,1
ENSG00000166128,2
ENSG00000166130,2
ENSG00000166133,2
ENSG00000166135,2
ENSG00000166136,2
ENSG00000166140,2
ENSG00000166143,1
ENSG00000166145,2
ENSG00000166147,2
ENSG00000166148,2
ENSG00000166153,2
ENSG00000166164,2
ENSG00000166165,2
ENSG00000166166,2
ENSG00000166167,2
ENSG00000166169,2
ENSG00000166170,2
ENSG00000166171,2
ENSG00000166173,2
ENSG00000166181,2
ENSG00000166183,2
ENSG00000166188,2
ENSG00000166189,2
ENSG00000166192,2
ENSG00000166197,2
ENSG00000166199,2
ENSG00000166200,2
ENSG00000166206,2
ENSG00000166224,2
ENSG00000166225,2
ENSG00000166226,2
ENSG00000166228,2
ENSG00000166233,2
ENSG00000166246,0
ENSG00000166250,2
ENSG00000166257,0
ENSG00000166260,2
ENSG00000166261,2
ENSG00000166262,2
ENSG00000166263,2
ENSG00000166265,0
ENSG00000166266,2
ENSG00000166268,2
ENSG00000166272,2
ENSG00000166275,2
ENSG00000166278,2
ENSG00000166289,2
ENSG00000166292,0
ENSG00000166295,2
ENSG00000166311,2
ENSG00000166313,0
ENSG00000166317,0
ENSG00000166321,2
ENSG00000166323,2
ENSG00000166326,2
ENSG00000166333,2
ENSG00000166337,2
ENSG00000166340,2
ENSG00000166341,0
ENSG00000166342,1
ENSG00000166343,2
ENSG00000166347,0
ENSG00000166348,2
ENSG00000166349,2
ENSG00000166352,2
ENSG00000166359,1
ENSG00000166377,2
ENSG00000166387,2
ENSG00000166394,2
ENSG00000166396,1
ENSG00000166398,2
ENSG00000166401,2
ENSG00000166402,2
ENSG00000166405,0
ENSG00000166411,2
ENSG00000166415,1
ENSG00000166426,1
ENSG00000166428,2
ENSG00000166432,2
ENSG00000166435,2
ENSG00000166436,2
ENSG00000166439,2
ENSG00000166441,2
ENSG00000166444,2
ENSG00000166446,2
ENSG00000166448,2
ENSG00000166450,2
ENSG00000166451,1
ENSG00000166452,2
ENSG00000166454,2
ENSG00000166471,2
ENSG00000166473,1
ENSG00000166477,2
ENSG00000166478,2
ENSG00000166479,2
ENSG00000166482,0
ENSG00000166483,2
ENSG00000166484,2
ENSG00000166501,2
ENSG00000166503,2
ENSG00000166508,1
ENSG00000166510,0
ENSG00000166523,0
ENSG00000166526,2
ENSG00000166527,0
ENSG00000166529,2
ENSG00000166532,2
ENSG00000166535,1
ENSG00000166546,1
ENSG00000166548,2
ENSG00000166557,1
ENSG00000166562,1
ENSG00000166575,2
ENSG00000166578,2
ENSG00000166579,2
ENSG00000166582,2
ENSG00000166589,2
ENSG00000166592,0
ENSG00000166595,2
ENSG00000166596,0
ENSG00000166598,2
ENSG00000166619,2
ENSG00000166669,2
ENSG00000166670,1
ENSG00000166676,2
ENSG00000166681,2
ENSG00000166685,2
ENSG00000166689,2
ENSG00000166704,2
ENSG00000166707,2
ENSG00000166710,2
ENSG00000166716,2
ENSG00000166734,2
ENSG00000166736,1
ENSG00000166741,2
ENSG00000166743,2
ENSG00000166747,2
ENSG00000166750,2
ENSG00000166762,2
ENSG00000166770,2
ENSG00000166780,2
ENSG00000166783,2
ENSG00000166788,2
ENSG00000166793,2
ENSG00000166794,2
ENSG00000166796,2
ENSG00000166797,2
ENSG00000166801,2
ENSG00000166803,1
ENSG00000166813,2
ENSG00000166816,2
ENSG00000166821,2
ENSG00000166822,2
ENSG00000166823,1
ENSG00000166825,2
ENSG00000166828,0
ENSG00000166831,2
ENSG00000166833,2
ENSG00000166839,2
ENSG00000166840,1
ENSG00000166845,2
ENSG00000166847,2
ENSG00000166848,2
ENSG00000166851,1
ENSG00000166855,2
ENSG00000166860,2
ENSG00000166866,2
ENSG00000166869,2
ENSG00000166881,2
ENSG00000166886,2
ENSG00000166887,2
ENSG00000166888,2
ENSG00000166889,2
ENSG00000166896,2
ENSG00000166897,2
ENSG00000166900,2
ENSG00000166902,2
ENSG00000166908,2
ENSG00000166912,0
ENSG00000166913,2
ENSG00000166920,1
ENSG00000166922,1
ENSG00000166923,1
ENSG00000166924,2
ENSG00000166925,2
ENSG00000166927,0
ENSG00000166928,0
ENSG00000166938,2
ENSG00000166946,2
ENSG00000166949,2
ENSG00000166959,0
ENSG00000166961,0
ENSG00000166963,2
ENSG00000166965,1
ENSG00000166971,2
ENSG00000166974,2
ENSG00000166979,2
ENSG00000166986,2
ENSG00000166987,2
ENSG00000166997,2
ENSG00000167004,2
ENSG00000167005,2
ENSG00000167034,2
ENSG00000167037,2
ENSG00000167065,2
ENSG00000167074,0
ENSG00000167077,2
ENSG00000167080,1
ENSG00000167081,2
ENSG00000167083,0
ENSG00000167085,2
ENSG00000167088,2
ENSG00000167094,0
ENSG00000167100,0
ENSG00000167103,1
ENSG00000167105,1
ENSG00000167106,2
ENSG00000167107,2
ENSG00000167110,2
ENSG00000167112,2
ENSG00000167113,2
ENSG00000167114,2
ENSG00000167118,2
ENSG00000167123,1
ENSG00000167130,2
ENSG00000167136,2
ENSG00000167157,1
ENSG00000167165,1
ENSG00000167173,2
ENSG00000167178,2
ENSG00000167182,2
ENSG00000167183,2
ENSG00000167186,2
ENSG00000167191,2
ENSG00000167193,2
ENSG00000167196,2
ENSG00000167202,2
ENSG00000167207,2
ENSG00000167208,2
ENSG00000167210,0
ENSG00000167216,2
ENSG00000167220,2
ENSG00000167232,2
ENSG00000167244,2
ENSG00000167257,2
ENSG00000167258,2
ENSG00000167261,0
ENSG00000167264,2
ENSG00000167272,2
ENSG00000167280,2
ENSG00000167283,2
ENSG00000167286,2
ENSG00000167291,2
ENSG00000167302,2
ENSG00000167306,2
ENSG00000167311,2
ENSG00000167315,2
ENSG00000167323,2
ENSG00000167325,2
ENSG00000167333,2
ENSG00000167363,2
ENSG00000167371,2
ENSG00000167377,2
ENSG00000167378,2
ENSG00000167380,2
ENSG00000167384,2
ENSG00000167393,1
ENSG00000167394,2
ENSG00000167395,2
ENSG00000167397,2
ENSG00000167434,0
ENSG00000167447,2
ENSG00000167460,2
ENSG00000167461,2
ENSG00000167468,2
ENSG00000167470,2
ENSG00000167476,1
ENSG00000167483,2
ENSG00000167487,2
ENSG00000167491,2
ENSG00000167508,2
ENSG00000167513,1
ENSG00000167515,2
ENSG00000167522,2
ENSG00000167523,2
ENSG00000167524,1
ENSG00000167525,2
ENSG00000167526,2
ENSG00000167528,2
ENSG00000167535,1
ENSG00000167536,1
ENSG00000167543,2
ENSG00000167548,2
ENSG00000167549,2
ENSG00000167550,2
ENSG00000167552,0
ENSG00000167553,2
ENSG00000167554,2
ENSG00000167555,2
ENSG00000167562,2
ENSG00000167565,2
ENSG00000167566,2
ENSG00000167578,2
ENSG00000167580,2
ENSG00000167588,0
ENSG00000167595,2
ENSG00000167600,2
ENSG00000167601,0
ENSG00000167604,2
ENSG00000167608,2
ENSG00000167613,0
ENSG00000167614,1
ENSG00000167615,2
ENSG00000167617,2
ENSG00000167618,2
ENSG00000167619,1
ENSG00000167625,2
ENSG00000167632,2
ENSG00000167635,2
ENSG00000167637,2
ENSG00000167641,0
ENSG00000167642,2
ENSG00000167645,2
ENSG00000167646,0
ENSG00000167653,1
ENSG00000167656,1
ENSG00000167657,2
ENSG00000167658,2
ENSG00000167664,2
ENSG00000167670,1
ENSG00000167671,2
ENSG00000167674,2
ENSG00000167676,2
ENSG00000167680,2
ENSG00000167685,2
ENSG00000167693,2
ENSG00000167695,2
ENSG00000167699,2
ENSG00000167700,1
ENSG00000167701,1
ENSG00000167702,1
ENSG00000167703,2
ENSG00000167705,0
ENSG00000167711,2
ENSG00000167716,2
ENSG00000167720,2
ENSG00000167721,2
ENSG00000167723,1
ENSG00000167733,2
ENSG00000167740,2
ENSG00000167741,2
ENSG00000167747,1
ENSG00000167748,2
ENSG00000167754,2
ENSG00000167755,1
ENSG00000167757,2
ENSG00000167759,1
ENSG00000167766,2
ENSG00000167767,1
ENSG00000167768,0
ENSG00000167770,2
ENSG00000167771,1
ENSG00000167772,1
ENSG00000167775,2
ENSG00000167778,2
ENSG00000167779,2
ENSG00000167785,2
ENSG00000167792,2
ENSG00000167797,2
ENSG00000167799,1
ENSG00000167815,2
ENSG00000167840,2
ENSG00000167842,2
ENSG00000167850,0
ENSG00000167851,2
ENSG00000167858,0
ENSG00000167861,1
ENSG00000167862,2
ENSG00000167863,2
ENSG00000167874,0
ENSG00000167880,2
ENSG00000167881,2
ENSG00000167889,2
ENSG00000167895,2
ENSG00000167900,1
ENSG00000167904,2
ENSG00000167912,2
ENSG00000167914,2
ENSG00000167920,2
ENSG00000167925,2
ENSG00000167930,2
ENSG00000167962,2
ENSG00000167964,1
ENSG00000167965,2
ENSG00000167967,2
ENSG00000167968,1
ENSG00000167969,2
ENSG00000167971,1
ENSG00000167972,0
ENSG00000167977,2
ENSG00000167978,2
ENSG00000167981,2
ENSG00000167984,2
ENSG00000167985,2
ENSG00000167986,2
ENSG00000167987,2
ENSG00000167992,2
ENSG00000167994,2
ENSG00000167995,2
ENSG00000167996,2
ENSG00000168000,2
ENSG00000168002,2
ENSG00000168003,2
ENSG00000168004,2
ENSG00000168005,2
ENSG00000168010,2
ENSG00000168014,2
ENSG00000168016,2
ENSG00000168026,2
ENSG00000168028,2
ENSG00000168032,2
ENSG00000168036,2
ENSG00000168038,2
ENSG00000168040,2
ENSG00000168056,2
ENSG00000168060,2
ENSG00000168061,2
ENSG00000168062,2
ENSG00000168066,2
ENSG00000168067,2
ENSG00000168070,1
ENSG00000168071,2
ENSG00000168077,2
ENSG00000168078,1
ENSG00000168079,0
ENSG00000168081,1
ENSG00000168090,2
ENSG00000168092,2
ENSG00000168096,2
ENSG00000168101,2
ENSG00000168116,2
ENSG00000168118,2
ENSG00000168137,2
ENSG00000168140,2
ENSG00000168143,1
ENSG00000168152,2
ENSG00000168159,2
ENSG00000168172,2
ENSG00000168175,2
ENSG00000168209,1
ENSG00000168214,2
ENSG00000168216,2
ENSG00000168228,2
ENSG00000168229,2
ENSG00000168234,1
ENSG00000168237,2
ENSG00000168243,1
ENSG00000168246,2
ENSG00000168255,1
ENSG00000168256,2
ENSG00000168259,2
ENSG00000168264,2
ENSG00000168268,2
ENSG00000168273,2
ENSG00000168275,1
ENSG00000168280,1
ENSG00000168283,2
ENSG00000168286,2
ENSG00000168288,2
ENSG00000168291,2
ENSG00000168297,2
ENSG00000168298,1
ENSG00000168300,2
ENSG00000168301,2
ENSG00000168303,2
ENSG00000168306,2
ENSG00000168309,0
ENSG00000168310,2
ENSG00000168329,0
ENSG00000168334,2
ENSG00000168350,2
ENSG00000168374,2
ENSG00000168385,2
ENSG00000168386,2
ENSG00000168389,0
ENSG00000168393,1
ENSG00000168394,2
ENSG00000168395,2
ENSG00000168397,2
ENSG00000168398,2
ENSG00000168404,2
ENSG00000168405,2
ENSG00000168411,2
ENSG00000168421,2
ENSG00000168427,2
ENSG00000168434,2
ENSG00000168438,2
ENSG00000168439,2
ENSG00000168447,2
ENSG00000168453,2
ENSG00000168461,2
ENSG00000168476,2
ENSG00000168477,0
ENSG00000168481,0
ENSG00000168484,0
ENSG00000168487,2
ENSG00000168488,2
ENSG00000168490,2
ENSG00000168491,2
ENSG00000168495,2
ENSG00000168496,1
ENSG00000168497,0
ENSG00000168502,2
ENSG00000168517,2
ENSG00000168522,2
ENSG00000168528,1
ENSG00000168538,2
ENSG00000168539,0
ENSG00000168542,1
ENSG00000168546,0
ENSG00000168556,2
ENSG00000168564,2
ENSG00000168566,2
ENSG00000168569,2
ENSG00000168575,2
ENSG00000168589,0
ENSG00000168591,2
ENSG00000168610,2
ENSG00000168612,2
ENSG00000168615,2
ENSG00000168621,1
ENSG00000168631,2
ENSG00000168646,2
ENSG00000168653,2
ENSG00000168658,0
ENSG00000168661,2
ENSG00000168672,2
ENSG00000168675,2
ENSG00000168676,2
ENSG00000168679,2
ENSG00000168685,0
ENSG00000168701,2
ENSG00000168702,1
ENSG00000168703,0
ENSG00000168710,2
ENSG00000168724,2
ENSG00000168734,0
ENSG00000168743,0
ENSG00000168754,1
ENSG00000168758,2
ENSG00000168763,2
ENSG00000168765,2
ENSG00000168769,2
ENSG00000168772,2
ENSG00000168778,2
ENSG00000168779,1
ENSG00000168781,2
ENSG00000168785,1
ENSG00000168792,2
ENSG00000168795,2
ENSG00000168803,2
ENSG00000168806,2
ENSG00000168807,2
ENSG00000168811,2
ENSG00000168813,2
ENSG00000168818,2
ENSG00000168824,2
ENSG00000168826,2
ENSG00000168827,2
ENSG00000168843,1
ENSG00000168852,2
ENSG00000168872,2
ENSG00000168874,0
ENSG00000168875,1
ENSG00000168876,2
ENSG00000168878,2
ENSG00000168883,2
ENSG00000168884,2
ENSG00000168887,2
ENSG00000168890,2
ENSG00000168894,2
ENSG00000168899,2
ENSG00000168904,2
ENSG00000168906,2
ENSG00000168907,0
ENSG00000168913,0
ENSG00000168916,2
ENSG00000168917,2
ENSG00000168918,2
ENSG00000168924,2
ENSG00000168936,2
ENSG00000168938,2
ENSG00000168939,2
ENSG00000168944,2
ENSG00000168952,0
ENSG00000168958,2
ENSG00000168961,2
ENSG00000168970,2
ENSG00000168993,1
ENSG00000168994,0
ENSG00000168995,0
ENSG00000169016,2
ENSG00000169018,2
ENSG00000169019,2
ENSG00000169020,2
ENSG00000169021,2
ENSG00000169026,2
ENSG00000169031,0
ENSG00000169032,2
ENSG00000169035,2
ENSG00000169045,2
ENSG00000169047,2
ENSG00000169057,2
ENSG00000169062,2
ENSG00000169064,0
ENSG00000169071,2
ENSG00000169083,2
ENSG00000169084,2
ENSG00000169087,2
ENSG00000169093,2
ENSG00000169100,2
ENSG00000169105,2
ENSG00000169116,2
ENSG00000169118,2
ENSG00000169122,2
ENSG00000169126,0
ENSG00000169129,2
ENSG00000169131,2
ENSG00000169136,2
ENSG00000169139,2
ENSG00000169155,2
ENSG00000169169,2
ENSG00000169174,0
ENSG00000169180,2
ENSG00000169184,2
ENSG00000169188,2
ENSG00000169189,2
ENSG00000169193,2
ENSG00000169213,1
ENSG00000169217,2
ENSG00000169218,0
ENSG00000169220,1
ENSG00000169221,2
ENSG00000169223,2
ENSG00000169224,0
ENSG00000169228,2
ENSG00000169230,2
ENSG00000169231,2
ENSG00000169239,2
ENSG00000169241,1
ENSG00000169242,2
ENSG00000169245,2
ENSG00000169246,2
ENSG00000169247,2
ENSG00000169248,2
ENSG00000169249,2
ENSG00000169251,2
ENSG00000169252,0
ENSG00000169255,0
ENSG00000169258,1
ENSG00000169282,0
ENSG00000169288,2
ENSG00000169291,2
ENSG00000169297,1
ENSG00000169299,2
ENSG00000169302,1
ENSG00000169313,0
ENSG00000169314,0
ENSG00000169330,1
ENSG00000169347,1
ENSG00000169359,2
ENSG00000169371,2
ENSG00000169372,2
ENSG00000169375,2
ENSG00000169379,0
ENSG00000169385,2
ENSG00000169398,2
ENSG00000169403,2
ENSG00000169410,2
ENSG00000169413,2
ENSG00000169418,0
ENSG00000169427,1
ENSG00000169429,2
ENSG00000169432,2
ENSG00000169435,1
ENSG00000169436,1
ENSG00000169439,0
ENSG00000169442,0
ENSG00000169446,2
ENSG00000169469,1
ENSG00000169474,1
ENSG00000169490,2
ENSG00000169495,2
ENSG00000169499,2
ENSG00000169504,2
ENSG00000169507,1
ENSG00000169508,2
ENSG00000169515,2
ENSG00000169519,2
ENSG00000169550,2
ENSG00000169554,0
ENSG00000169562,1
ENSG00000169564,2
ENSG00000169567,2
ENSG00000169570,2
ENSG00000169583,0
ENSG00000169592,2
ENSG00000169598,2
ENSG00000169599,2
ENSG00000169604,2
ENSG00000169607,1
ENSG00000169609,2
ENSG00000169612,2
ENSG00000169621,2
ENSG00000169627,1
ENSG00000169629,2
ENSG00000169635,2
ENSG00000169641,2
ENSG00000169660,2
ENSG00000169679,1
ENSG00000169682,2
ENSG00000169683,2
ENSG00000169684,1
ENSG00000169689,2
ENSG00000169692,2
ENSG00000169696,2
ENSG00000169710,2
ENSG00000169714,2
ENSG00000169715,2
ENSG00000169718,1
ENSG00000169727,2
ENSG00000169733,2
ENSG00000169738,2
ENSG00000169740,2
ENSG00000169744,0
ENSG00000169750,1
ENSG00000169752,2
ENSG00000169756,2
ENSG00000169758,2
ENSG00000169760,2
ENSG00000169762,2
ENSG00000169764,2
ENSG00000169783,1
ENSG00000169813,2
ENSG00000169814,2
ENSG00000169826,2
ENSG00000169851,1
ENSG00000169855,2
ENSG00000169856,1
ENSG00000169857,2
ENSG00000169860,0
ENSG00000169862,2
ENSG00000169871,2
ENSG00000169884,1
ENSG00000169891,0
ENSG00000169894,1
ENSG00000169895,2
ENSG00000169896,2
ENSG00000169902,2
ENSG00000169903,1
ENSG00000169905,2
ENSG00000169908,2
ENSG00000169914,2
ENSG00000169918,2
ENSG00000169919,2
ENSG00000169925,2
ENSG00000169926,0
ENSG00000169946,2
ENSG00000169951,2
ENSG00000169955,2
ENSG00000169957,2
ENSG00000169962,1
ENSG00000169964,2
ENSG00000169967,2
ENSG00000169972,1
ENSG00000169976,2
ENSG00000169981,2
ENSG00000169989,2
ENSG00000169991,2
ENSG00000169992,2
ENSG00000169994,0
ENSG00000170004,2
ENSG00000170006,2
ENSG00000170011,0
ENSG00000170017,2
ENSG00000170027,2
ENSG00000170035,2
ENSG00000170037,2
ENSG00000170043,2
ENSG00000170044,1
ENSG00000170049,2
ENSG00000170074,2
ENSG00000170075,1
ENSG00000170085,2
ENSG00000170088,2
ENSG00000170089,1
ENSG00000170092,2
ENSG00000170100,2
ENSG00000170113,2
ENSG00000170128,2
ENSG00000170142,2
ENSG00000170144,2
ENSG00000170145,2
ENSG00000170153,2
ENSG00000170160,2
ENSG00000170166,1
ENSG00000170175,1
ENSG00000170185,2
ENSG00000170190,2
ENSG00000170191,2
ENSG00000170209,2
ENSG00000170214,2
ENSG00000170222,2
ENSG00000170231,2
ENSG00000170234,2
ENSG00000170236,2
ENSG00000170242,2
ENSG00000170248,2
ENSG00000170260,2
ENSG00000170264,2
ENSG00000170265,2
ENSG00000170266,2
ENSG00000170270,2
ENSG00000170271,2
ENSG00000170275,2
ENSG00000170289,1
ENSG00000170291,2
ENSG00000170293,2
ENSG00000170298,1
ENSG00000170310,2
ENSG00000170312,1
ENSG00000170315,2
ENSG00000170322,2
ENSG00000170323,0
ENSG00000170324,2
ENSG00000170325,2
ENSG00000170340,2
ENSG00000170345,0
ENSG00000170348,2
ENSG00000170356,2
ENSG00000170364,2
ENSG00000170365,2
ENSG00000170367,0
ENSG00000170369,1
ENSG00000170373,1
ENSG00000170379,2
ENSG00000170381,2
ENSG00000170382,2
ENSG00000170385,2
ENSG00000170390,2
ENSG00000170396,2
ENSG00000170412,2
ENSG00000170417,1
ENSG00000170421,1
ENSG00000170425,2
ENSG00000170430,2
ENSG00000170439,1
ENSG00000170442,1
ENSG00000170445,2
ENSG00000170448,2
ENSG00000170456,2
ENSG00000170458,2
ENSG00000170464,2
ENSG00000170465,1
ENSG00000170468,2
ENSG00000170469,2
ENSG00000170471,2
ENSG00000170473,2
ENSG00000170476,1
ENSG00000170477,0
ENSG00000170482,2
ENSG00000170485,1
ENSG00000170498,1
ENSG00000170500,2
ENSG00000170502,2
ENSG00000170509,0
ENSG00000170515,2
ENSG00000170516,1
ENSG00000170522,1
ENSG00000170523,1
ENSG00000170525,2
ENSG00000170537,2
ENSG00000170540,2
ENSG00000170542,2
ENSG00000170545,2
ENSG00000170549,0
ENSG00000170558,1
ENSG00000170561,2
ENSG00000170571,1
ENSG00000170577,1
ENSG00000170579,2
ENSG00000170581,2
ENSG00000170584,2
ENSG00000170604,2
ENSG00000170606,2
ENSG00000170608,1
ENSG00000170615,2
ENSG00000170619,2
ENSG00000170624,2
ENSG00000170627,1
ENSG00000170629,2
ENSG00000170631,2
ENSG00000170632,2
ENSG00000170633,2
ENSG00000170634,2
ENSG00000170638,2
ENSG00000170653,2
ENSG00000170667,2
ENSG00000170677,2
ENSG00000170681,2
ENSG00000170684,2
ENSG00000170689,1
ENSG00000170703,0
ENSG00000170734,2
ENSG00000170745,2
ENSG00000170759,2
ENSG00000170775,1
ENSG00000170776,0
ENSG00000170779,1
ENSG00000170786,2
ENSG00000170791,2
ENSG00000170801,1
ENSG00000170802,2
ENSG00000170832,2
ENSG00000170835,1
ENSG00000170836,2
ENSG00000170837,2
ENSG00000170846,2
ENSG00000170852,2
ENSG00000170854,2
ENSG00000170855,2
ENSG00000170860,2
ENSG00000170871,2
ENSG00000170873,2
ENSG00000170876,2
ENSG00000170881,2
ENSG00000170889,2
ENSG00000170890,0
ENSG00000170891,2
ENSG00000170892,2
ENSG00000170899,2
ENSG00000170903,2
ENSG00000170906,2
ENSG00000170909,0
ENSG00000170915,2
ENSG00000170917,2
ENSG00000170919,2
ENSG00000170921,2
ENSG00000170927,1
ENSG00000170946,2
ENSG00000170949,2
ENSG00000170954,2
ENSG00000170955,2
ENSG00000170956,2
ENSG00000170959,0
ENSG00000170961,2
ENSG00000170962,2
ENSG00000170965,1
ENSG00000170989,0
ENSG00000171004,1
ENSG00000171016,2
ENSG00000171017,2
ENSG00000171033,2
ENSG00000171044,2
ENSG00000171045,2
ENSG00000171049,0
ENSG00000171051,0
ENSG00000171055,2
ENSG00000171056,0
ENSG00000171067,2
ENSG00000171084,1
ENSG00000171094,2
ENSG00000171100,2
ENSG00000171101,0
ENSG00000171103,2
ENSG00000171105,2
ENSG00000171109,2
ENSG00000171115,0
ENSG00000171119,2
ENSG00000171121,1
ENSG00000171124,1
ENSG00000171126,2
ENSG00000171130,2
ENSG00000171132,0
ENSG00000171135,2
ENSG00000171148,2
ENSG00000171150,2
ENSG00000171155,2
ENSG00000171159,2
ENSG00000171160,2
ENSG00000171161,2
ENSG00000171163,1
ENSG00000171169,2
ENSG00000171174,2
ENSG00000171202,2
ENSG00000171204,2
ENSG00000171206,2
ENSG00000171208,1
ENSG00000171219,2
ENSG00000171222,2
ENSG00000171223,0
ENSG00000171224,1
ENSG00000171227,2
ENSG00000171234,2
ENSG00000171236,2
ENSG00000171241,1
ENSG00000171243,0
ENSG00000171246,1
ENSG00000171262,2
ENSG00000171291,2
ENSG00000171295,2
ENSG00000171298,2
ENSG00000171302,2
ENSG00000171303,0
ENSG00000171307,2
ENSG00000171310,2
ENSG00000171311,2
ENSG00000171314,2
ENSG00000171316,2
ENSG00000171320,1
ENSG00000171345,1
ENSG00000171346,1
ENSG00000171357,2
ENSG00000171365,2
ENSG00000171368,0
ENSG00000171385,2
ENSG00000171388,0
ENSG00000171401,2
ENSG00000171408,2
ENSG00000171421,1
ENSG00000171425,2
ENSG00000171428,2
ENSG00000171431,1
ENSG00000171433,2
ENSG00000171435,2
ENSG00000171443,2
ENSG00000171444,0
ENSG00000171448,2
ENSG00000171450,1
ENSG00000171451,2
ENSG00000171453,2
ENSG00000171456,2
ENSG00000171462,2
ENSG00000171466,2
ENSG00000171467,2
ENSG00000171469,2
ENSG00000171475,2
ENSG00000171476,2
ENSG00000171488,0
ENSG00000171490,2
ENSG00000171492,2
ENSG00000171497,2
ENSG00000171502,1
ENSG00000171503,2
ENSG00000171509,0
ENSG00000171517,2
ENSG00000171522,0
ENSG00000171530,2
ENSG00000171533,0
ENSG00000171551,1
ENSG00000171552,2
ENSG00000171557,1
ENSG00000171560,1
ENSG00000171564,1
ENSG00000171566,2
ENSG00000171574,2
ENSG00000171595,0
ENSG00000171596,0
ENSG00000171603,2
ENSG00000171604,2
ENSG00000171606,2
ENSG00000171608,2
ENSG00000171611,0
ENSG00000171612,2
ENSG00000171617,1
ENSG00000171621,2
ENSG00000171631,1
ENSG00000171634,2
ENSG00000171649,2
ENSG00000171657,1
ENSG00000171658,1
ENSG00000171659,2
ENSG00000171680,2
ENSG00000171681,2
ENSG00000171700,2
ENSG00000171703,2
ENSG00000171714,2
ENSG00000171720,2
ENSG00000171723,2
ENSG00000171724,2
ENSG00000171729,2
ENSG00000171735,2
ENSG00000171747,1
ENSG00000171757,2
ENSG00000171759,1
ENSG00000171763,2
ENSG00000171766,2
ENSG00000171777,0
ENSG00000171790,2
ENSG00000171791,2
ENSG00000171792,2
ENSG00000171793,2
ENSG00000171798,2
ENSG00000171804,1
ENSG00000171806,2
ENSG00000171811,0
ENSG00000171812,2
ENSG00000171813,2
ENSG00000171817,2
ENSG00000171819,0
ENSG00000171823,2
ENSG00000171824,2
ENSG00000171827,2
ENSG00000171840,2
ENSG00000171843,2
ENSG00000171847,1
ENSG00000171848,1
ENSG00000171853,2
ENSG00000171858,2
ENSG00000171860,2
ENSG00000171861,2
ENSG00000171862,2
ENSG00000171863,2
ENSG00000171864,0
ENSG00000171865,2
ENSG00000171867,2
ENSG00000171873,0
ENSG00000171877,1
ENSG00000171885,0
ENSG00000171889,1
ENSG00000171903,1
ENSG00000171914,2
ENSG00000171916,1
ENSG00000171928,2
ENSG00000171940,1
ENSG00000171943,0
ENSG00000171951,1
ENSG00000171953,2
ENSG00000171956,1
ENSG00000171960,2
ENSG00000171962,0
ENSG00000171984,2
ENSG00000171988,2
ENSG00000171992,0
ENSG00000172005,0
ENSG00000172006,2
ENSG00000172007,2
ENSG00000172009,2
ENSG00000172020,1
ENSG00000172031,1
ENSG00000172037,0
ENSG00000172046,2
ENSG00000172053,2
ENSG00000172057,2
ENSG00000172059,2
ENSG00000172061,1
ENSG00000172062,2
ENSG00000172071,2
ENSG00000172081,2
ENSG00000172086,2
ENSG00000172113,2
ENSG00000172115,2
ENSG00000172116,2
ENSG00000172123,2
ENSG00000172137,2
ENSG00000172139,2
ENSG00000172156,2
ENSG00000172159,0
ENSG00000172164,2
ENSG00000172167,1
ENSG00000172171,2
ENSG00000172172,2
ENSG00000172175,2
ENSG00000172183,2
ENSG00000172197,2
ENSG00000172201,0
ENSG00000172215,2
ENSG00000172216,2
ENSG00000172232,2
ENSG00000172236,0
ENSG00000172239,2
ENSG00000172243,2
ENSG00000172244,1
ENSG00000172260,0
ENSG00000172262,2
ENSG00000172264,0
ENSG00000172269,2
ENSG00000172270,2
ENSG00000172273,2
ENSG00000172292,2
ENSG00000172296,2
ENSG00000172301,2
ENSG00000172315,2
ENSG00000172322,0
ENSG00000172331,2
ENSG00000172336,2
ENSG00000172339,2
ENSG00000172340,2
ENSG00000172345,2
ENSG00000172346,2
ENSG00000172348,2
ENSG00000172349,2
ENSG00000172354,2
ENSG00000172361,0
ENSG00000172366,1
ENSG00000172375,2
ENSG00000172379,2
ENSG00000172380,2
ENSG00000172382,1
ENSG00000172403,0
ENSG00000172409,2
ENSG00000172426,0
ENSG00000172428,2
ENSG00000172432,2
ENSG00000172456,2
ENSG00000172458,0
ENSG00000172460,2
ENSG00000172461,1
ENSG00000172465,2
ENSG00000172466,2
ENSG00000172469,2
ENSG00000172476,0
ENSG00000172478,2
ENSG00000172493,2
ENSG00000172500,2
ENSG00000172508,2
ENSG00000172530,2
ENSG00000172531,2
ENSG00000172534,2
ENSG00000172543,2
ENSG00000172548,1
ENSG00000172551,1
ENSG00000172572,2
ENSG00000172575,2
ENSG00000172578,2
ENSG00000172586,2
ENSG00000172590,2
ENSG00000172594,2
ENSG00000172602,2
ENSG00000172613,2
ENSG00000172638,2
ENSG00000172661,2
ENSG00000172663,2
ENSG00000172667,2
ENSG00000172671,2
ENSG00000172673,2
ENSG00000172687,1
ENSG00000172716,2
ENSG00000172724,1
ENSG00000172725,2
ENSG00000172728,2
ENSG00000172731,1
ENSG00000172732,2
ENSG00000172738,2
ENSG00000172748,2
ENSG00000172752,0
ENSG00000172757,2
ENSG00000172765,2
ENSG00000172766,2
ENSG00000172771,0
ENSG00000172775,2
ENSG00000172780,2
ENSG00000172782,1
ENSG00000172785,2
ENSG00000172794,2
ENSG00000172795,2
ENSG00000172803,2
ENSG00000172809,2
ENSG00000172817,2
ENSG00000172818,1
ENSG00000172819,2
ENSG00000172824,2
ENSG00000172828,1
ENSG00000172830,2
ENSG00000172831,2
ENSG00000172840,2
ENSG00000172845,2
ENSG00000172869,2
ENSG00000172878,2
ENSG00000172888,2
ENSG00000172889,2
ENSG00000172890,2
ENSG00000172893,2
ENSG00000172915,2
ENSG00000172922,2
ENSG00000172927,1
ENSG00000172932,2
ENSG00000172935,0
ENSG00000172936,2
ENSG00000172939,2
ENSG00000172943,2
ENSG00000172954,2
ENSG00000172955,2
ENSG00000172965,2
ENSG00000172974,2
ENSG00000172977,2
ENSG00000172985,2
ENSG00000172986,2
ENSG00000172987,0
ENSG00000172992,2
ENSG00000173011,2
ENSG00000173013,2
ENSG00000173020,2
ENSG00000173039,2
ENSG00000173040,2
ENSG00000173041,2
ENSG00000173064,2
ENSG00000173065,2
ENSG00000173068,2
ENSG00000173083,2
ENSG00000173085,2
ENSG00000173110,1
ENSG00000173113,2
ENSG00000173114,0
ENSG00000173120,2
ENSG00000173137,1
ENSG00000173141,2
ENSG00000173145,2
ENSG00000173153,2
ENSG00000173156,1
ENSG00000173163,2
ENSG00000173166,2
ENSG00000173171,2
ENSG00000173175,2
ENSG00000173193,2
ENSG00000173198,2
ENSG00000173200,2
ENSG00000173207,1
ENSG00000173208,2
ENSG00000173209,2
ENSG00000173210,0
ENSG00000173212,1
ENSG00000173214,2
ENSG00000173218,2
ENSG00000173221,2
ENSG00000173226,2
ENSG00000173227,1
ENSG00000173230,2
ENSG00000173237,1
ENSG00000173253,2
ENSG00000173258,2
ENSG00000173262,1
ENSG00000173264,2
ENSG00000173267,1
ENSG00000173269,0
ENSG00000173272,1
ENSG00000173273,2
ENSG00000173275,2
ENSG00000173276,2
ENSG00000173281,2
ENSG00000173295,2
ENSG00000173320,2
ENSG00000173327,2
ENSG00000173334,2
ENSG00000173369,0
ENSG00000173372,0
ENSG00000173376,0
ENSG00000173391,0
ENSG00000173402,2
ENSG00000173409,2
ENSG00000173418,2
ENSG00000173421,2
ENSG00000173432,1
ENSG00000173436,2
ENSG00000173442,2
ENSG00000173451,2
ENSG00000173456,2
ENSG00000173457,1
ENSG00000173465,2
ENSG00000173467,2
ENSG00000173473,2
ENSG00000173480,2
ENSG00000173482,0
ENSG00000173511,2
ENSG00000173517,0
ENSG00000173530,2
ENSG00000173531,1
ENSG00000173535,2
ENSG00000173540,2
ENSG00000173542,2
ENSG00000173545,2
ENSG00000173546,2
ENSG00000173548,2
ENSG00000173557,2
ENSG00000173559,2
ENSG00000173567,2
ENSG00000173575,2
ENSG00000173578,2
ENSG00000173581,2
ENSG00000173588,2
ENSG00000173597,2
ENSG00000173598,2
ENSG00000173599,1
ENSG00000173611,0
ENSG00000173614,2
ENSG00000173621,1
ENSG00000173627,0
ENSG00000173638,0
ENSG00000173641,0
ENSG00000173653,2
ENSG00000173660,2
ENSG00000173662,2
ENSG00000173674,2
ENSG00000173681,2
ENSG00000173692,2
ENSG00000173698,2
ENSG00000173702,1
ENSG00000173705,2
ENSG00000173706,0
ENSG00000173715,1
ENSG00000173726,2
ENSG00000173727,1
ENSG00000173744,2
ENSG00000173757,2
ENSG00000173762,2
ENSG00000173786,2
ENSG00000173801,2
ENSG00000173805,1
ENSG00000173809,1
ENSG00000173812,2
ENSG00000173818,2
ENSG00000173821,2
ENSG00000173825,1
ENSG00000173838,2
ENSG00000173846,2
ENSG00000173848,1
ENSG00000173852,1
ENSG00000173868,0
ENSG00000173875,2
ENSG00000173889,2
ENSG00000173890,2
ENSG00000173894,1
ENSG00000173898,1
ENSG00000173905,2
ENSG00000173914,2
ENSG00000173915,2
ENSG00000173917,1
ENSG00000173918,2
ENSG00000173926,2
ENSG00000173928,2
ENSG00000173930,0
ENSG00000173933,2
ENSG00000173947,0
ENSG00000173950,2
ENSG00000173960,2
ENSG00000173988,2
ENSG00000173991,2
ENSG00000173992,2
ENSG00000174004,0
ENSG00000174007,2
ENSG00000174010,2
ENSG00000174013,2
ENSG00000174015,1
ENSG00000174021,2
ENSG00000174028,1
ENSG00000174032,2
ENSG00000174059,0
ENSG00000174080,2
ENSG00000174099,0
ENSG00000174106,2
ENSG00000174109,2
ENSG00000174123,1
ENSG00000174125,2
ENSG00000174130,2
ENSG00000174132,2
ENSG00000174136,2
ENSG00000174137,1
ENSG00000174151,2
ENSG00000174156,0
ENSG00000174165,2
ENSG00000174171,1
ENSG00000174173,2
ENSG00000174175,0
ENSG00000174177,2
ENSG00000174197,2
ENSG00000174206,2
ENSG00000174227,2
ENSG00000174231,2
ENSG00000174233,2
ENSG00000174238,2
ENSG00000174243,2
ENSG00000174276,2
ENSG00000174282,0
ENSG00000174292,2
ENSG00000174306,2
ENSG00000174307,2
ENSG00000174326,0
ENSG00000174327,2
ENSG00000174343,1
ENSG00000174348,2
ENSG00000174353,2
ENSG00000174365,2
ENSG00000174370,2
ENSG00000174371,1
ENSG00000174373,2
ENSG00000174405,2
ENSG00000174428,2
ENSG00000174437,2
ENSG00000174442,1
ENSG00000174444,2
ENSG00000174446,2
ENSG00000174456,2
ENSG00000174460,2
ENSG00000174469,1
ENSG00000174473,1
ENSG00000174483,2
ENSG00000174485,2
ENSG00000174500,2
ENSG00000174501,1
ENSG00000174502,2
ENSG00000174514,1
ENSG00000174516,2
ENSG00000174529,2
ENSG00000174547,2
ENSG00000174564,1
ENSG00000174567,2
ENSG00000174574,2
ENSG00000174579,2
ENSG00000174586,2
ENSG00000174599,2
ENSG00000174600,2
ENSG00000174606,2
ENSG00000174607,1
ENSG00000174611,2
ENSG00000174628,2
ENSG00000174640,0
ENSG00000174652,2
ENSG00000174669,2
ENSG00000174672,1
ENSG00000174684,2
ENSG00000174695,2
ENSG00000174705,2
ENSG00000174718,2
ENSG00000174720,2
ENSG00000174721,2
ENSG00000174738,2
ENSG00000174740,2
ENSG00000174744,2
ENSG00000174748,2
ENSG00000174749,0
ENSG00000174775,2
ENSG00000174776,2
ENSG00000174780,2
ENSG00000174788,2
ENSG00000174791,2
ENSG00000174796,2
ENSG00000174799,2
ENSG00000174804,0
ENSG00000174807,2
ENSG00000174808,2
ENSG00000174837,0
ENSG00000174839,2
ENSG00000174840,2
ENSG00000174842,2
ENSG00000174844,0
ENSG00000174851,2
ENSG00000174871,2
ENSG00000174885,2
ENSG00000174886,2
ENSG00000174891,2
ENSG00000174898,0
ENSG00000174899,2
ENSG00000174903,2
ENSG00000174912,2
ENSG00000174915,2
ENSG00000174917,2
ENSG00000174928,2
ENSG00000174938,1
ENSG00000174939,1
ENSG00000174943,2
ENSG00000174944,0
ENSG00000174945,2
ENSG00000174946,2
ENSG00000174950,2
ENSG00000174951,2
ENSG00000174953,2
ENSG00000174977,2
ENSG00000174989,2
ENSG00000174996,2
ENSG00000175029,2
ENSG00000175040,2
ENSG00000175048,2
ENSG00000175054,2
ENSG00000175061,2
ENSG00000175063,1
ENSG00000175066,2
ENSG00000175073,2
ENSG00000175084,0
ENSG00000175087,2
ENSG00000175093,2
ENSG00000175104,2
ENSG00000175105,2
ENSG00000175106,2
ENSG00000175110,2
ENSG00000175115,2
ENSG00000175130,1
ENSG00000175137,2
ENSG00000175147,1
ENSG00000175155,2
ENSG00000175161,2
ENSG00000175164,2
ENSG00000175166,2
ENSG00000175170,2
ENSG00000175175,2
ENSG00000175182,2
ENSG00000175183,2
ENSG00000175193,2
ENSG00000175197,2
ENSG00000175198,2
ENSG00000175203,2
ENSG00000175213,2
ENSG00000175215,2
ENSG00000175216,2
ENSG00000175220,2
ENSG00000175221,2
ENSG00000175224,2
ENSG00000175262,2
ENSG00000175264,2
ENSG00000175265,2
ENSG00000175267,0
ENSG00000175274,2
ENSG00000175279,2
ENSG00000175283,2
ENSG00000175287,2
ENSG00000175294,2
ENSG00000175305,1
ENSG00000175309,2
ENSG00000175311,1
ENSG00000175315,2
ENSG00000175318,0
ENSG00000175322,2
ENSG00000175324,2
ENSG00000175334,2
ENSG00000175348,2
ENSG00000175352,1
ENSG00000175354,2
ENSG00000175356,2
ENSG00000175376,2
ENSG00000175387,2
ENSG00000175390,2
ENSG00000175395,2
ENSG00000175414,2
ENSG00000175416,2
ENSG00000175426,1
ENSG00000175445,0
ENSG00000175449,2
ENSG00000175455,2
ENSG00000175463,2
ENSG00000175467,2
ENSG00000175470,2
ENSG00000175471,2
ENSG00000175482,2
ENSG00000175489,0
ENSG00000175497,1
ENSG00000175505,2
ENSG00000175518,2
ENSG00000175536,2
ENSG00000175538,2
ENSG00000175544,2
ENSG00000175548,2
ENSG00000175550,2
ENSG00000175556,2
ENSG00000175564,2
ENSG00000175567,2
ENSG00000175573,2
ENSG00000175575,2
ENSG00000175581,2
ENSG00000175582,2
ENSG00000175591,2
ENSG00000175592,2
ENSG00000175595,2
ENSG00000175600,1
ENSG00000175602,2
ENSG00000175606,2
ENSG00000175611,2
ENSG00000175634,2
ENSG00000175643,1
ENSG00000175662,0
ENSG00000175691,2
ENSG00000175697,2
ENSG00000175701,2
ENSG00000175707,2
ENSG00000175711,1
ENSG00000175727,2
ENSG00000175741,2
ENSG00000175745,2
ENSG00000175756,2
ENSG00000175764,2
ENSG00000175768,2
ENSG00000175772,1
ENSG00000175773,2
ENSG00000175782,2
ENSG00000175785,0
ENSG00000175787,2
ENSG00000175792,2
ENSG00000175793,2
ENSG00000175806,2
ENSG00000175826,2
ENSG00000175832,1
ENSG00000175841,1
ENSG00000175854,2
ENSG00000175857,2
ENSG00000175866,2
ENSG00000175874,1
ENSG00000175877,1
ENSG00000175879,2
ENSG00000175886,2
ENSG00000175893,2
ENSG00000175894,2
ENSG00000175895,2
ENSG00000175899,0
ENSG00000175906,2
ENSG00000175920,0
ENSG00000175928,1
ENSG00000175931,2
ENSG00000175938,2
ENSG00000175970,2
ENSG00000175984,0
ENSG00000175985,2
ENSG00000176014,0
ENSG00000176018,2
ENSG00000176022,2
ENSG00000176024,2
ENSG00000176029,0
ENSG00000176046,0
ENSG00000176049,2
ENSG00000176055,2
ENSG00000176058,2
ENSG00000176083,2
ENSG00000176087,2
ENSG00000176092,2
ENSG00000176095,2
ENSG00000176101,2
ENSG00000176102,2
ENSG00000176105,2
ENSG00000176108,2
ENSG00000176124,1
ENSG00000176125,2
ENSG00000176142,2
ENSG00000176148,2
ENSG00000176153,1
ENSG00000176155,2
ENSG00000176170,2
ENSG00000176171,1
ENSG00000176182,2
ENSG00000176208,1
ENSG00000176209,2
ENSG00000176222,2
ENSG00000176225,2
ENSG00000176244,2
ENSG00000176248,2
ENSG00000176261,2
ENSG00000176273,2
ENSG00000176293,2
ENSG00000176340,2
ENSG00000176358,1
ENSG00000176371,2
ENSG00000176381,2
ENSG00000176383,1
ENSG00000176386,2
ENSG00000176387,2
ENSG00000176390,2
ENSG00000176393,2
ENSG00000176396,2
ENSG00000176399,2
ENSG00000176401,2
ENSG00000176406,1
ENSG00000176407,2
ENSG00000176410,2
ENSG00000176422,2
ENSG00000176428,1
ENSG00000176435,0
ENSG00000176438,0
ENSG00000176444,1
ENSG00000176454,2
ENSG00000176463,2
ENSG00000176472,2
ENSG00000176473,2
ENSG00000176476,2
ENSG00000176485,2
ENSG00000176490,1
ENSG00000176531,2
ENSG00000176532,2
ENSG00000176533,0
ENSG00000176542,2
ENSG00000176563,2
ENSG00000176593,2
ENSG00000176595,2
ENSG00000176597,2
ENSG00000176601,0
ENSG00000176619,1
ENSG00000176623,2
ENSG00000176624,2
ENSG00000176641,2
ENSG00000176658,2
ENSG00000176659,1
ENSG00000176678,2
ENSG00000176681,2
ENSG00000176692,2
ENSG00000176697,0
ENSG00000176700,2
ENSG00000176714,2
ENSG00000176715,2
ENSG00000176720,2
ENSG00000176723,2
ENSG00000176728,2
ENSG00000176731,2
ENSG00000176732,1
ENSG00000176749,1
ENSG00000176753,2
ENSG00000176771,0
ENSG00000176783,2
ENSG00000176788,1
ENSG00000176809,2
ENSG00000176826,2
ENSG00000176834,2
ENSG00000176842,2
ENSG00000176845,2
ENSG00000176853,2
ENSG00000176871,2
ENSG00000176884,1
ENSG00000176887,1
ENSG00000176890,1
ENSG00000176894,2
ENSG00000176896,2
ENSG00000176903,2
ENSG00000176907,2
ENSG00000176909,2
ENSG00000176915,2
ENSG00000176919,1
ENSG00000176920,1
ENSG00000176928,0
ENSG00000176933,2
ENSG00000176945,1
ENSG00000176946,2
ENSG00000176953,2
ENSG00000176956,2
ENSG00000176971,0
ENSG00000176973,2
ENSG00000176974,2
ENSG00000176978,2
ENSG00000176986,2
ENSG00000176994,2
ENSG00000177000,2
ENSG00000177025,2
ENSG00000177030,2
ENSG00000177034,2
ENSG00000177042,2
ENSG00000177045,2
ENSG00000177051,2
ENSG00000177054,2
ENSG00000177058,2
ENSG00000177076,2
ENSG00000177082,2
ENSG00000177084,2
ENSG00000177096,2
ENSG00000177098,0
ENSG00000177103,2
ENSG00000177105,2
ENSG00000177106,2
ENSG00000177119,2
ENSG00000177125,2
ENSG00000177133,2
ENSG00000177150,2
ENSG00000177156,2
ENSG00000177169,2
ENSG00000177181,2
ENSG00000177189,2
ENSG00000177191,2
ENSG00000177192,1
ENSG00000177200,2
ENSG00000177202,1
ENSG00000177225,2
ENSG00000177238,1
ENSG00000177239,2
ENSG00000177272,2
ENSG00000177283,2
ENSG00000177301,2
ENSG00000177302,2
ENSG00000177303,0
ENSG00000177311,2
ENSG00000177335,1
ENSG00000177337,2
ENSG00000177352,2
ENSG00000177359,1
ENSG00000177363,0
ENSG00000177370,2
ENSG00000177374,2
ENSG00000177380,2
ENSG00000177383,2
ENSG00000177398,1
ENSG00000177406,0
ENSG00000177409,2
ENSG00000177410,2
ENSG00000177425,2
ENSG00000177426,2
ENSG00000177427,2
ENSG00000177432,2
ENSG00000177453,0
ENSG00000177455,1
ENSG00000177459,1
ENSG00000177463,2
ENSG00000177464,0
ENSG00000177465,2
ENSG00000177469,0
ENSG00000177479,2
ENSG00000177483,2
ENSG00000177485,2
ENSG00000177494,0
ENSG00000177508,2
ENSG00000177519,2
ENSG00000177542,2
ENSG00000177548,2
ENSG00000177551,2
ENSG00000177556,2
ENSG00000177565,2
ENSG00000177570,2
ENSG00000177575,0
ENSG00000177576,2
ENSG00000177595,2
ENSG00000177599,2
ENSG00000177600,2
ENSG00000177602,1
ENSG00000177606,0
ENSG00000177613,2
ENSG00000177614,2
ENSG00000177628,2
ENSG00000177640,2
ENSG00000177646,2
ENSG00000177663,2
ENSG00000177666,2
ENSG00000177674,2
ENSG00000177675,2
ENSG00000177679,1
ENSG00000177683,2
ENSG00000177685,1
ENSG00000177692,2
ENSG00000177694,1
ENSG00000177697,2
ENSG00000177699,2
ENSG00000177700,2
ENSG00000177706,2
ENSG00000177707,2
ENSG00000177721,2
ENSG00000177728,2
ENSG00000177731,2
ENSG00000177732,1
ENSG00000177733,2
ENSG00000177738,2
ENSG00000177788,1
ENSG00000177791,0
ENSG00000177807,1
ENSG00000177830,2
ENSG00000177839,2
ENSG00000177842,2
ENSG00000177853,2
ENSG00000177854,2
ENSG00000177868,2
ENSG00000177873,2
ENSG00000177875,2
ENSG00000177879,2
ENSG00000177885,2
ENSG00000177888,2
ENSG00000177889,2
ENSG00000177917,2
ENSG00000177932,2
ENSG00000177943,1
ENSG00000177946,2
ENSG00000177951,2
ENSG00000177954,2
ENSG00000177963,2
ENSG00000177971,2
ENSG00000177981,2
ENSG00000177989,2
ENSG00000177990,2
ENSG00000177994,0
ENSG00000178026,2
ENSG00000178028,2
ENSG00000178031,2
ENSG00000178033,2
ENSG00000178035,2
ENSG00000178038,2
ENSG00000178053,2
ENSG00000178057,2
ENSG00000178074,2
ENSG00000178075,2
ENSG00000178078,2
ENSG00000178093,2
ENSG00000178096,2
ENSG00000178104,2
ENSG00000178105,2
ENSG00000178125,0
ENSG00000178127,1
ENSG00000178146,2
ENSG00000178149,2
ENSG00000178150,1
ENSG00000178162,2
ENSG00000178163,2
ENSG00000178175,0
ENSG00000178177,2
ENSG00000178184,2
ENSG00000178187,2
ENSG00000178188,2
ENSG00000178199,2
ENSG00000178201,2
ENSG00000178202,2
ENSG00000178209,2
ENSG00000178222,1
ENSG00000178226,2
ENSG00000178229,2
ENSG00000178234,2
ENSG00000178252,2
ENSG00000178295,1
ENSG00000178297,1
ENSG00000178301,1
ENSG00000178307,2
ENSG00000178338,2
ENSG00000178342,1
ENSG00000178343,1
ENSG00000178381,2
ENSG00000178385,2
ENSG00000178386,2
ENSG00000178395,1
ENSG00000178397,2
ENSG00000178401,1
ENSG00000178409,2
ENSG00000178425,2
ENSG00000178429,2
ENSG00000178445,1
ENSG00000178449,2
ENSG00000178460,1
ENSG00000178462,1
ENSG00000178464,2
ENSG00000178467,2
ENSG00000178473,1
ENSG00000178498,2
ENSG00000178502,2
ENSG00000178531,2
ENSG00000178537,2
ENSG00000178538,2
ENSG00000178562,2
ENSG00000178567,2
ENSG00000178568,0
ENSG00000178573,2
ENSG00000178585,2
ENSG00000178597,2
ENSG00000178605,2
ENSG00000178607,2
ENSG00000178623,1
ENSG00000178662,2
ENSG00000178665,2
ENSG00000178685,2
ENSG00000178691,2
ENSG00000178694,2
ENSG00000178695,0
ENSG00000178700,2
ENSG00000178715,2
ENSG00000178718,2
ENSG00000178719,2
ENSG00000178726,0
ENSG00000178741,2
ENSG00000178750,2
ENSG00000178752,1
ENSG00000178761,2
ENSG00000178764,2
ENSG00000178773,1
ENSG00000178776,1
ENSG00000178789,2
ENSG00000178796,0
ENSG00000178802,2
ENSG00000178814,1
ENSG00000178821,1
ENSG00000178826,0
ENSG00000178828,1
ENSG00000178852,1
ENSG00000178860,2
ENSG00000178878,0
ENSG00000178882,1
ENSG00000178896,1
ENSG00000178904,2
ENSG00000178913,2
ENSG00000178917,2
ENSG00000178919,1
ENSG00000178921,2
ENSG00000178927,2
ENSG00000178934,1
ENSG00000178935,2
ENSG00000178947,2
ENSG00000178950,2
ENSG00000178951,2
ENSG00000178952,2
ENSG00000178965,0
ENSG00000178966,2
ENSG00000178971,2
ENSG00000178974,2
ENSG00000178977,2
ENSG00000178980,2
ENSG00000178982,2
ENSG00000178988,2
ENSG00000178996,2
ENSG00000178999,1
ENSG00000179010,2
ENSG00000179021,2
ENSG00000179023,2
ENSG00000179029,2
ENSG00000179031,1
ENSG00000179041,2
ENSG00000179044,0
ENSG00000179051,2
ENSG00000179057,2
ENSG00000179058,1
ENSG00000179059,1
ENSG00000179066,1
ENSG00000179071,0
ENSG00000179083,1
ENSG00000179085,2
ENSG00000179088,1
ENSG00000179091,2
ENSG00000179094,0
ENSG00000179097,2
ENSG00000179104,2
ENSG00000179115,2
ENSG00000179119,2
ENSG00000179133,0
ENSG00000179134,2
ENSG00000179144,0
ENSG00000179148,1
ENSG00000179151,2
ENSG00000179152,2
ENSG00000179163,2
ENSG00000179168,1
ENSG00000179178,2
ENSG00000179195,2
ENSG00000179218,2
ENSG00000179222,2
ENSG00000179240,1
ENSG00000179241,2
ENSG00000179242,2
ENSG00000179262,2
ENSG00000179270,0
ENSG00000179271,2
ENSG00000179277,2
ENSG00000179292,1
ENSG00000179295,2
ENSG00000179299,2
ENSG00000179314,2
ENSG00000179331,2
ENSG00000179335,2
ENSG00000179344,2
ENSG00000179348,0
ENSG00000179361,2
ENSG00000179362,1
ENSG00000179364,2
ENSG00000179387,2
ENSG00000179388,0
ENSG00000179397,2
ENSG00000179399,0
ENSG00000179403,2
ENSG00000179406,2
ENSG00000179409,2
ENSG00000179431,2
ENSG00000179454,2
ENSG00000179455,1
ENSG00000179456,2
ENSG00000179476,2
ENSG00000179477,2
ENSG00000179523,2
ENSG00000179526,2
ENSG00000179528,1
ENSG00000179532,2
ENSG00000179542,2
ENSG00000179546,1
ENSG00000179562,2
ENSG00000179583,2
ENSG00000179588,2
ENSG00000179593,2
ENSG00000179598,2
ENSG00000179603,2
ENSG00000179604,2
ENSG00000179611,2
ENSG00000179627,2
ENSG00000179630,2
ENSG00000179632,2
ENSG00000179639,2
ENSG00000179674,1
ENSG00000179698,1
ENSG00000179715,2
ENSG00000179743,2
ENSG00000179750,1
ENSG00000179761,2
ENSG00000179766,0
ENSG00000179772,2
ENSG00000179776,0
ENSG00000179799,1
ENSG00000179813,0
ENSG00000179818,2
ENSG00000179820,0
ENSG00000179832,2
ENSG00000179833,2
ENSG00000179841,2
ENSG00000179846,1
ENSG00000179855,0
ENSG00000179859,2
ENSG00000179862,2
ENSG00000179869,2
ENSG00000179886,2
ENSG00000179889,2
ENSG00000179899,2
ENSG00000179902,0
ENSG00000179909,2
ENSG00000179912,2
ENSG00000179913,1
ENSG00000179914,0
ENSG00000179918,2
ENSG00000179921,0
ENSG00000179922,2
ENSG00000179933,2
ENSG00000179934,1
ENSG00000179941,2
ENSG00000179943,2
ENSG00000179950,2
ENSG00000179954,2
ENSG00000179958,2
ENSG00000179965,2
ENSG00000179967,1
ENSG00000179981,2
ENSG00000179988,2
ENSG00000180008,2
ENSG00000180011,2
ENSG00000180035,2
ENSG00000180044,2
ENSG00000180061,0
ENSG00000180066,1
ENSG00000180071,1
ENSG00000180089,2
ENSG00000180096,2
ENSG00000180098,2
ENSG00000180104,2
ENSG00000180113,2
ENSG00000180139,2
ENSG00000180155,2
ENSG00000180182,2
ENSG00000180185,2
ENSG00000180190,2
ENSG00000180198,1
ENSG00000180211,2
ENSG00000180228,2
ENSG00000180229,0
ENSG00000180233,2
ENSG00000180257,2
ENSG00000180263,2
ENSG00000180287,1
ENSG00000180304,2
ENSG00000180318,1
ENSG00000180329,2
ENSG00000180336,1
ENSG00000180340,2
ENSG00000180346,2
ENSG00000180347,1
ENSG00000180353,2
ENSG00000180354,0
ENSG00000180357,2
ENSG00000180370,2
ENSG00000180376,2
ENSG00000180385,1
ENSG00000180398,2
ENSG00000180423,2
ENSG00000180425,2
ENSG00000180432,1
ENSG00000180440,0
ENSG00000180447,2
ENSG00000180448,2
ENSG00000180458,1
ENSG00000180479,2
ENSG00000180481,0
ENSG00000180488,2
ENSG00000180509,0
ENSG00000180525,1
ENSG00000180530,2
ENSG00000180532,1
ENSG00000180535,1
ENSG00000180537,0
ENSG00000180539,2
ENSG00000180543,2
ENSG00000180549,2
ENSG00000180573,1
ENSG00000180574,2
ENSG00000180592,2
ENSG00000180596,1
ENSG00000180611,2
ENSG00000180616,2
ENSG00000180626,2
ENSG00000180628,2
ENSG00000180638,2
ENSG00000180644,0
ENSG00000180667,2
ENSG00000180694,2
ENSG00000180730,2
ENSG00000180739,0
ENSG00000180747,1
ENSG00000180758,2
ENSG00000180764,2
ENSG00000180767,2
ENSG00000180769,2
ENSG00000180772,0
ENSG00000180773,2
ENSG00000180776,2
ENSG00000180785,1
ENSG00000180787,2
ENSG00000180801,2
ENSG00000180806,1
ENSG00000180815,0
ENSG00000180817,2
ENSG00000180818,1
ENSG00000180822,2
ENSG00000180828,2
ENSG00000180855,2
ENSG00000180861,1
ENSG00000180867,2
ENSG00000180871,0
ENSG00000180875,2
ENSG00000180879,1
ENSG00000180881,2
ENSG00000180884,2
ENSG00000180891,2
ENSG00000180900,1
ENSG00000180901,2
ENSG00000180902,2
ENSG00000180914,2
ENSG00000180917,2
ENSG00000180921,1
ENSG00000180938,1
ENSG00000180953,1
ENSG00000180957,2
ENSG00000180964,2
ENSG00000180979,2
ENSG00000180992,2
ENSG00000180998,2
ENSG00000181004,2
ENSG00000181007,2
ENSG00000181019,1
ENSG00000181026,2
ENSG00000181027,2
ENSG00000181031,2
ENSG00000181035,2
ENSG00000181036,2
ENSG00000181038,2
ENSG00000181045,2
ENSG00000181061,2
ENSG00000181085,2
ENSG00000181090,2
ENSG00000181097,2
ENSG00000181104,2
ENSG00000181123,0
ENSG00000181126,0
ENSG00000181135,2
ENSG00000181143,1
ENSG00000181163,2
ENSG00000181191,2
ENSG00000181192,1
ENSG00000181195,2
ENSG00000181215,1
ENSG00000181218,1
ENSG00000181220,2
ENSG00000181222,2
ENSG00000181234,0
ENSG00000181264,2
ENSG00000181274,2
ENSG00000181284,2
ENSG00000181291,1
ENSG00000181315,1
ENSG00000181322,0
ENSG00000181333,1
ENSG00000181350,2
ENSG00000181374,2
ENSG00000181378,0
ENSG00000181381,2
ENSG00000181392,2
ENSG00000181396,2
ENSG00000181404,2
ENSG00000181409,0
ENSG00000181418,1
ENSG00000181444,2
ENSG00000181449,1
ENSG00000181450,2
ENSG00000181458,2
ENSG00000181467,2
ENSG00000181472,2
ENSG00000181481,2
ENSG00000181513,2
ENSG00000181523,2
ENSG00000181524,2
ENSG00000181544,1
ENSG00000181555,2
ENSG00000181577,2
ENSG00000181585,0
ENSG00000181588,2
ENSG00000181610,2
ENSG00000181617,1
ENSG00000181619,2
ENSG00000181631,2
ENSG00000181634,2
ENSG00000181638,2
ENSG00000181649,1
ENSG00000181652,1
ENSG00000181656,1
ENSG00000181666,2
ENSG00000181690,2
ENSG00000181704,2
ENSG00000181722,2
ENSG00000181744,2
ENSG00000181751,2
ENSG00000181754,0
ENSG00000181773,2
ENSG00000181788,2
ENSG00000181789,2
ENSG00000181790,1
ENSG00000181800,2
ENSG00000181804,2
ENSG00000181817,2
ENSG00000181826,2
ENSG00000181827,2
ENSG00000181830,2
ENSG00000181847,1
ENSG00000181852,2
ENSG00000181856,2
ENSG00000181873,2
ENSG00000181885,2
ENSG00000181894,2
ENSG00000181896,2
ENSG00000181904,2
ENSG00000181915,2
ENSG00000181924,2
ENSG00000181929,2
ENSG00000181938,2
ENSG00000181982,2
ENSG00000181991,2
ENSG00000182004,1
ENSG00000182010,0
ENSG00000182013,2
ENSG00000182022,1
ENSG00000182040,1
ENSG00000182054,1
ENSG00000182057,1
ENSG00000182087,2
ENSG00000182093,2
ENSG00000182095,2
ENSG00000182107,2
ENSG00000182108,2
ENSG00000182117,2
ENSG00000182118,2
ENSG00000182134,1
ENSG00000182141,2
ENSG00000182149,2
ENSG00000182150,2
ENSG00000182154,2
ENSG00000182158,2
ENSG00000182162,2
ENSG00000182165,2
ENSG00000182168,2
ENSG00000182173,2
ENSG00000182175,2
ENSG00000182179,2
ENSG00000182180,2
ENSG00000182183,2
ENSG00000182185,2
ENSG00000182195,2
ENSG00000182197,2
ENSG00000182199,1
ENSG00000182208,2
ENSG00000182218,2
ENSG00000182220,2
ENSG00000182240,1
ENSG00000182247,2
ENSG00000182253,0
ENSG00000182255,0
ENSG00000182256,1
ENSG00000182263,2
ENSG00000182272,1
ENSG00000182287,2
ENSG00000182307,2
ENSG00000182308,2
ENSG00000182310,2
ENSG00000182318,2
ENSG00000182324,2
ENSG00000182325,1
ENSG00000182326,2
ENSG00000182327,1
ENSG00000182329,0
ENSG00000182359,2
ENSG00000182362,2
ENSG00000182372,2
ENSG00000182378,2
ENSG00000182379,1
ENSG00000182389,0
ENSG00000182400,2
ENSG00000182405,2
ENSG00000182446,2
ENSG00000182463,2
ENSG00000182472,1
ENSG00000182473,2
ENSG00000182481,1
ENSG00000182484,2
ENSG00000182487,0
ENSG00000182489,1
ENSG00000182492,2
ENSG00000182504,2
ENSG00000182511,2
ENSG00000182512,2
ENSG00000182518,2
ENSG00000182534,2
ENSG00000182541,2
ENSG00000182544,2
ENSG00000182551,2
ENSG00000182552,2
ENSG00000182557,2
ENSG00000182568,2
ENSG00000182575,0
ENSG00000182578,2
ENSG00000182580,1
ENSG00000182585,0
ENSG00000182600,1
ENSG00000182606,2
ENSG00000182612,2
ENSG00000182621,2
ENSG00000182628,2
ENSG00000182636,0
ENSG00000182648,2
ENSG00000182667,0
ENSG00000182670,2
ENSG00000182685,2
ENSG00000182700,2
ENSG00000182704,1
ENSG00000182718,2
ENSG00000182732,2
ENSG00000182742,2
ENSG00000182749,2
ENSG00000182752,1
ENSG00000182768,2
ENSG00000182771,0
ENSG00000182774,1
ENSG00000182782,0
ENSG00000182791,1
ENSG00000182795,2
ENSG00000182796,2
ENSG00000182809,2
ENSG00000182810,2
ENSG00000182827,2
ENSG00000182831,2
ENSG00000182836,0
ENSG00000182841,1
ENSG00000182853,2
ENSG00000182858,2
ENSG00000182866,2
ENSG00000182871,2
ENSG00000182872,2
ENSG00000182873,2
ENSG00000182885,2
ENSG00000182890,2
ENSG00000182899,2
ENSG00000182901,1
ENSG00000182902,2
ENSG00000182903,2
ENSG00000182912,2
ENSG00000182916,0
ENSG00000182919,2
ENSG00000182923,2
ENSG00000182931,1
ENSG00000182934,2
ENSG00000182944,2
ENSG00000182950,0
ENSG00000182952,2
ENSG00000182957,2
ENSG00000182963,2
ENSG00000182973,2
ENSG00000182979,2
ENSG00000182983,2
ENSG00000182985,0
ENSG00000182986,2
ENSG00000182993,2
ENSG00000183010,1
ENSG00000183011,2
ENSG00000183018,2
ENSG00000183019,0
ENSG00000183020,2
ENSG00000183023,2
ENSG00000183032,1
ENSG00000183036,1
ENSG00000183044,2
ENSG00000183048,1
ENSG00000183049,2
ENSG00000183060,2
ENSG00000183066,2
ENSG00000183077,2
ENSG00000183087,0
ENSG00000183090,0
ENSG00000183091,1
ENSG00000183092,2
ENSG00000183098,2
ENSG00000183111,0
ENSG00000183117,2
ENSG00000183134,0
ENSG00000183137,2
ENSG00000183145,1
ENSG00000183150,1
ENSG00000183153,2
ENSG00000183155,2
ENSG00000183160,2
ENSG00000183161,2
ENSG00000183172,2
ENSG00000183186,2
ENSG00000183196,1
ENSG00000183199,2
ENSG00000183207,2
ENSG00000183208,2
ENSG00000183248,1
ENSG00000183250,1
ENSG00000183255,2
ENSG00000183258,2
ENSG00000183273,0
ENSG00000183283,2
ENSG00000183287,0
ENSG00000183291,2
ENSG00000183307,2
ENSG00000183309,2
ENSG00000183317,1
ENSG00000183323,2
ENSG00000183337,2
ENSG00000183340,2
ENSG00000183346,0
ENSG00000183347,2
ENSG00000183354,2
ENSG00000183378,0
ENSG00000183379,0
ENSG00000183386,2
ENSG00000183397,2
ENSG00000183401,2
ENSG00000183421,2
ENSG00000183426,2
ENSG00000183431,2
ENSG00000183439,2
ENSG00000183454,1
ENSG00000183458,2
ENSG00000183474,2
ENSG00000183475,2
ENSG00000183479,1
ENSG00000183484,2
ENSG00000183486,1
ENSG00000183495,2
ENSG00000183496,1
ENSG00000183506,2
ENSG00000183508,2
ENSG00000183513,2
ENSG00000183520,2
ENSG00000183527,2
ENSG00000183530,2
ENSG00000183549,0
ENSG00000183569,2
ENSG00000183570,2
ENSG00000183576,2
ENSG00000183578,0
ENSG00000183579,2
ENSG00000183580,0
ENSG00000183597,2
ENSG00000183604,2
ENSG00000183605,1
ENSG00000183607,0
ENSG00000183615,0
ENSG00000183617,2
ENSG00000183621,2
ENSG00000183624,2
ENSG00000183625,1
ENSG00000183628,1
ENSG00000183644,0
ENSG00000183647,2
ENSG00000183648,2
ENSG00000183655,2
ENSG00000183665,2
ENSG00000183666,2
ENSG00000183671,1
ENSG00000183682,1
ENSG00000183684,2
ENSG00000183688,0
ENSG00000183690,2
ENSG00000183691,2
ENSG00000183696,2
ENSG00000183718,2
ENSG00000183722,0
ENSG00000183723,2
ENSG00000183726,2
ENSG00000183734,1
ENSG00000183735,2
ENSG00000183741,2
ENSG00000183742,2
ENSG00000183751,2
ENSG00000183762,2
ENSG00000183763,1
ENSG00000183765,1
ENSG00000183773,2
ENSG00000183775,0
ENSG00000183778,1
ENSG00000183779,2
ENSG00000183780,1
ENSG00000183784,2
ENSG00000183793,2
ENSG00000183801,0
ENSG00000183807,0
ENSG00000183808,2
ENSG00000183813,2
ENSG00000183814,2
ENSG00000183826,2
ENSG00000183828,2
ENSG00000183831,2
ENSG00000183833,0
ENSG00000183837,1
ENSG00000183840,2
ENSG00000183844,2
ENSG00000183850,1
ENSG00000183853,2
ENSG00000183856,1
ENSG00000183864,2
ENSG00000183873,1
ENSG00000183876,2
ENSG00000183878,2
ENSG00000183891,2
ENSG00000183908,2
ENSG00000183914,2
ENSG00000183918,2
ENSG00000183935,2
ENSG00000183943,2
ENSG00000183955,2
ENSG00000183960,1
ENSG00000183963,2
ENSG00000183971,1
ENSG00000183978,2
ENSG00000184005,0
ENSG00000184007,2
ENSG00000184009,2
ENSG00000184012,2
ENSG00000184014,2
ENSG00000184047,1
ENSG00000184056,2
ENSG00000184058,2
ENSG00000184060,2
ENSG00000184076,2
ENSG00000184083,2
ENSG00000184106,2
ENSG00000184110,2
ENSG00000184113,0
ENSG00000184117,1
ENSG00000184154,2
ENSG00000184156,1
ENSG00000184160,2
ENSG00000184162,2
ENSG00000184163,1
ENSG00000184164,1
ENSG00000184178,2
ENSG00000184182,2
ENSG00000184185,2
ENSG00000184194,2
ENSG00000184203,2
ENSG00000184205,2
ENSG00000184207,2
ENSG00000184208,2
ENSG00000184209,2
ENSG00000184216,1
ENSG00000184220,2
ENSG00000184221,2
ENSG00000184226,0
ENSG00000184227,2
ENSG00000184232,2
ENSG00000184254,2
ENSG00000184260,1
ENSG00000184261,1
ENSG00000184271,2
ENSG00000184277,2
ENSG00000184281,2
ENSG00000184292,2
ENSG00000184293,2
ENSG00000184304,2
ENSG00000184305,1
ENSG00000184307,2
ENSG00000184319,2
ENSG00000184343,1
ENSG00000184347,0
ENSG00000184349,1
ENSG00000184350,2
ENSG00000184361,2
ENSG00000184363,1
ENSG00000184368,1
ENSG00000184371,2
ENSG00000184374,0
ENSG00000184378,2
ENSG00000184381,2
ENSG00000184384,2
ENSG00000184385,0
ENSG00000184402,2
ENSG00000184408,1
ENSG00000184428,2
ENSG00000184432,2
ENSG00000184436,2
ENSG00000184441,2
ENSG00000184445,1
ENSG00000184451,2
ENSG00000184454,2
ENSG00000184465,2
ENSG00000184470,2
ENSG00000184481,2
ENSG00000184486,1
ENSG00000184489,2
ENSG00000184497,0
ENSG00000184500,0
ENSG00000184508,2
ENSG00000184515,0
ENSG00000184517,2
ENSG00000184545,0
ENSG00000184557,0
ENSG00000184564,2
ENSG00000184574,2
ENSG00000184575,2
ENSG00000184584,2
ENSG00000184588,2
ENSG00000184602,2
ENSG00000184613,0
ENSG00000184619,2
ENSG00000184634,2
ENSG00000184635,1
ENSG00000184640,2
ENSG00000184661,1
ENSG00000184669,1
ENSG00000184675,2
ENSG00000184677,2
ENSG00000184678,1
ENSG00000184697,1
ENSG00000184708,2
ENSG00000184719,2
ENSG00000184730,0
ENSG00000184731,2
ENSG00000184743,2
ENSG00000184752,2
ENSG00000184785,2
ENSG00000184786,1
ENSG00000184787,2
ENSG00000184792,2
ENSG00000184828,2
ENSG00000184831,2
ENSG00000184838,2
ENSG00000184840,2
ENSG00000184845,2
ENSG00000184857,2
ENSG00000184860,2
ENSG00000184863,2
ENSG00000184867,2
ENSG00000184887,2
ENSG00000184897,2
ENSG00000184898,2
ENSG00000184900,2
ENSG00000184903,2
ENSG00000184905,0
ENSG00000184908,2
ENSG00000184916,2
ENSG00000184922,2
ENSG00000184924,2
ENSG00000184925,1
ENSG00000184937,2
ENSG00000184939,2
ENSG00000184949,1
ENSG00000184956,1
ENSG00000184967,2
ENSG00000184979,2
ENSG00000184983,2
ENSG00000184985,2
ENSG00000184986,2
ENSG00000184988,2
ENSG00000184990,2
ENSG00000184992,1
ENSG00000185000,2
ENSG00000185008,0
ENSG00000185009,2
ENSG00000185010,0
ENSG00000185015,2
ENSG00000185019,2
ENSG00000185022,0
ENSG00000185024,2
ENSG00000185033,1
ENSG00000185038,1
ENSG00000185043,2
ENSG00000185046,2
ENSG00000185049,2
ENSG00000185052,2
ENSG00000185055,2
ENSG00000185065,2
ENSG00000185070,2
ENSG00000185085,2
ENSG00000185088,2
ENSG00000185090,1
ENSG00000185100,1
ENSG00000185101,1
ENSG00000185104,2
ENSG00000185112,0
ENSG00000185115,2
ENSG00000185122,2
ENSG00000185127,2
ENSG00000185129,2
ENSG00000185133,2
ENSG00000185155,1
ENSG00000185156,1
ENSG00000185158,2
ENSG00000185163,2
ENSG00000185164,2
ENSG00000185168,1
ENSG00000185187,2
ENSG00000185189,2
ENSG00000185201,2
ENSG00000185215,2
ENSG00000185219,2
ENSG00000185220,2
ENSG00000185222,2
ENSG00000185236,2
ENSG00000185238,2
ENSG00000185245,2
ENSG00000185246,2
ENSG00000185250,0
ENSG00000185252,2
ENSG00000185261,2
ENSG00000185262,2
ENSG00000185267,2
ENSG00000185269,2
ENSG00000185272,2
ENSG00000185274,2
ENSG00000185278,2
ENSG00000185290,2
ENSG00000185291,0
ENSG00000185298,1
ENSG00000185303,0
ENSG00000185305,2
ENSG00000185306,1
ENSG00000185324,2
ENSG00000185332,1
ENSG00000185338,2
ENSG00000185339,2
ENSG00000185340,2
ENSG00000185344,2
ENSG00000185345,2
ENSG00000185347,2
ENSG00000185352,1
ENSG00000185359,2
ENSG00000185361,2
ENSG00000185379,2
ENSG00000185386,2
ENSG00000185404,2
ENSG00000185414,2
ENSG00000185418,2
ENSG00000185420,2
ENSG00000185432,0
ENSG00000185436,2
ENSG00000185442,2
ENSG00000185453,2
ENSG00000185467,1
ENSG00000185475,2
ENSG00000185477,2
ENSG00000185479,1
ENSG00000185480,1
ENSG00000185482,0
ENSG00000185483,0
ENSG00000185485,2
ENSG00000185495,2
ENSG00000185499,2
ENSG00000185504,2
ENSG00000185507,1
ENSG00000185513,2
ENSG00000185515,2
ENSG00000185518,2
ENSG00000185522,2
ENSG00000185527,2
ENSG00000185532,0
ENSG00000185551,2
ENSG00000185559,1
ENSG00000185561,0
ENSG00000185565,0
ENSG00000185567,1
ENSG00000185585,0
ENSG00000185591,2
ENSG00000185596,2
ENSG00000185608,2
ENSG00000185614,0
ENSG00000185615,1
ENSG00000185619,2
ENSG00000185621,2
ENSG00000185624,1
ENSG00000185627,2
ENSG00000185630,2
ENSG00000185633,2
ENSG00000185634,2
ENSG00000185641,2
ENSG00000185650,2
ENSG00000185651,2
ENSG00000185652,2
ENSG00000185658,2
ENSG00000185664,1
ENSG00000185666,2
ENSG00000185669,2
ENSG00000185670,2
ENSG00000185681,0
ENSG00000185684,2
ENSG00000185686,1
ENSG00000185697,1
ENSG00000185716,2
ENSG00000185721,2
ENSG00000185722,2
ENSG00000185728,2
ENSG00000185730,2
ENSG00000185736,0
ENSG00000185737,0
ENSG00000185739,0
ENSG00000185745,2
ENSG00000185753,2
ENSG00000185760,1
ENSG00000185761,1
ENSG00000185787,2
ENSG00000185798,2
ENSG00000185800,2
ENSG00000185803,1
ENSG00000185808,2
ENSG00000185811,2
ENSG00000185813,2
ENSG00000185818,1
ENSG00000185825,2
ENSG00000185829,2
ENSG00000185834,2
ENSG00000185838,2
ENSG00000185842,1
ENSG00000185860,2
ENSG00000185862,0
ENSG00000185864,2
ENSG00000185869,2
ENSG00000185875,2
ENSG00000185880,2
ENSG00000185885,1
ENSG00000185896,2
ENSG00000185900,1
ENSG00000185904,2
ENSG00000185905,0
ENSG00000185909,2
ENSG00000185917,2
ENSG00000185920,2
ENSG00000185924,0
ENSG00000185942,1
ENSG00000185946,2
ENSG00000185947,2
ENSG00000185950,2
ENSG00000185958,1
ENSG00000185963,2
ENSG00000185973,2
ENSG00000185974,1
ENSG00000185985,0
ENSG00000185986,1
ENSG00000185989,2
ENSG00000186001,2
ENSG00000186007,1
ENSG00000186010,1
ENSG00000186017,2
ENSG00000186020,2
ENSG00000186026,2
ENSG00000186047,2
ENSG00000186056,2
ENSG00000186063,2
ENSG00000186073,2
ENSG00000186074,0
ENSG00000186081,2
ENSG00000186088,2
ENSG00000186094,2
ENSG00000186104,2
ENSG00000186106,2
ENSG00000186111,2
ENSG00000186130,2
ENSG00000186132,2
ENSG00000186141,2
ENSG00000186153,2
ENSG00000186160,2
ENSG00000186162,2
ENSG00000186166,2
ENSG00000186174,2
ENSG00000186184,2
ENSG00000186185,1
ENSG00000186187,2
ENSG00000186188,0
ENSG00000186191,1
ENSG00000186193,1
ENSG00000186197,1
ENSG00000186198,0
ENSG00000186204,2
ENSG00000186205,2
ENSG00000186212,1
ENSG00000186222,2
ENSG00000186230,2
ENSG00000186231,0
ENSG00000186235,2
ENSG00000186260,2
ENSG00000186265,2
ENSG00000186272,2
ENSG00000186280,2
ENSG00000186281,1
ENSG00000186283,2
ENSG00000186298,2
ENSG00000186300,2
ENSG00000186301,1
ENSG00000186310,2
ENSG00000186312,2
ENSG00000186314,2
ENSG00000186318,2
ENSG00000186326,0
ENSG00000186329,0
ENSG00000186340,1
ENSG00000186350,2
ENSG00000186352,2
ENSG00000186364,2
ENSG00000186376,2
ENSG00000186377,2
ENSG00000186395,2
ENSG00000186407,0
ENSG00000186409,2
ENSG00000186416,2
ENSG00000186417,0
ENSG00000186431,0
ENSG00000186432,2
ENSG00000186446,2
ENSG00000186448,2
ENSG00000186451,2
ENSG00000186462,2
ENSG00000186468,2
ENSG00000186469,2
ENSG00000186470,2
ENSG00000186471,0
ENSG00000186472,2
ENSG00000186474,1
ENSG00000186479,2
ENSG00000186480,0
ENSG00000186481,1
ENSG00000186493,0
ENSG00000186496,2
ENSG00000186501,2
ENSG00000186510,1
ENSG00000186517,0
ENSG00000186522,2
ENSG00000186523,2
ENSG00000186529,1
ENSG00000186532,2
ENSG00000186564,1
ENSG00000186566,2
ENSG00000186567,2
ENSG00000186575,2
ENSG00000186577,2
ENSG00000186591,2
ENSG00000186594,0
ENSG00000186603,1
ENSG00000186615,2
ENSG00000186625,2
ENSG00000186635,2
ENSG00000186638,2
ENSG00000186642,0
ENSG00000186648,1
ENSG00000186654,2
ENSG00000186660,2
ENSG00000186665,2
ENSG00000186666,2
ENSG00000186676,2
ENSG00000186684,1
ENSG00000186687,2
ENSG00000186710,0
ENSG00000186715,1
ENSG00000186716,2
ENSG00000186765,1
ENSG00000186767,2
ENSG00000186777,1
ENSG00000186787,2
ENSG00000186792,2
ENSG00000186806,1
ENSG00000186810,2
ENSG00000186812,2
ENSG00000186814,2
ENSG00000186815,2
ENSG00000186818,2
ENSG00000186827,2
ENSG00000186832,1
ENSG00000186834,2
ENSG00000186847,1
ENSG00000186854,2
ENSG00000186862,2
ENSG00000186866,2
ENSG00000186868,2
ENSG00000186871,1
ENSG00000186889,2
ENSG00000186891,1
ENSG00000186907,1
ENSG00000186908,2
ENSG00000186918,2
ENSG00000186940,2
ENSG00000186951,2
ENSG00000186952,0
ENSG00000186973,0
ENSG00000186976,2
ENSG00000186994,0
ENSG00000186998,2
ENSG00000187010,2
ENSG00000187013,2
ENSG00000187017,1
ENSG00000187037,2
ENSG00000187045,1
ENSG00000187049,2
ENSG00000187051,2
ENSG00000187068,2
ENSG00000187079,2
ENSG00000187091,2
ENSG00000187097,2
ENSG00000187098,0
ENSG00000187105,2
ENSG00000187109,2
ENSG00000187116,0
ENSG00000187118,2
ENSG00000187122,2
ENSG00000187123,2
ENSG00000187134,1
ENSG00000187147,2
ENSG00000187164,2
ENSG00000187185,2
ENSG00000187187,2
ENSG00000187189,2
ENSG00000187193,0
ENSG00000187210,2
ENSG00000187231,2
ENSG00000187239,2
ENSG00000187240,2
ENSG00000187244,2
ENSG00000187257,2
ENSG00000187260,1
ENSG00000187266,2
ENSG00000187323,0
ENSG00000187325,2
ENSG00000187372,2
ENSG00000187391,2
ENSG00000187398,2
ENSG00000187416,0
ENSG00000187446,2
ENSG00000187474,2
ENSG00000187479,0
ENSG00000187486,2
ENSG00000187492,0
ENSG00000187498,2
ENSG00000187510,2
ENSG00000187513,0
ENSG00000187514,2
ENSG00000187522,2
ENSG00000187527,2
ENSG00000187531,2
ENSG00000187534,2
ENSG00000187535,2
ENSG00000187546,1
ENSG00000187554,2
ENSG00000187555,2
ENSG00000187566,2
ENSG00000187583,1
ENSG00000187595,2
ENSG00000187601,2
ENSG00000187605,2
ENSG00000187607,2
ENSG00000187608,1
ENSG00000187609,2
ENSG00000187624,2
ENSG00000187626,2
ENSG00000187630,2
ENSG00000187634,2
ENSG00000187650,2
ENSG00000187653,2
ENSG00000187672,2
ENSG00000187676,2
ENSG00000187678,0
ENSG00000187688,0
ENSG00000187699,2
ENSG00000187713,2
ENSG00000187715,1
ENSG00000187720,0
ENSG00000187726,1
ENSG00000187730,1
ENSG00000187735,2
ENSG00000187736,2
ENSG00000187741,1
ENSG00000187742,2
ENSG00000187764,2
ENSG00000187772,1
ENSG00000187775,2
ENSG00000187778,2
ENSG00000187783,1
ENSG00000187790,2
ENSG00000187792,2
ENSG00000187796,2
ENSG00000187800,0
ENSG00000187801,1
ENSG00000187808,2
ENSG00000187815,2
ENSG00000187824,0
ENSG00000187837,1
ENSG00000187840,1
ENSG00000187860,2
ENSG00000187862,1
ENSG00000187866,2
ENSG00000187867,2
ENSG00000187889,0
ENSG00000187905,2
ENSG00000187908,0
ENSG00000187912,1
ENSG00000187942,0
ENSG00000187950,0
ENSG00000187951,1
ENSG00000187953,2
ENSG00000187954,2
ENSG00000187955,2
ENSG00000187957,2
ENSG00000187961,1
ENSG00000187980,1
ENSG00000187984,2
ENSG00000187987,2
ENSG00000187994,2
ENSG00000188001,0
ENSG00000188002,1
ENSG00000188010,2
ENSG00000188013,2
ENSG00000188015,0
ENSG00000188021,2
ENSG00000188026,2
ENSG00000188033,2
ENSG00000188039,2
ENSG00000188042,2
ENSG00000188060,2
ENSG00000188064,2
ENSG00000188070,2
ENSG00000188089,2
ENSG00000188092,2
ENSG00000188095,1
ENSG00000188101,1
ENSG00000188107,1
ENSG00000188112,2
ENSG00000188130,2
ENSG00000188133,1
ENSG00000188153,2
ENSG00000188157,2
ENSG00000188158,1
ENSG00000188167,2
ENSG00000188171,2
ENSG00000188175,1
ENSG00000188176,0
ENSG00000188177,2
ENSG00000188185,1
ENSG00000188186,2
ENSG00000188191,2
ENSG00000188211,2
ENSG00000188215,2
ENSG00000188227,1
ENSG00000188229,2
ENSG00000188234,2
ENSG00000188243,2
ENSG00000188257,0
ENSG00000188263,1
ENSG00000188266,2
ENSG00000188277,2
ENSG00000188282,1
ENSG00000188283,2
ENSG00000188290,2
ENSG00000188295,2
ENSG00000188305,0
ENSG00000188306,1
ENSG00000188312,2
ENSG00000188313,2
ENSG00000188315,2
ENSG00000188316,0
ENSG00000188321,2
ENSG00000188322,1
ENSG00000188338,1
ENSG00000188342,2
ENSG00000188343,2
ENSG00000188352,2
ENSG00000188368,1
ENSG00000188372,1
ENSG00000188385,1
ENSG00000188389,2
ENSG00000188396,0
ENSG00000188403,1
ENSG00000188404,2
ENSG00000188419,2
ENSG00000188428,2
ENSG00000188452,2
ENSG00000188483,1
ENSG00000188486,1
ENSG00000188487,0
ENSG00000188488,1
ENSG00000188493,2
ENSG00000188505,1
ENSG00000188511,0
ENSG00000188517,1
ENSG00000188522,2
ENSG00000188523,0
ENSG00000188529,2
ENSG00000188536,0
ENSG00000188542,2
ENSG00000188549,2
ENSG00000188554,2
ENSG00000188559,2
ENSG00000188566,2
ENSG00000188580,1
ENSG00000188596,2
ENSG00000188599,2
ENSG00000188603,2
ENSG00000188610,1
ENSG00000188611,1
ENSG00000188612,2
ENSG00000188613,1
ENSG00000188636,2
ENSG00000188641,2
ENSG00000188643,1
ENSG00000188647,2
ENSG00000188649,2
ENSG00000188659,0
ENSG00000188672,1
ENSG00000188676,2
ENSG00000188677,2
ENSG00000188681,2
ENSG00000188687,2
ENSG00000188690,2
ENSG00000188706,1
ENSG00000188707,2
ENSG00000188725,2
ENSG00000188732,2
ENSG00000188735,2
ENSG00000188738,1
ENSG00000188739,2
ENSG00000188747,1
ENSG00000188760,2
ENSG00000188761,1
ENSG00000188763,1
ENSG00000188766,1
ENSG00000188783,0
ENSG00000188785,2
ENSG00000188786,2
ENSG00000188803,2
ENSG00000188807,2
ENSG00000188811,2
ENSG00000188817,0
ENSG00000188818,2
ENSG00000188820,2
ENSG00000188822,1
ENSG00000188825,2
ENSG00000188827,2
ENSG00000188833,1
ENSG00000188846,2
ENSG00000188848,2
ENSG00000188859,2
ENSG00000188868,2
ENSG00000188878,2
ENSG00000188883,0
ENSG00000188895,2
ENSG00000188897,2
ENSG00000188906,0
ENSG00000188910,1
ENSG00000188916,1
ENSG00000188917,2
ENSG00000188921,0
ENSG00000188931,2
ENSG00000188933,2
ENSG00000188938,2
ENSG00000188959,2
ENSG00000188976,2
ENSG00000188981,2
ENSG00000188986,2
ENSG00000188993,1
ENSG00000188994,2
ENSG00000188997,2
ENSG00000189001,1
ENSG00000189007,2
ENSG00000189013,1
ENSG00000189042,2
ENSG00000189043,2
ENSG00000189045,2
ENSG00000189046,2
ENSG00000189050,2
ENSG00000189056,2
ENSG00000189057,1
ENSG00000189058,2
ENSG00000189060,1
ENSG00000189067,2
ENSG00000189077,2
ENSG00000189079,2
ENSG00000189091,2
ENSG00000189108,1
ENSG00000189114,2
ENSG00000189120,2
ENSG00000189127,1
ENSG00000189129,0
ENSG00000189136,2
ENSG00000189143,1
ENSG00000189144,2
ENSG00000189157,2
ENSG00000189159,1
ENSG00000189164,2
ENSG00000189171,2
ENSG00000189180,2
ENSG00000189184,2
ENSG00000189190,2
ENSG00000189195,2
ENSG00000189212,2
ENSG00000189221,2
ENSG00000189223,2
ENSG00000189227,2
ENSG00000189229,1
ENSG00000189233,2
ENSG00000189241,2
ENSG00000189266,2
ENSG00000189280,1
ENSG00000189283,2
ENSG00000189292,0
ENSG00000189298,2
ENSG00000189306,2
ENSG00000189308,2
ENSG00000189319,2
ENSG00000189320,0
ENSG00000189325,1
ENSG00000189334,2
ENSG00000189337,0
ENSG00000189339,2
ENSG00000189343,2
ENSG00000189350,0
ENSG00000189362,2
ENSG00000189366,1
ENSG00000189369,2
ENSG00000189376,1
ENSG00000189377,2
ENSG00000189403,2
ENSG00000189410,1
ENSG00000189419,2
ENSG00000189420,2
ENSG00000189423,2
ENSG00000189431,2
ENSG00000189433,1
ENSG00000196072,2
ENSG00000196074,1
ENSG00000196081,1
ENSG00000196083,2
ENSG00000196090,0
ENSG00000196091,1
ENSG00000196092,1
ENSG00000196104,2
ENSG00000196109,1
ENSG00000196110,2
ENSG00000196116,2
ENSG00000196123,2
ENSG00000196126,2
ENSG00000196132,1
ENSG00000196136,2
ENSG00000196139,1
ENSG00000196141,2
ENSG00000196150,2
ENSG00000196151,2
ENSG00000196152,2
ENSG00000196154,0
ENSG00000196155,1
ENSG00000196159,0
ENSG00000196167,2
ENSG00000196169,0
ENSG00000196172,1
ENSG00000196177,2
ENSG00000196182,2
ENSG00000196187,2
ENSG00000196188,1
ENSG00000196189,2
ENSG00000196196,0
ENSG00000196199,2
ENSG00000196204,2
ENSG00000196205,0
ENSG00000196208,1
ENSG00000196209,0
ENSG00000196214,2
ENSG00000196218,2
ENSG00000196220,2
ENSG00000196227,2
ENSG00000196230,2
ENSG00000196233,2
ENSG00000196235,2
ENSG00000196236,2
ENSG00000196247,1
ENSG00000196260,2
ENSG00000196262,2
ENSG00000196263,2
ENSG00000196267,2
ENSG00000196268,2
ENSG00000196275,2
ENSG00000196284,2
ENSG00000196290,2
ENSG00000196295,2
ENSG00000196296,1
ENSG00000196305,2
ENSG00000196312,2
ENSG00000196313,2
ENSG00000196323,2
ENSG00000196329,0
ENSG00000196335,1
ENSG00000196338,2
ENSG00000196344,2
ENSG00000196345,2
ENSG00000196352,2
ENSG00000196353,1
ENSG00000196357,2
ENSG00000196358,2
ENSG00000196363,2
ENSG00000196365,2
ENSG00000196367,2
ENSG00000196368,2
ENSG00000196369,2
ENSG00000196371,2
ENSG00000196372,2
ENSG00000196376,2
ENSG00000196378,2
ENSG00000196381,2
ENSG00000196387,2
ENSG00000196388,2
ENSG00000196391,2
ENSG00000196396,0
ENSG00000196405,2
ENSG00000196407,1
ENSG00000196411,2
ENSG00000196417,2
ENSG00000196418,2
ENSG00000196419,2
ENSG00000196420,1
ENSG00000196421,1
ENSG00000196422,2
ENSG00000196428,2
ENSG00000196436,1
ENSG00000196437,2
ENSG00000196440,2
ENSG00000196449,2
ENSG00000196453,2
ENSG00000196455,2
ENSG00000196456,2
ENSG00000196458,2
ENSG00000196459,2
ENSG00000196460,1
ENSG00000196465,1
ENSG00000196466,2
ENSG00000196470,2
ENSG00000196476,2
ENSG00000196482,2
ENSG00000196498,2
ENSG00000196502,0
ENSG00000196503,1
ENSG00000196504,2
ENSG00000196505,2
ENSG00000196507,2
ENSG00000196510,2
ENSG00000196511,2
ENSG00000196517,2
ENSG00000196526,2
ENSG00000196531,2
ENSG00000196535,2
ENSG00000196542,1
ENSG00000196544,2
ENSG00000196547,2
ENSG00000196549,0
ENSG00000196550,1
ENSG00000196557,2
ENSG00000196562,2
ENSG00000196569,2
ENSG00000196576,2
ENSG00000196581,0
ENSG00000196584,1
ENSG00000196586,2
ENSG00000196588,2
ENSG00000196591,2
ENSG00000196597,2
ENSG00000196605,2
ENSG00000196611,1
ENSG00000196616,0
ENSG00000196620,1
ENSG00000196628,0
ENSG00000196632,1
ENSG00000196636,2
ENSG00000196639,2
ENSG00000196642,2
ENSG00000196646,2
ENSG00000196652,2
ENSG00000196653,2
ENSG00000196655,2
ENSG00000196659,2
ENSG00000196663,2
ENSG00000196664,2
ENSG00000196668,1
ENSG00000196670,2
ENSG00000196678,2
ENSG00000196683,2
ENSG00000196684,1
ENSG00000196689,1
ENSG00000196693,2
ENSG00000196696,1
ENSG00000196700,2
ENSG00000196704,2
ENSG00000196705,2
ENSG00000196711,1
ENSG00000196712,2
ENSG00000196715,2
ENSG00000196724,2
ENSG00000196730,0
ENSG00000196735,2
ENSG00000196739,2
ENSG00000196741,2
ENSG00000196743,2
ENSG00000196747,1
ENSG00000196748,1
ENSG00000196754,1
ENSG00000196756,1
ENSG00000196757,2
ENSG00000196776,2
ENSG00000196781,2
ENSG00000196782,2
ENSG00000196787,1
ENSG00000196792,2
ENSG00000196793,1
ENSG00000196810,2
ENSG00000196812,2
ENSG00000196814,0
ENSG00000196821,2
ENSG00000196839,2
ENSG00000196843,0
ENSG00000196850,2
ENSG00000196862,2
ENSG00000196865,2
ENSG00000196867,2
ENSG00000196872,2
ENSG00000196873,2
ENSG00000196876,1
ENSG00000196878,1
ENSG00000196890,2
ENSG00000196911,2
ENSG00000196912,1
ENSG00000196914,2
ENSG00000196917,1
ENSG00000196922,2
ENSG00000196923,2
ENSG00000196924,2
ENSG00000196932,2
ENSG00000196935,2
ENSG00000196937,1
ENSG00000196943,2
ENSG00000196950,2
ENSG00000196951,2
ENSG00000196954,2
ENSG00000196961,2
ENSG00000196967,2
ENSG00000196968,2
ENSG00000196972,0
ENSG00000196975,2
ENSG00000196976,1
ENSG00000196981,2
ENSG00000196998,2
ENSG00000197006,2
ENSG00000197008,1
ENSG00000197013,2
ENSG00000197016,2
ENSG00000197019,0
ENSG00000197020,2
ENSG00000197021,2
ENSG00000197024,2
ENSG00000197037,2
ENSG00000197043,2
ENSG00000197044,2
ENSG00000197045,2
ENSG00000197046,2
ENSG00000197050,2
ENSG00000197054,2
ENSG00000197056,2
ENSG00000197057,0
ENSG00000197062,2
ENSG00000197063,2
ENSG00000197070,2
ENSG00000197077,2
ENSG00000197081,2
ENSG00000197083,2
ENSG00000197093,2
ENSG00000197102,2
ENSG00000197106,1
ENSG00000197111,2
ENSG00000197114,2
ENSG00000197119,2
ENSG00000197121,2
ENSG00000197122,2
ENSG00000197124,2
ENSG00000197128,2
ENSG00000197134,1
ENSG00000197136,2
ENSG00000197140,1
ENSG00000197142,2
ENSG00000197147,2
ENSG00000197149,2
ENSG00000197150,2
ENSG00000197157,2
ENSG00000197162,2
ENSG00000197165,2
ENSG00000197168,0
ENSG00000197170,2
ENSG00000197172,1
ENSG00000197180,2
ENSG00000197182,2
ENSG00000197183,2
ENSG00000197191,1
ENSG00000197208,0
ENSG00000197217,2
ENSG00000197223,2
ENSG00000197226,2
ENSG00000197245,0
ENSG00000197249,2
ENSG00000197253,0
ENSG00000197256,0
ENSG00000197258,2
ENSG00000197261,1
ENSG00000197265,2
ENSG00000197275,1
ENSG00000197279,2
ENSG00000197283,2
ENSG00000197291,0
ENSG00000197296,2
ENSG00000197299,1
ENSG00000197301,1
ENSG00000197302,2
ENSG00000197312,2
ENSG00000197321,2
ENSG00000197323,2
ENSG00000197324,2
ENSG00000197329,2
ENSG00000197343,2
ENSG00000197345,2
ENSG00000197355,2
ENSG00000197361,2
ENSG00000197362,2
ENSG00000197363,2
ENSG00000197372,2
ENSG00000197375,2
ENSG00000197380,2
ENSG00000197381,0
ENSG00000197385,2
ENSG00000197386,2
ENSG00000197405,0
ENSG00000197406,2
ENSG00000197410,2
ENSG00000197415,0
ENSG00000197417,2
ENSG00000197429,2
ENSG00000197442,2
ENSG00000197444,1
ENSG00000197446,0
ENSG00000197448,2
ENSG00000197451,2
ENSG00000197457,2
ENSG00000197461,2
ENSG00000197465,0
ENSG00000197467,0
ENSG00000197471,0
ENSG00000197472,1
ENSG00000197476,1
ENSG00000197479,2
ENSG00000197483,2
ENSG00000197496,2
ENSG00000197497,2
ENSG00000197498,2
ENSG00000197506,1
ENSG00000197520,1
ENSG00000197530,2
ENSG00000197535,2
ENSG00000197536,2
ENSG00000197540,2
ENSG00000197548,2
ENSG00000197555,2
ENSG00000197557,2
ENSG00000197558,2
ENSG00000197562,2
ENSG00000197563,2
ENSG00000197565,2
ENSG00000197566,2
ENSG00000197568,2
ENSG00000197579,2
ENSG00000197580,0
ENSG00000197582,2
ENSG00000197586,2
ENSG00000197587,1
ENSG00000197594,2
ENSG00000197599,1
ENSG00000197601,2
ENSG00000197603,2
ENSG00000197608,2
ENSG00000197614,2
ENSG00000197619,2
ENSG00000197620,2
ENSG00000197622,2
ENSG00000197629,2
ENSG00000197632,2
ENSG00000197635,1
ENSG00000197646,2
ENSG00000197647,2
ENSG00000197653,0
ENSG00000197670,1
ENSG00000197694,2
ENSG00000197696,2
ENSG00000197702,2
ENSG00000197705,2
ENSG00000197712,2
ENSG00000197713,2
ENSG00000197714,2
ENSG00000197724,2
ENSG00000197728,2
ENSG00000197744,2
ENSG00000197746,2
ENSG00000197747,2
ENSG00000197748,0
ENSG00000197753,1
ENSG00000197756,2
ENSG00000197757,1
ENSG00000197763,2
ENSG00000197766,0
ENSG00000197769,0
ENSG00000197771,2
ENSG00000197774,1
ENSG00000197776,2
ENSG00000197779,2
ENSG00000197780,2
ENSG00000197782,2
ENSG00000197785,1
ENSG00000197798,2
ENSG00000197808,2
ENSG00000197813,2
ENSG00000197815,2
ENSG00000197816,2
ENSG00000197818,2
ENSG00000197822,2
ENSG00000197826,0
ENSG00000197837,1
ENSG00000197841,2
ENSG00000197847,1
ENSG00000197852,0
ENSG00000197857,2
ENSG00000197858,2
ENSG00000197859,2
ENSG00000197860,2
ENSG00000197863,2
ENSG00000197870,1
ENSG00000197872,0
ENSG00000197879,2
ENSG00000197885,2
ENSG00000197892,2
ENSG00000197893,1
ENSG00000197894,2
ENSG00000197903,1
ENSG00000197905,2
ENSG00000197912,2
ENSG00000197927,2
ENSG00000197928,2
ENSG00000197930,1
ENSG00000197933,2
ENSG00000197935,2
ENSG00000197937,2
ENSG00000197943,2
ENSG00000197948,2
ENSG00000197951,2
ENSG00000197956,2
ENSG00000197958,2
ENSG00000197959,2
ENSG00000197961,2
ENSG00000197965,2
ENSG00000197969,2
ENSG00000197971,2
ENSG00000197976,2
ENSG00000197977,1
ENSG00000197978,2
ENSG00000197980,2
ENSG00000197982,2
ENSG00000197989,1
ENSG00000197992,0
ENSG00000197993,2
ENSG00000198000,2
ENSG00000198001,2
ENSG00000198003,0
ENSG00000198015,2
ENSG00000198018,2
ENSG00000198019,0
ENSG00000198026,2
ENSG00000198028,1
ENSG00000198034,2
ENSG00000198039,2
ENSG00000198040,2
ENSG00000198042,2
ENSG00000198046,2
ENSG00000198053,0
ENSG00000198055,2
ENSG00000198056,2
ENSG00000198060,2
ENSG00000198074,1
ENSG00000198075,0
ENSG00000198081,2
ENSG00000198087,2
ENSG00000198088,1
ENSG00000198089,2
ENSG00000198093,2
ENSG00000198105,2
ENSG00000198108,2
ENSG00000198113,2
ENSG00000198121,2
ENSG00000198125,1
ENSG00000198130,2
ENSG00000198131,2
ENSG00000198133,2
ENSG00000198134,2
ENSG00000198142,2
ENSG00000198146,2
ENSG00000198155,1
ENSG00000198157,2
ENSG00000198160,2
ENSG00000198162,2
ENSG00000198168,2
ENSG00000198169,2
ENSG00000198171,2
ENSG00000198176,2
ENSG00000198182,2
ENSG00000198183,1
ENSG00000198185,2
ENSG00000198189,2
ENSG00000198198,2
ENSG00000198203,1
ENSG00000198205,2
ENSG00000198208,2
ENSG00000198216,1
ENSG00000198218,2
ENSG00000198221,2
ENSG00000198223,2
ENSG00000198225,2
ENSG00000198231,2
ENSG00000198242,2
ENSG00000198246,2
ENSG00000198252,2
ENSG00000198258,2
ENSG00000198265,2
ENSG00000198270,2
ENSG00000198276,2
ENSG00000198286,1
ENSG00000198298,1
ENSG00000198300,0
ENSG00000198301,2
ENSG00000198315,2
ENSG00000198324,2
ENSG00000198331,1
ENSG00000198342,2
ENSG00000198346,2
ENSG00000198353,1
ENSG00000198354,1
ENSG00000198355,2
ENSG00000198356,2
ENSG00000198363,1
ENSG00000198369,2
ENSG00000198373,2
ENSG00000198380,1
ENSG00000198382,2
ENSG00000198393,2
ENSG00000198399,2
ENSG00000198400,2
ENSG00000198406,2
ENSG00000198408,2
ENSG00000198417,2
ENSG00000198420,2
ENSG00000198429,2
ENSG00000198431,1
ENSG00000198435,2
ENSG00000198440,2
ENSG00000198443,1
ENSG00000198453,2
ENSG00000198455,2
ENSG00000198464,2
ENSG00000198466,2
ENSG00000198467,2
ENSG00000198468,2
ENSG00000198478,2
ENSG00000198482,2
ENSG00000198483,2
ENSG00000198488,1
ENSG00000198492,2
ENSG00000198496,2
ENSG00000198498,2
ENSG00000198502,0
ENSG00000198513,2
ENSG00000198515,1
ENSG00000198517,2
ENSG00000198520,2
ENSG00000198521,2
ENSG00000198522,2
ENSG00000198523,2
ENSG00000198535,1
ENSG00000198538,2
ENSG00000198542,2
ENSG00000198546,2
ENSG00000198551,2
ENSG00000198553,0
ENSG00000198554,1
ENSG00000198556,2
ENSG00000198561,2
ENSG00000198563,2
ENSG00000198569,1
ENSG00000198574,0
ENSG00000198576,0
ENSG00000198585,2
ENSG00000198586,2
ENSG00000198589,2
ENSG00000198590,2
ENSG00000198598,1
ENSG00000198604,2
ENSG00000198610,1
ENSG00000198612,2
ENSG00000198618,2
ENSG00000198624,0
ENSG00000198625,2
ENSG00000198626,2
ENSG00000198642,2
ENSG00000198643,2
ENSG00000198646,2
ENSG00000198648,1
ENSG00000198650,2
ENSG00000198663,2
ENSG00000198668,2
ENSG00000198673,2
ENSG00000198677,2
ENSG00000198680,2
ENSG00000198681,1
ENSG00000198682,0
ENSG00000198689,2
ENSG00000198690,2
ENSG00000198691,1
ENSG00000198692,2
ENSG00000198695,2
ENSG00000198700,2
ENSG00000198707,2
ENSG00000198711,2
ENSG00000198712,2
ENSG00000198715,2
ENSG00000198718,2
ENSG00000198719,2
ENSG00000198720,1
ENSG00000198721,2
ENSG00000198722,2
ENSG00000198723,1
ENSG00000198727,2
ENSG00000198728,2
ENSG00000198729,2
ENSG00000198730,2
ENSG00000198732,1
ENSG00000198734,1
ENSG00000198736,1
ENSG00000198740,2
ENSG00000198742,2
ENSG00000198743,1
ENSG00000198744,2
ENSG00000198746,2
ENSG00000198752,2
ENSG00000198753,1
ENSG00000198755,2
ENSG00000198756,0
ENSG00000198758,1
ENSG00000198759,2
ENSG00000198763,2
ENSG00000198768,1
ENSG00000198771,2
ENSG00000198774,2
ENSG00000198780,1
ENSG00000198783,2
ENSG00000198785,2
ENSG00000198786,2
ENSG00000198788,1
ENSG00000198791,2
ENSG00000198792,2
ENSG00000198793,2
ENSG00000198794,1
ENSG00000198795,2
ENSG00000198796,1
ENSG00000198799,2
ENSG00000198804,2
ENSG00000198805,2
ENSG00000198807,1
ENSG00000198814,2
ENSG00000198815,2
ENSG00000198816,2
ENSG00000198818,2
ENSG00000198821,2
ENSG00000198824,2
ENSG00000198825,2
ENSG00000198826,1
ENSG00000198829,2
ENSG00000198830,2
ENSG00000198832,2
ENSG00000198833,2
ENSG00000198835,0
ENSG00000198836,2
ENSG00000198837,2
ENSG00000198838,2
ENSG00000198839,2
ENSG00000198840,2
ENSG00000198841,2
ENSG00000198843,2
ENSG00000198844,0
ENSG00000198846,2
ENSG00000198848,0
ENSG00000198851,2
ENSG00000198853,2
ENSG00000198855,2
ENSG00000198856,2
ENSG00000198858,2
ENSG00000198860,2
ENSG00000198862,2
ENSG00000198863,2
ENSG00000198865,0
ENSG00000198870,2
ENSG00000198873,0
ENSG00000198874,2
ENSG00000198876,2
ENSG00000198879,2
ENSG00000198885,2
ENSG00000198886,2
ENSG00000198887,2
ENSG00000198888,2
ENSG00000198890,2
ENSG00000198892,2
ENSG00000198894,2
ENSG00000198898,2
ENSG00000198899,2
ENSG00000198900,2
ENSG00000198909,0
ENSG00000198910,1
ENSG00000198911,2
ENSG00000198912,2
ENSG00000198915,1
ENSG00000198918,2
ENSG00000198919,2
ENSG00000198920,2
ENSG00000198924,2
ENSG00000198925,2
ENSG00000198929,2
ENSG00000198930,1
ENSG00000198931,2
ENSG00000198932,2
ENSG00000198933,2
ENSG00000198934,2
ENSG00000198937,1
ENSG00000198938,2
ENSG00000198939,2
ENSG00000198944,2
ENSG00000198945,2
ENSG00000198947,2
ENSG00000198948,0
ENSG00000198951,2
ENSG00000198952,2
ENSG00000198954,2
ENSG00000198959,2
ENSG00000198960,2
ENSG00000198961,2
ENSG00000198963,2
ENSG00000198964,2
ENSG00000199753,1
ENSG00000200033,1
ENSG00000200087,1
ENSG00000200534,1
ENSG00000203288,1
ENSG00000203326,2
ENSG00000203362,2
ENSG00000203392,2
ENSG00000203446,0
ENSG00000203485,2
ENSG00000203497,2
ENSG00000203499,1
ENSG00000203635,1
ENSG00000203644,2
ENSG00000203650,1
ENSG00000203666,2
ENSG00000203667,2
ENSG00000203668,1
ENSG00000203685,1
ENSG00000203697,1
ENSG00000203705,2
ENSG00000203706,2
ENSG00000203709,2
ENSG00000203710,2
ENSG00000203711,1
ENSG00000203721,1
ENSG00000203722,2
ENSG00000203724,1
ENSG00000203727,0
ENSG00000203734,0
ENSG00000203739,2
ENSG00000203747,0
ENSG00000203760,1
ENSG00000203761,1
ENSG00000203778,2
ENSG00000203780,2
ENSG00000203791,2
ENSG00000203797,0
ENSG00000203799,1
ENSG00000203805,1
ENSG00000203814,1
ENSG00000203865,2
ENSG00000203867,2
ENSG00000203872,2
ENSG00000203875,2
ENSG00000203878,0
ENSG00000203879,2
ENSG00000203880,2
ENSG00000203883,0
ENSG00000203896,1
ENSG00000203907,2
ENSG00000203930,1
ENSG00000203943,2
ENSG00000203950,2
ENSG00000203952,1
ENSG00000203963,0
ENSG00000203965,2
ENSG00000203985,0
ENSG00000203993,2
ENSG00000203995,1
ENSG00000203999,1
ENSG00000204019,1
ENSG00000204020,0
ENSG00000204052,2
ENSG00000204054,2
ENSG00000204060,1
ENSG00000204070,2
ENSG00000204084,2
ENSG00000204103,2
ENSG00000204104,2
ENSG00000204116,2
ENSG00000204120,2
ENSG00000204128,1
ENSG00000204130,2
ENSG00000204131,0
ENSG00000204136,0
ENSG00000204138,2
ENSG00000204147,1
ENSG00000204152,2
ENSG00000204160,2
ENSG00000204161,0
ENSG00000204172,2
ENSG00000204175,0
ENSG00000204176,0
ENSG00000204177,2
ENSG00000204178,2
ENSG00000204179,2
ENSG00000204186,2
ENSG00000204209,2
ENSG00000204217,0
ENSG00000204219,2
ENSG00000204220,1
ENSG00000204227,2
ENSG00000204228,2
ENSG00000204231,2
ENSG00000204237,2
ENSG00000204248,1
ENSG00000204252,0
ENSG00000204253,2
ENSG00000204256,2
ENSG00000204257,2
ENSG00000204261,2
ENSG00000204262,1
ENSG00000204264,2
ENSG00000204267,2
ENSG00000204271,2
ENSG00000204272,2
ENSG00000204277,1
ENSG00000204287,0
ENSG00000204291,2
ENSG00000204301,0
ENSG00000204304,2
ENSG00000204305,0
ENSG00000204308,2
ENSG00000204310,2
ENSG00000204311,2
ENSG00000204314,2
ENSG00000204315,2
ENSG00000204316,1
ENSG00000204323,2
ENSG00000204334,0
ENSG00000204335,1
ENSG00000204338,1
ENSG00000204344,2
ENSG00000204348,2
ENSG00000204351,2
ENSG00000204356,2
ENSG00000204366,1
ENSG00000204370,2
ENSG00000204371,2
ENSG00000204380,1
ENSG00000204381,2
ENSG00000204385,2
ENSG00000204386,2
ENSG00000204387,2
ENSG00000204388,2
ENSG00000204389,2
ENSG00000204390,2
ENSG00000204392,2
ENSG00000204394,1
ENSG00000204396,2
ENSG00000204397,0
ENSG00000204406,2
ENSG00000204410,1
ENSG00000204420,0
ENSG00000204427,2
ENSG00000204428,2
ENSG00000204435,2
ENSG00000204438,2
ENSG00000204439,2
ENSG00000204442,2
ENSG00000204444,2
ENSG00000204463,2
ENSG00000204469,2
ENSG00000204472,2
ENSG00000204475,2
ENSG00000204482,0
ENSG00000204498,2
ENSG00000204514,2
ENSG00000204516,2
ENSG00000204519,2
ENSG00000204520,2
ENSG00000204524,2
ENSG00000204525,2
ENSG00000204528,1
ENSG00000204529,1
ENSG00000204531,1
ENSG00000204536,1
ENSG00000204540,2
ENSG00000204544,1
ENSG00000204560,2
ENSG00000204564,2
ENSG00000204568,2
ENSG00000204569,2
ENSG00000204574,2
ENSG00000204576,2
ENSG00000204577,0
ENSG00000204580,2
ENSG00000204581,0
ENSG00000204583,2
ENSG00000204584,1
ENSG00000204588,1
ENSG00000204590,2
ENSG00000204592,0
ENSG00000204599,2
ENSG00000204603,1
ENSG00000204604,2
ENSG00000204610,1
ENSG00000204611,2
ENSG00000204613,1
ENSG00000204616,1
ENSG00000204618,1
ENSG00000204619,2
ENSG00000204622,2
ENSG00000204623,2
ENSG00000204624,1
ENSG00000204628,2
ENSG00000204632,2
ENSG00000204634,2
ENSG00000204642,2
ENSG00000204644,2
ENSG00000204650,2
ENSG00000204653,2
ENSG00000204673,2
ENSG00000204677,2
ENSG00000204681,2
ENSG00000204682,2
ENSG00000204685,2
ENSG00000204706,2
ENSG00000204711,2
ENSG00000204713,2
ENSG00000204740,2
ENSG00000204745,2
ENSG00000204764,2
ENSG00000204767,1
ENSG00000204789,2
ENSG00000204792,2
ENSG00000204815,0
ENSG00000204832,1
ENSG00000204839,1
ENSG00000204842,2
ENSG00000204843,2
ENSG00000204851,2
ENSG00000204852,2
ENSG00000204856,2
ENSG00000204859,2
ENSG00000204860,2
ENSG00000204866,1
ENSG00000204876,1
ENSG00000204882,2
ENSG00000204889,1
ENSG00000204899,2
ENSG00000204920,2
ENSG00000204922,1
ENSG00000204923,2
ENSG00000204934,2
ENSG00000204936,1
ENSG00000204946,2
ENSG00000204947,2
ENSG00000204949,1
ENSG00000204950,0
ENSG00000204954,2
ENSG00000204956,1
ENSG00000204959,2
ENSG00000204963,1
ENSG00000204965,1
ENSG00000204967,1
ENSG00000204977,2
ENSG00000204983,1
ENSG00000204991,1
ENSG00000205002,0
ENSG00000205038,0
ENSG00000205045,2
ENSG00000205060,2
ENSG00000205078,1
ENSG00000205084,2
ENSG00000205085,2
ENSG00000205086,0
ENSG00000205089,1
ENSG00000205090,2
ENSG00000205129,2
ENSG00000205133,2
ENSG00000205138,2
ENSG00000205155,2
ENSG00000205181,2
ENSG00000205189,2
ENSG00000205208,2
ENSG00000205209,2
ENSG00000205213,1
ENSG00000205220,2
ENSG00000205250,2
ENSG00000205268,2
ENSG00000205269,2
ENSG00000205277,2
ENSG00000205302,2
ENSG00000205309,2
ENSG00000205334,1
ENSG00000205336,1
ENSG00000205339,2
ENSG00000205352,2
ENSG00000205356,2
ENSG00000205358,1
ENSG00000205362,0
ENSG00000205363,0
ENSG00000205364,0
ENSG00000205403,2
ENSG00000205413,2
ENSG00000205420,1
ENSG00000205423,2
ENSG00000205426,1
ENSG00000205436,2
ENSG00000205464,2
ENSG00000205476,2
ENSG00000205485,2
ENSG00000205488,1
ENSG00000205502,2
ENSG00000205517,2
ENSG00000205531,2
ENSG00000205534,2
ENSG00000205542,2
ENSG00000205544,2
ENSG00000205559,2
ENSG00000205560,1
ENSG00000205571,2
ENSG00000205581,2
ENSG00000205593,2
ENSG00000205609,2
ENSG00000205611,1
ENSG00000205622,2
ENSG00000205628,1
ENSG00000205629,2
ENSG00000205639,2
ENSG00000205643,2
ENSG00000205659,2
ENSG00000205667,1
ENSG00000205683,2
ENSG00000205702,1
ENSG00000205707,2
ENSG00000205710,2
ENSG00000205726,2
ENSG00000205730,2
ENSG00000205740,2
ENSG00000205744,2
ENSG00000205746,2
ENSG00000205755,1
ENSG00000205758,2
ENSG00000205763,2
ENSG00000205765,2
ENSG00000205771,2
ENSG00000205791,2
ENSG00000205795,0
ENSG00000205808,2
ENSG00000205838,2
ENSG00000205846,0
ENSG00000205869,1
ENSG00000205871,2
ENSG00000205885,2
ENSG00000205890,1
ENSG00000205903,2
ENSG00000205913,1
ENSG00000205930,2
ENSG00000205937,2
ENSG00000205940,2
ENSG00000205959,2
ENSG00000205978,2
ENSG00000205981,2
ENSG00000206052,0
ENSG00000206053,1
ENSG00000206073,1
ENSG00000206075,1
ENSG00000206077,2
ENSG00000206113,2
ENSG00000206149,2
ENSG00000206159,2
ENSG00000206190,2
ENSG00000206195,1
ENSG00000206199,0
ENSG00000206337,2
ENSG00000206341,2
ENSG00000206344,2
ENSG00000206384,0
ENSG00000206417,2
ENSG00000206418,2
ENSG00000206432,1
ENSG00000206503,2
ENSG00000206527,2
ENSG00000206530,2
ENSG00000206535,2
ENSG00000206538,0
ENSG00000206557,0
ENSG00000206559,2
ENSG00000206560,2
ENSG00000206561,2
ENSG00000206562,2
ENSG00000206567,1
ENSG00000206573,2
ENSG00000206579,2
ENSG00000207425,2
ENSG00000207554,1
ENSG00000207650,2
ENSG00000210082,2
ENSG00000210196,2
ENSG00000211445,0
ENSG00000211448,1
ENSG00000211450,2
ENSG00000211451,2
ENSG00000211452,1
ENSG00000211454,1
ENSG00000211455,2
ENSG00000211456,2
ENSG00000211459,2
ENSG00000211460,2
ENSG00000211584,2
ENSG00000211592,1
ENSG00000211593,1
ENSG00000211594,1
ENSG00000211597,1
ENSG00000211598,1
ENSG00000211599,1
ENSG00000211611,1
ENSG00000211625,1
ENSG00000211632,1
ENSG00000211633,1
ENSG00000211637,1
ENSG00000211638,1
ENSG00000211639,1
ENSG00000211640,1
ENSG00000211642,1
ENSG00000211644,1
ENSG00000211645,1
ENSG00000211647,1
ENSG00000211648,1
ENSG00000211649,1
ENSG00000211650,1
ENSG00000211651,1
ENSG00000211652,1
ENSG00000211653,1
ENSG00000211654,1
ENSG00000211655,1
ENSG00000211658,1
ENSG00000211659,1
ENSG00000211660,1
ENSG00000211662,1
ENSG00000211663,1
ENSG00000211664,1
ENSG00000211665,1
ENSG00000211666,1
ENSG00000211667,1
ENSG00000211668,1
ENSG00000211669,1
ENSG00000211670,1
ENSG00000211672,1
ENSG00000211673,1
ENSG00000211677,1
ENSG00000211679,1
ENSG00000211685,1
ENSG00000211689,0
ENSG00000211734,2
ENSG00000211746,2
ENSG00000211747,2
ENSG00000211751,2
ENSG00000211752,2
ENSG00000211753,2
ENSG00000211772,2
ENSG00000211788,2
ENSG00000211829,2
ENSG00000211890,1
ENSG00000211891,1
ENSG00000211892,1
ENSG00000211893,1
ENSG00000211895,1
ENSG00000211896,1
ENSG00000211897,1
ENSG00000211898,1
ENSG00000211899,1
ENSG00000211900,1
ENSG00000211904,1
ENSG00000211905,1
ENSG00000211933,1
ENSG00000211934,1
ENSG00000211935,1
ENSG00000211937,1
ENSG00000211938,1
ENSG00000211941,1
ENSG00000211942,1
ENSG00000211943,1
ENSG00000211945,1
ENSG00000211946,1
ENSG00000211947,1
ENSG00000211949,1
ENSG00000211950,1
ENSG00000211951,1
ENSG00000211952,1
ENSG00000211955,1
ENSG00000211956,1
ENSG00000211957,1
ENSG00000211958,1
ENSG00000211959,1
ENSG00000211961,1
ENSG00000211962,1
ENSG00000211964,1
ENSG00000211965,1
ENSG00000211966,1
ENSG00000211967,1
ENSG00000211968,1
ENSG00000211970,1
ENSG00000211972,1
ENSG00000211973,1
ENSG00000211974,1
ENSG00000211976,1
ENSG00000211978,1
ENSG00000211979,1
ENSG00000212123,2
ENSG00000212127,2
ENSG00000212664,2
ENSG00000212694,2
ENSG00000212719,2
ENSG00000212743,2
ENSG00000212747,2
ENSG00000212802,2
ENSG00000212864,2
ENSG00000212907,2
ENSG00000212916,1
ENSG00000212978,2
ENSG00000213015,2
ENSG00000213020,2
ENSG00000213023,2
ENSG00000213024,2
ENSG00000213025,2
ENSG00000213047,2
ENSG00000213057,1
ENSG00000213058,2
ENSG00000213062,2
ENSG00000213064,2
ENSG00000213066,2
ENSG00000213071,0
ENSG00000213079,2
ENSG00000213080,2
ENSG00000213085,0
ENSG00000213088,0
ENSG00000213096,2
ENSG00000213123,2
ENSG00000213131,2
ENSG00000213139,2
ENSG00000213144,0
ENSG00000213145,2
ENSG00000213160,1
ENSG00000213171,2
ENSG00000213178,2
ENSG00000213185,1
ENSG00000213186,1
ENSG00000213189,2
ENSG00000213190,1
ENSG00000213199,2
ENSG00000213203,0
ENSG00000213213,2
ENSG00000213214,2
ENSG00000213222,2
ENSG00000213235,2
ENSG00000213260,2
ENSG00000213261,2
ENSG00000213280,2
ENSG00000213281,2
ENSG00000213300,2
ENSG00000213315,2
ENSG00000213316,0
ENSG00000213326,2
ENSG00000213337,2
ENSG00000213339,2
ENSG00000213341,2
ENSG00000213347,1
ENSG00000213366,2
ENSG00000213380,2
ENSG00000213390,2
ENSG00000213397,2
ENSG00000213398,2
ENSG00000213401,1
ENSG00000213420,1
ENSG00000213433,2
ENSG00000213442,2
ENSG00000213445,2
ENSG00000213453,2
ENSG00000213462,1
ENSG00000213463,2
ENSG00000213465,2
ENSG00000213468,1
ENSG00000213516,2
ENSG00000213523,2
ENSG00000213533,2
ENSG00000213551,2
ENSG00000213553,2
ENSG00000213563,2
ENSG00000213585,2
ENSG00000213588,2
ENSG00000213593,2
ENSG00000213598,2
ENSG00000213609,2
ENSG00000213614,2
ENSG00000213619,2
ENSG00000213625,2
ENSG00000213626,0
ENSG00000213638,2
ENSG00000213639,2
ENSG00000213654,2
ENSG00000213658,2
ENSG00000213672,2
ENSG00000213676,2
ENSG00000213693,2
ENSG00000213694,2
ENSG00000213699,2
ENSG00000213700,2
ENSG00000213707,2
ENSG00000213713,2
ENSG00000213719,2
ENSG00000213722,2
ENSG00000213741,2
ENSG00000213742,2
ENSG00000213753,2
ENSG00000213757,2
ENSG00000213762,2
ENSG00000213763,2
ENSG00000213782,2
ENSG00000213790,1
ENSG00000213793,2
ENSG00000213799,2
ENSG00000213801,2
ENSG00000213809,2
ENSG00000213839,2
ENSG00000213853,0
ENSG00000213859,2
ENSG00000213862,2
ENSG00000213866,2
ENSG00000213881,2
ENSG00000213885,2
ENSG00000213888,2
ENSG00000213889,1
ENSG00000213901,1
ENSG00000213903,2
ENSG00000213906,2
ENSG00000213918,1
ENSG00000213923,2
ENSG00000213928,2
ENSG00000213930,2
ENSG00000213937,1
ENSG00000213939,2
ENSG00000213949,2
ENSG00000213963,2
ENSG00000213965,2
ENSG00000213967,1
ENSG00000213976,2
ENSG00000213983,1
ENSG00000213988,2
ENSG00000213995,2
ENSG00000214013,2
ENSG00000214021,2
ENSG00000214022,2
ENSG00000214026,2
ENSG00000214029,2
ENSG00000214039,1
ENSG00000214046,2
ENSG00000214049,1
ENSG00000214050,1
ENSG00000214063,2
ENSG00000214078,2
ENSG00000214087,2
ENSG00000214106,2
ENSG00000214113,2
ENSG00000214114,2
ENSG00000214128,2
ENSG00000214135,2
ENSG00000214140,0
ENSG00000214145,1
ENSG00000214146,2
ENSG00000214160,1
ENSG00000214174,2
ENSG00000214176,2
ENSG00000214182,2
ENSG00000214193,2
ENSG00000214194,2
ENSG00000214198,2
ENSG00000214199,2
ENSG00000214212,0
ENSG00000214223,2
ENSG00000214226,2
ENSG00000214253,2
ENSG00000214263,2
ENSG00000214274,2
ENSG00000214279,1
ENSG00000214290,2
ENSG00000214293,2
ENSG00000214309,2
ENSG00000214331,2
ENSG00000214336,1
ENSG00000214353,1
ENSG00000214357,2
ENSG00000214367,2
ENSG00000214376,1
ENSG00000214389,2
ENSG00000214391,2
ENSG00000214401,2
ENSG00000214402,2
ENSG00000214413,2
ENSG00000214425,2
ENSG00000214429,1
ENSG00000214439,2
ENSG00000214456,2
ENSG00000214485,2
ENSG00000214491,0
ENSG00000214510,1
ENSG00000214517,2
ENSG00000214530,2
ENSG00000214535,2
ENSG00000214548,1
ENSG00000214553,2
ENSG00000214562,2
ENSG00000214575,0
ENSG00000214578,0
ENSG00000214595,2
ENSG00000214652,2
ENSG00000214654,2
ENSG00000214655,2
ENSG00000214694,2
ENSG00000214706,2
ENSG00000214708,0
ENSG00000214711,1
ENSG00000214717,2
ENSG00000214725,1
ENSG00000214753,2
ENSG00000214756,2
ENSG00000214765,2
ENSG00000214783,2
ENSG00000214784,2
ENSG00000214787,2
ENSG00000214796,1
ENSG00000214814,1
ENSG00000214822,1
ENSG00000214826,1
ENSG00000214827,2
ENSG00000214856,1
ENSG00000214870,2
ENSG00000214872,1
ENSG00000214900,2
ENSG00000214922,2
ENSG00000214941,2
ENSG00000214944,2
ENSG00000214954,1
ENSG00000214960,2
ENSG00000214975,2
ENSG00000215006,2
ENSG00000215012,2
ENSG00000215014,2
ENSG00000215018,1
ENSG00000215021,2
ENSG00000215022,2
ENSG00000215030,2
ENSG00000215039,2
ENSG00000215041,2
ENSG00000215045,1
ENSG00000215067,2
ENSG00000215068,2
ENSG00000215105,2
ENSG00000215114,2
ENSG00000215126,2
ENSG00000215146,1
ENSG00000215154,1
ENSG00000215158,1
ENSG00000215182,1
ENSG00000215187,0
ENSG00000215190,2
ENSG00000215193,2
ENSG00000215217,0
ENSG00000215218,1
ENSG00000215241,2
ENSG00000215244,2
ENSG00000215246,2
ENSG00000215251,2
ENSG00000215252,2
ENSG00000215256,2
ENSG00000215262,1
ENSG00000215271,2
ENSG00000215301,2
ENSG00000215305,2
ENSG00000215374,2
ENSG00000215375,2
ENSG00000215386,2
ENSG00000215414,2
ENSG00000215417,2
ENSG00000215421,2
ENSG00000215424,1
ENSG00000215440,2
ENSG00000215458,2
ENSG00000215483,2
ENSG00000215493,1
ENSG00000215548,2
ENSG00000215580,2
ENSG00000215595,0
ENSG00000215712,2
ENSG00000215717,2
ENSG00000215769,2
ENSG00000215784,1
ENSG00000215788,1
ENSG00000215790,2
ENSG00000215808,1
ENSG00000215845,2
ENSG00000215859,1
ENSG00000215861,0
ENSG00000215883,2
ENSG00000215908,2
ENSG00000215912,2
ENSG00000215915,2
ENSG00000216490,2
ENSG00000216775,1
ENSG00000216866,2
ENSG00000216895,2
ENSG00000216937,2
ENSG00000217027,2
ENSG00000217128,2
ENSG00000217130,2
ENSG00000217165,2
ENSG00000217442,1
ENSG00000217624,2
ENSG00000217648,2
ENSG00000217801,1
ENSG00000217930,2
ENSG00000218018,2
ENSG00000218048,1
ENSG00000218052,2
ENSG00000218175,2
ENSG00000218226,2
ENSG00000218274,1
ENSG00000218283,2
ENSG00000218336,1
ENSG00000218357,2
ENSG00000218416,1
ENSG00000218426,2
ENSG00000218510,2
ENSG00000218537,2
ENSG00000218617,1
ENSG00000218739,2
ENSG00000218891,2
ENSG00000219200,2
ENSG00000219201,2
ENSG00000219438,2
ENSG00000219470,2
ENSG00000219481,2
ENSG00000219507,2
ENSG00000219545,2
ENSG00000219607,1
ENSG00000219626,2
ENSG00000219665,2
ENSG00000219891,2
ENSG00000219928,2
ENSG00000220154,1
ENSG00000220201,2
ENSG00000220205,0
ENSG00000220323,1
ENSG00000220472,2
ENSG00000220749,2
ENSG00000220785,2
ENSG00000220804,2
ENSG00000220842,2
ENSG00000220848,2
ENSG00000221817,2
ENSG00000221818,2
ENSG00000221821,2
ENSG00000221823,2
ENSG00000221829,1
ENSG00000221838,2
ENSG00000221843,1
ENSG00000221866,2
ENSG00000221867,1
ENSG00000221869,2
ENSG00000221883,2
ENSG00000221886,2
ENSG00000221887,0
ENSG00000221890,2
ENSG00000221909,2
ENSG00000221914,2
ENSG00000221916,2
ENSG00000221923,2
ENSG00000221926,2
ENSG00000221944,2
ENSG00000221947,1
ENSG00000221955,1
ENSG00000221963,2
ENSG00000221968,2
ENSG00000221978,1
ENSG00000221983,2
ENSG00000221986,2
ENSG00000221988,2
ENSG00000221990,2
ENSG00000221994,2
ENSG00000221995,2
ENSG00000222009,2
ENSG00000222011,2
ENSG00000222019,1
ENSG00000222033,2
ENSG00000222037,1
ENSG00000222041,1
ENSG00000222046,0
ENSG00000222047,1
ENSG00000223350,1
ENSG00000223374,2
ENSG00000223392,1
ENSG00000223396,1
ENSG00000223459,2
ENSG00000223478,2
ENSG00000223482,2
ENSG00000223485,1
ENSG00000223496,2
ENSG00000223501,2
ENSG00000223508,2
ENSG00000223509,2
ENSG00000223511,1
ENSG00000223529,2
ENSG00000223534,2
ENSG00000223546,1
ENSG00000223547,2
ENSG00000223551,2
ENSG00000223552,2
ENSG00000223561,2
ENSG00000223572,1
ENSG00000223573,0
ENSG00000223612,2
ENSG00000223648,1
ENSG00000223653,2
ENSG00000223658,2
ENSG00000223668,2
ENSG00000223704,2
ENSG00000223705,1
ENSG00000223722,2
ENSG00000223745,2
ENSG00000223749,1
ENSG00000223756,2
ENSG00000223764,2
ENSG00000223768,2
ENSG00000223773,2
ENSG00000223783,1
ENSG00000223784,1
ENSG00000223797,2
ENSG00000223799,2
ENSG00000223803,2
ENSG00000223804,2
ENSG00000223813,1
ENSG00000223820,2
ENSG00000223825,2
ENSG00000223855,2
ENSG00000223865,2
ENSG00000223891,2
ENSG00000223914,0
ENSG00000223923,2
ENSG00000223931,1
ENSG00000223949,1
ENSG00000223956,2
ENSG00000223959,2
ENSG00000223960,2
ENSG00000224020,2
ENSG00000224032,2
ENSG00000224041,1
ENSG00000224043,2
ENSG00000224051,2
ENSG00000224063,1
ENSG00000224078,2
ENSG00000224081,1
ENSG00000224086,2
ENSG00000224090,1
ENSG00000224093,1
ENSG00000224094,2
ENSG00000224114,2
ENSG00000224137,2
ENSG00000224138,2
ENSG00000224141,1
ENSG00000224152,2
ENSG00000224165,2
ENSG00000224186,2
ENSG00000224189,2
ENSG00000224251,1
ENSG00000224259,1
ENSG00000224271,1
ENSG00000224272,1
ENSG00000224276,0
ENSG00000224281,2
ENSG00000224307,2
ENSG00000224373,1
ENSG00000224376,2
ENSG00000224383,0
ENSG00000224389,2
ENSG00000224397,0
ENSG00000224411,2
ENSG00000224420,2
ENSG00000224424,2
ENSG00000224429,2
ENSG00000224470,2
ENSG00000224511,2
ENSG00000224520,1
ENSG00000224531,2
ENSG00000224536,1
ENSG00000224543,2
ENSG00000224546,2
ENSG00000224557,2
ENSG00000224578,2
ENSG00000224585,1
ENSG00000224596,2
ENSG00000224597,2
ENSG00000224607,1
ENSG00000224616,2
ENSG00000224631,2
ENSG00000224635,2
ENSG00000224650,1
ENSG00000224652,2
ENSG00000224660,2
ENSG00000224687,2
ENSG00000224689,2
ENSG00000224699,2
ENSG00000224738,0
ENSG00000224769,1
ENSG00000224790,2
ENSG00000224805,1
ENSG00000224812,2
ENSG00000224817,1
ENSG00000224831,2
ENSG00000224843,2
ENSG00000224848,2
ENSG00000224858,2
ENSG00000224861,2
ENSG00000224870,2
ENSG00000224877,2
ENSG00000224897,1
ENSG00000224903,1
ENSG00000224914,2
ENSG00000224934,1
ENSG00000224945,2
ENSG00000224950,2
ENSG00000224975,2
ENSG00000224982,2
ENSG00000225031,2
ENSG00000225032,2
ENSG00000225077,1
ENSG00000225079,2
ENSG00000225093,2
ENSG00000225096,1
ENSG00000225101,0
ENSG00000225131,2
ENSG00000225137,2
ENSG00000225138,1
ENSG00000225151,2
ENSG00000225171,2
ENSG00000225177,2
ENSG00000225178,2
ENSG00000225190,2
ENSG00000225194,0
ENSG00000225200,2
ENSG00000225205,2
ENSG00000225210,1
ENSG00000225217,1
ENSG00000225234,2
ENSG00000225265,1
ENSG00000225285,1
ENSG00000225313,2
ENSG00000225329,0
ENSG00000225335,1
ENSG00000225342,0
ENSG00000225361,2
ENSG00000225377,2
ENSG00000225383,0
ENSG00000225422,2
ENSG00000225431,2
ENSG00000225434,2
ENSG00000225439,2
ENSG00000225465,1
ENSG00000225470,2
ENSG00000225473,0
ENSG00000225484,2
ENSG00000225489,1
ENSG00000225492,2
ENSG00000225507,2
ENSG00000225511,2
ENSG00000225518,1
ENSG00000225523,1
ENSG00000225526,1
ENSG00000225530,1
ENSG00000225548,1
ENSG00000225556,1
ENSG00000225573,2
ENSG00000225614,2
ENSG00000225630,2
ENSG00000225648,2
ENSG00000225663,2
ENSG00000225670,0
ENSG00000225684,1
ENSG00000225697,1
ENSG00000225698,1
ENSG00000225706,0
ENSG00000225733,2
ENSG00000225742,1
ENSG00000225756,2
ENSG00000225783,1
ENSG00000225791,2
ENSG00000225792,0
ENSG00000225793,2
ENSG00000225806,1
ENSG00000225828,2
ENSG00000225830,2
ENSG00000225840,1
ENSG00000225855,2
ENSG00000225868,1
ENSG00000225872,1
ENSG00000225873,0
ENSG00000225880,1
ENSG00000225886,2
ENSG00000225889,2
ENSG00000225914,2
ENSG00000225921,2
ENSG00000225950,2
ENSG00000225953,1
ENSG00000225963,2
ENSG00000225964,2
ENSG00000225968,2
ENSG00000225969,2
ENSG00000225972,1
ENSG00000225973,2
ENSG00000225975,2
ENSG00000225978,2
ENSG00000226002,1
ENSG00000226015,2
ENSG00000226025,1
ENSG00000226026,0
ENSG00000226029,2
ENSG00000226051,2
ENSG00000226054,2
ENSG00000226067,2
ENSG00000226084,2
ENSG00000226121,2
ENSG00000226124,2
ENSG00000226137,2
ENSG00000226145,1
ENSG00000226167,1
ENSG00000226174,1
ENSG00000226179,2
ENSG00000226180,2
ENSG00000226194,2
ENSG00000226200,2
ENSG00000226210,2
ENSG00000226221,2
ENSG00000226237,0
ENSG00000226251,2
ENSG00000226259,2
ENSG00000226266,2
ENSG00000226278,1
ENSG00000226281,2
ENSG00000226287,2
ENSG00000226312,2
ENSG00000226314,2
ENSG00000226321,0
ENSG00000226328,2
ENSG00000226329,2
ENSG00000226330,1
ENSG00000226332,2
ENSG00000226360,2
ENSG00000226363,1
ENSG00000226380,1
ENSG00000226383,1
ENSG00000226396,2
ENSG00000226415,1
ENSG00000226419,2
ENSG00000226421,1
ENSG00000226445,2
ENSG00000226453,1
ENSG00000226465,1
ENSG00000226469,2
ENSG00000226471,2
ENSG00000226476,1
ENSG00000226479,2
ENSG00000226525,2
ENSG00000226562,1
ENSG00000226564,2
ENSG00000226608,2
ENSG00000226648,2
ENSG00000226673,0
ENSG00000226674,1
ENSG00000226686,1
ENSG00000226688,2
ENSG00000226690,2
ENSG00000226696,1
ENSG00000226711,2
ENSG00000226742,2
ENSG00000226752,2
ENSG00000226763,1
ENSG00000226777,1
ENSG00000226781,2
ENSG00000226791,2
ENSG00000226803,2
ENSG00000226816,2
ENSG00000226822,0
ENSG00000226824,2
ENSG00000226833,2
ENSG00000226853,1
ENSG00000226887,1
ENSG00000226891,2
ENSG00000226950,2
ENSG00000226953,2
ENSG00000226976,2
ENSG00000226979,2
ENSG00000227008,2
ENSG00000227014,1
ENSG00000227036,1
ENSG00000227038,1
ENSG00000227039,1
ENSG00000227051,0
ENSG00000227057,2
ENSG00000227063,2
ENSG00000227066,1
ENSG00000227076,1
ENSG00000227077,2
ENSG00000227081,2
ENSG00000227097,2
ENSG00000227110,2
ENSG00000227117,1
ENSG00000227124,2
ENSG00000227155,2
ENSG00000227191,0
ENSG00000227195,1
ENSG00000227199,2
ENSG00000227201,1
ENSG00000227210,2
ENSG00000227218,2
ENSG00000227232,2
ENSG00000227252,2
ENSG00000227258,2
ENSG00000227262,1
ENSG00000227268,2
ENSG00000227300,1
ENSG00000227345,2
ENSG00000227354,2
ENSG00000227359,1
ENSG00000227372,2
ENSG00000227376,2
ENSG00000227388,1
ENSG00000227392,1
ENSG00000227398,2
ENSG00000227403,2
ENSG00000227456,2
ENSG00000227471,1
ENSG00000227473,2
ENSG00000227486,2
ENSG00000227496,1
ENSG00000227500,2
ENSG00000227502,0
ENSG00000227507,2
ENSG00000227533,1
ENSG00000227540,2
ENSG00000227543,1
ENSG00000227544,0
ENSG00000227615,2
ENSG00000227619,1
ENSG00000227630,2
ENSG00000227640,1
ENSG00000227671,2
ENSG00000227674,1
ENSG00000227695,2
ENSG00000227719,1
ENSG00000227775,2
ENSG00000227782,2
ENSG00000227799,2
ENSG00000227825,2
ENSG00000227827,2
ENSG00000227855,2
ENSG00000227885,2
ENSG00000227896,1
ENSG00000227925,1
ENSG00000227939,2
ENSG00000227946,2
ENSG00000227953,1
ENSG00000227954,2
ENSG00000228057,2
ENSG00000228065,1
ENSG00000228109,1
ENSG00000228113,2
ENSG00000228168,1
ENSG00000228175,1
ENSG00000228192,2
ENSG00000228203,1
ENSG00000228205,2
ENSG00000228217,2
ENSG00000228221,1
ENSG00000228223,2
ENSG00000228232,1
ENSG00000228242,2
ENSG00000228252,1
ENSG00000228253,2
ENSG00000228274,1
ENSG00000228278,1
ENSG00000228288,1
ENSG00000228300,2
ENSG00000228302,2
ENSG00000228314,2
ENSG00000228315,2
ENSG00000228327,2
ENSG00000228340,1
ENSG00000228393,2
ENSG00000228395,2
ENSG00000228401,0
ENSG00000228409,2
ENSG00000228412,0
ENSG00000228427,2
ENSG00000228437,1
ENSG00000228451,2
ENSG00000228474,2
ENSG00000228477,2
ENSG00000228486,2
ENSG00000228492,2
ENSG00000228502,2
ENSG00000228506,2
ENSG00000228509,2
ENSG00000228526,1
ENSG00000228544,2
ENSG00000228549,2
ENSG00000228559,0
ENSG00000228561,1
ENSG00000228589,2
ENSG00000228594,2
ENSG00000228613,1
ENSG00000228623,2
ENSG00000228624,2
ENSG00000228630,1
ENSG00000228649,2
ENSG00000228653,2
ENSG00000228672,2
ENSG00000228695,0
ENSG00000228696,2
ENSG00000228709,2
ENSG00000228716,2
ENSG00000228723,0
ENSG00000228742,1
ENSG00000228775,2
ENSG00000228782,2
ENSG00000228784,1
ENSG00000228793,2
ENSG00000228794,2
ENSG00000228801,2
ENSG00000228878,2
ENSG00000228887,2
ENSG00000228889,2
ENSG00000228903,2
ENSG00000228929,2
ENSG00000228952,1
ENSG00000228956,1
ENSG00000228981,2
ENSG00000228997,0
ENSG00000229036,2
ENSG00000229043,1
ENSG00000229056,2
ENSG00000229097,2
ENSG00000229117,2
ENSG00000229119,2
ENSG00000229124,2
ENSG00000229127,2
ENSG00000229132,2
ENSG00000229152,2
ENSG00000229153,2
ENSG00000229155,2
ENSG00000229180,2
ENSG00000229204,2
ENSG00000229214,2
ENSG00000229267,1
ENSG00000229272,2
ENSG00000229314,1
ENSG00000229320,2
ENSG00000229344,2
ENSG00000229358,1
ENSG00000229391,0
ENSG00000229404,1
ENSG00000229413,2
ENSG00000229415,2
ENSG00000229419,2
ENSG00000229431,1
ENSG00000229474,2
ENSG00000229539,2
ENSG00000229544,1
ENSG00000229589,2
ENSG00000229619,0
ENSG00000229638,2
ENSG00000229644,2
ENSG00000229647,1
ENSG00000229656,1
ENSG00000229676,1
ENSG00000229689,1
ENSG00000229692,2
ENSG00000229739,2
ENSG00000229754,2
ENSG00000229771,2
ENSG00000229807,1
ENSG00000229809,2
ENSG00000229833,2
ENSG00000229848,2
ENSG00000229852,2
ENSG00000229886,2
ENSG00000229891,2
ENSG00000229921,1
ENSG00000229931,2
ENSG00000229932,2
ENSG00000229939,2
ENSG00000229950,1
ENSG00000229951,1
ENSG00000229953,1
ENSG00000229956,2
ENSG00000229970,1
ENSG00000229980,2
ENSG00000230002,1
ENSG00000230006,1
ENSG00000230061,1
ENSG00000230062,0
ENSG00000230074,2
ENSG00000230076,2
ENSG00000230082,1
ENSG00000230084,2
ENSG00000230091,2
ENSG00000230124,2
ENSG00000230148,2
ENSG00000230202,2
ENSG00000230204,2
ENSG00000230207,2
ENSG00000230224,2
ENSG00000230257,1
ENSG00000230295,2
ENSG00000230316,1
ENSG00000230330,2
ENSG00000230333,2
ENSG00000230359,2
ENSG00000230373,2
ENSG00000230383,2
ENSG00000230387,2
ENSG00000230409,2
ENSG00000230426,1
ENSG00000230438,2
ENSG00000230445,1
ENSG00000230453,1
ENSG00000230454,2
ENSG00000230461,1
ENSG00000230479,1
ENSG00000230487,2
ENSG00000230510,0
ENSG00000230513,2
ENSG00000230521,2
ENSG00000230530,2
ENSG00000230537,2
ENSG00000230551,2
ENSG00000230555,2
ENSG00000230565,2
ENSG00000230587,0
ENSG00000230590,2
ENSG00000230606,1
ENSG00000230615,2
ENSG00000230623,1
ENSG00000230628,1
ENSG00000230629,2
ENSG00000230630,2
ENSG00000230638,2
ENSG00000230650,1
ENSG00000230658,1
ENSG00000230701,1
ENSG00000230715,2
ENSG00000230734,2
ENSG00000230795,2
ENSG00000230797,2
ENSG00000230798,1
ENSG00000230838,1
ENSG00000230844,2
ENSG00000230873,0
ENSG00000230882,1
ENSG00000230896,2
ENSG00000230897,1
ENSG00000230910,0
ENSG00000230918,1
ENSG00000230937,1
ENSG00000230943,2
ENSG00000230953,2
ENSG00000230979,2
ENSG00000230982,2
ENSG00000230989,2
ENSG00000231013,2
ENSG00000231028,2
ENSG00000231057,0
ENSG00000231064,2
ENSG00000231074,2
ENSG00000231106,1
ENSG00000231107,2
ENSG00000231113,2
ENSG00000231119,2
ENSG00000231123,2
ENSG00000231131,1
ENSG00000231154,2
ENSG00000231160,2
ENSG00000231177,2
ENSG00000231185,2
ENSG00000231205,2
ENSG00000231246,0
ENSG00000231290,1
ENSG00000231292,1
ENSG00000231298,1
ENSG00000231305,2
ENSG00000231312,2
ENSG00000231322,0
ENSG00000231327,1
ENSG00000231331,1
ENSG00000231345,2
ENSG00000231359,1
ENSG00000231365,2
ENSG00000231389,0
ENSG00000231407,1
ENSG00000231419,2
ENSG00000231439,1
ENSG00000231443,1
ENSG00000231475,1
ENSG00000231500,2
ENSG00000231527,2
ENSG00000231528,2
ENSG00000231533,2
ENSG00000231535,2
ENSG00000231551,1
ENSG00000231563,1
ENSG00000231574,1
ENSG00000231584,2
ENSG00000231607,2
ENSG00000231621,0
ENSG00000231663,2
ENSG00000231683,1
ENSG00000231711,2
ENSG00000231721,2
ENSG00000231731,2
ENSG00000231738,0
ENSG00000231742,2
ENSG00000231747,2
ENSG00000231752,1
ENSG00000231764,1
ENSG00000231769,2
ENSG00000231770,2
ENSG00000231789,1
ENSG00000231793,1
ENSG00000231806,1
ENSG00000231856,2
ENSG00000231881,1
ENSG00000231889,2
ENSG00000231890,1
ENSG00000231925,2
ENSG00000231964,2
ENSG00000231990,1
ENSG00000231991,2
ENSG00000231993,0
ENSG00000231999,2
ENSG00000232000,1
ENSG00000232006,1
ENSG00000232022,1
ENSG00000232023,1
ENSG00000232024,2
ENSG00000232040,2
ENSG00000232043,2
ENSG00000232044,0
ENSG00000232082,1
ENSG00000232093,1
ENSG00000232098,2
ENSG00000232104,2
ENSG00000232112,2
ENSG00000232119,2
ENSG00000232134,2
ENSG00000232160,2
ENSG00000232187,2
ENSG00000232216,1
ENSG00000232229,2
ENSG00000232237,1
ENSG00000232284,2
ENSG00000232310,2
ENSG00000232346,2
ENSG00000232352,0
ENSG00000232354,0
ENSG00000232368,2
ENSG00000232386,1
ENSG00000232388,2
ENSG00000232400,2
ENSG00000232415,2
ENSG00000232434,1
ENSG00000232442,1
ENSG00000232445,1
ENSG00000232453,2
ENSG00000232472,2
ENSG00000232485,2
ENSG00000232504,2
ENSG00000232533,2
ENSG00000232573,2
ENSG00000232593,2
ENSG00000232611,2
ENSG00000232613,1
ENSG00000232629,2
ENSG00000232630,2
ENSG00000232640,2
ENSG00000232653,2
ENSG00000232656,2
ENSG00000232677,1
ENSG00000232679,1
ENSG00000232713,2
ENSG00000232725,1
ENSG00000232756,1
ENSG00000232759,1
ENSG00000232774,1
ENSG00000232803,1
ENSG00000232807,2
ENSG00000232810,2
ENSG00000232811,1
ENSG00000232815,2
ENSG00000232818,2
ENSG00000232838,2
ENSG00000232859,2
ENSG00000232860,2
ENSG00000232869,2
ENSG00000232878,1
ENSG00000232884,0
ENSG00000232888,2
ENSG00000232931,1
ENSG00000232934,2
ENSG00000232940,2
ENSG00000232949,2
ENSG00000232956,2
ENSG00000232973,2
ENSG00000232977,2
ENSG00000232995,2
ENSG00000233006,2
ENSG00000233016,2
ENSG00000233038,0
ENSG00000233056,1
ENSG00000233058,1
ENSG00000233093,2
ENSG00000233098,2
ENSG00000233101,2
ENSG00000233110,2
ENSG00000233117,0
ENSG00000233122,1
ENSG00000233170,2
ENSG00000233175,2
ENSG00000233184,2
ENSG00000233198,2
ENSG00000233217,1
ENSG00000233221,1
ENSG00000233223,2
ENSG00000233230,2
ENSG00000233237,0
ENSG00000233251,0
ENSG00000233276,2
ENSG00000233325,2
ENSG00000233328,2
ENSG00000233338,1
ENSG00000233355,2
ENSG00000233369,2
ENSG00000233382,2
ENSG00000233392,2
ENSG00000233396,1
ENSG00000233421,2
ENSG00000233426,2
ENSG00000233429,2
ENSG00000233452,2
ENSG00000233461,1
ENSG00000233476,0
ENSG00000233483,2
ENSG00000233491,1
ENSG00000233493,2
ENSG00000233515,1
ENSG00000233527,2
ENSG00000233532,1
ENSG00000233539,1
ENSG00000233554,2
ENSG00000233559,1
ENSG00000233578,2
ENSG00000233593,2
ENSG00000233608,0
ENSG00000233609,2
ENSG00000233621,2
ENSG00000233622,1
ENSG00000233654,2
ENSG00000233672,2
ENSG00000233680,1
ENSG00000233695,2
ENSG00000233705,1
ENSG00000233730,0
ENSG00000233757,2
ENSG00000233760,0
ENSG00000233762,2
ENSG00000233818,1
ENSG00000233820,1
ENSG00000233822,1
ENSG00000233834,1
ENSG00000233836,2
ENSG00000233854,1
ENSG00000233871,2
ENSG00000233885,2
ENSG00000233901,2
ENSG00000233913,2
ENSG00000233922,1
ENSG00000233927,2
ENSG00000233930,2
ENSG00000233937,2
ENSG00000233954,2
ENSG00000233967,2
ENSG00000233968,0
ENSG00000233999,1
ENSG00000234009,2
ENSG00000234028,2
ENSG00000234062,2
ENSG00000234072,1
ENSG00000234127,2
ENSG00000234147,0
ENSG00000234155,1
ENSG00000234156,1
ENSG00000234160,2
ENSG00000234171,2
ENSG00000234176,2
ENSG00000234184,1
ENSG00000234224,1
ENSG00000234281,0
ENSG00000234284,2
ENSG00000234287,2
ENSG00000234290,2
ENSG00000234327,2
ENSG00000234338,1
ENSG00000234350,0
ENSG00000234362,0
ENSG00000234380,1
ENSG00000234390,2
ENSG00000234405,0
ENSG00000234409,2
ENSG00000234420,2
ENSG00000234432,2
ENSG00000234444,2
ENSG00000234456,0
ENSG00000234465,2
ENSG00000234478,2
ENSG00000234494,2
ENSG00000234498,2
ENSG00000234500,2
ENSG00000234518,2
ENSG00000234545,2
ENSG00000234546,2
ENSG00000234585,2
ENSG00000234602,1
ENSG00000234608,2
ENSG00000234614,1
ENSG00000234616,2
ENSG00000234618,2
ENSG00000234648,2
ENSG00000234663,1
ENSG00000234664,2
ENSG00000234678,1
ENSG00000234684,2
ENSG00000234690,2
ENSG00000234694,2
ENSG00000234705,2
ENSG00000234715,1
ENSG00000234719,2
ENSG00000234741,1
ENSG00000234742,2
ENSG00000234745,2
ENSG00000234753,1
ENSG00000234769,2
ENSG00000234771,1
ENSG00000234782,2
ENSG00000234797,2
ENSG00000234807,2
ENSG00000234814,2
ENSG00000234840,2
ENSG00000234854,1
ENSG00000234869,2
ENSG00000234883,2
ENSG00000234899,2
ENSG00000234911,2
ENSG00000234912,2
ENSG00000234949,2
ENSG00000234975,2
ENSG00000234996,1
ENSG00000234997,2
ENSG00000235016,2
ENSG00000235026,1
ENSG00000235027,1
ENSG00000235033,2
ENSG00000235043,2
ENSG00000235065,2
ENSG00000235084,2
ENSG00000235092,2
ENSG00000235098,2
ENSG00000235106,2
ENSG00000235109,2
ENSG00000235123,1
ENSG00000235142,1
ENSG00000235162,2
ENSG00000235169,2
ENSG00000235173,1
ENSG00000235174,2
ENSG00000235194,2
ENSG00000235217,2
ENSG00000235244,1
ENSG00000235245,2
ENSG00000235257,2
ENSG00000235269,1
ENSG00000235280,2
ENSG00000235314,2
ENSG00000235316,2
ENSG00000235374,2
ENSG00000235381,2
ENSG00000235385,0
ENSG00000235387,0
ENSG00000235437,2
ENSG00000235453,2
ENSG00000235501,0
ENSG00000235505,0
ENSG00000235508,2
ENSG00000235513,2
ENSG00000235529,0
ENSG00000235531,2
ENSG00000235552,2
ENSG00000235560,2
ENSG00000235563,1
ENSG00000235568,0
ENSG00000235576,2
ENSG00000235584,0
ENSG00000235587,1
ENSG00000235601,1
ENSG00000235609,2
ENSG00000235621,1
ENSG00000235636,2
ENSG00000235649,1
ENSG00000235652,2
ENSG00000235655,2
ENSG00000235703,1
ENSG00000235706,2
ENSG00000235721,1
ENSG00000235726,1
ENSG00000235750,0
ENSG00000235770,0
ENSG00000235776,2
ENSG00000235823,2
ENSG00000235831,2
ENSG00000235847,1
ENSG00000235848,1
ENSG00000235859,2
ENSG00000235863,2
ENSG00000235865,2
ENSG00000235888,2
ENSG00000235890,2
ENSG00000235899,1
ENSG00000235903,1
ENSG00000235904,0
ENSG00000235919,2
ENSG00000235944,2
ENSG00000235947,1
ENSG00000235954,2
ENSG00000235961,1
ENSG00000235978,1
ENSG00000235997,0
ENSG00000236008,1
ENSG00000236015,1
ENSG00000236017,1
ENSG00000236039,1
ENSG00000236060,2
ENSG00000236081,1
ENSG00000236088,2
ENSG00000236090,1
ENSG00000236104,2
ENSG00000236107,2
ENSG00000236120,2
ENSG00000236144,1
ENSG00000236155,2
ENSG00000236200,1
ENSG00000236204,1
ENSG00000236212,1
ENSG00000236242,0
ENSG00000236255,2
ENSG00000236264,2
ENSG00000236279,1
ENSG00000236283,1
ENSG00000236287,2
ENSG00000236304,0
ENSG00000236318,1
ENSG00000236333,0
ENSG00000236345,1
ENSG00000236383,2
ENSG00000236393,2
ENSG00000236397,2
ENSG00000236404,2
ENSG00000236423,1
ENSG00000236431,2
ENSG00000236432,2
ENSG00000236438,2
ENSG00000236439,2
ENSG00000236449,1
ENSG00000236499,1
ENSG00000236529,1
ENSG00000236540,2
ENSG00000236548,2
ENSG00000236552,2
ENSG00000236609,2
ENSG00000236675,1
ENSG00000236682,2
ENSG00000236699,2
ENSG00000236700,0
ENSG00000236714,2
ENSG00000236751,2
ENSG00000236753,2
ENSG00000236778,2
ENSG00000236790,1
ENSG00000236801,2
ENSG00000236809,1
ENSG00000236810,2
ENSG00000236824,2
ENSG00000236829,2
ENSG00000236830,2
ENSG00000236859,2
ENSG00000236861,2
ENSG00000236871,1
ENSG00000236901,2
ENSG00000236914,0
ENSG00000236975,1
ENSG00000237004,2
ENSG00000237017,1
ENSG00000237032,2
ENSG00000237036,2
ENSG00000237037,2
ENSG00000237039,2
ENSG00000237094,2
ENSG00000237111,1
ENSG00000237126,2
ENSG00000237149,2
ENSG00000237172,2
ENSG00000237181,2
ENSG00000237187,2
ENSG00000237190,2
ENSG00000237214,2
ENSG00000237232,2
ENSG00000237238,2
ENSG00000237248,0
ENSG00000237276,2
ENSG00000237289,1
ENSG00000237298,2
ENSG00000237310,2
ENSG00000237330,2
ENSG00000237350,2
ENSG00000237352,2
ENSG00000237356,2
ENSG00000237361,1
ENSG00000237372,2
ENSG00000237399,2
ENSG00000237413,0
ENSG00000237424,1
ENSG00000237438,1
ENSG00000237440,2
ENSG00000237441,2
ENSG00000237463,1
ENSG00000237476,2
ENSG00000237489,2
ENSG00000237491,1
ENSG00000237499,2
ENSG00000237513,2
ENSG00000237522,2
ENSG00000237523,1
ENSG00000237541,2
ENSG00000237550,2
ENSG00000237596,2
ENSG00000237614,2
ENSG00000237638,2
ENSG00000237643,1
ENSG00000237649,1
ENSG00000237686,1
ENSG00000237753,2
ENSG00000237765,2
ENSG00000237773,2
ENSG00000237781,2
ENSG00000237807,2
ENSG00000237813,0
ENSG00000237854,2
ENSG00000237877,1
ENSG00000237883,2
ENSG00000237886,2
ENSG00000237940,1
ENSG00000237943,2
ENSG00000237945,2
ENSG00000237950,1
ENSG00000237973,2
ENSG00000237975,2
ENSG00000237977,1
ENSG00000237978,1
ENSG00000237984,2
ENSG00000237988,1
ENSG00000237989,2
ENSG00000237991,2
ENSG00000238000,2
ENSG00000238005,1
ENSG00000238018,0
ENSG00000238042,1
ENSG00000238045,2
ENSG00000238058,2
ENSG00000238072,2
ENSG00000238083,2
ENSG00000238086,2
ENSG00000238098,1
ENSG00000238103,2
ENSG00000238105,2
ENSG00000238113,2
ENSG00000238120,2
ENSG00000238121,2
ENSG00000238142,2
ENSG00000238164,2
ENSG00000238197,2
ENSG00000238227,2
ENSG00000238228,1
ENSG00000238249,2
ENSG00000238266,1
ENSG00000238273,1
ENSG00000238278,2
ENSG00000238279,2
ENSG00000238290,1
ENSG00000239213,2
ENSG00000239246,2
ENSG00000239264,1
ENSG00000239305,2
ENSG00000239306,2
ENSG00000239382,1
ENSG00000239388,2
ENSG00000239389,2
ENSG00000239405,2
ENSG00000239407,2
ENSG00000239415,1
ENSG00000239445,2
ENSG00000239467,0
ENSG00000239521,2
ENSG00000239523,2
ENSG00000239559,2
ENSG00000239569,2
ENSG00000239571,1
ENSG00000239653,2
ENSG00000239665,2
ENSG00000239672,1
ENSG00000239697,0
ENSG00000239704,2
ENSG00000239713,2
ENSG00000239763,2
ENSG00000239779,2
ENSG00000239789,2
ENSG00000239819,1
ENSG00000239830,2
ENSG00000239855,1
ENSG00000239857,1
ENSG00000239883,2
ENSG00000239887,2
ENSG00000239900,2
ENSG00000239911,2
ENSG00000239951,1
ENSG00000239961,2
ENSG00000239975,1
ENSG00000239998,2
ENSG00000240024,2
ENSG00000240038,2
ENSG00000240041,1
ENSG00000240053,2
ENSG00000240057,2
ENSG00000240065,2
ENSG00000240086,1
ENSG00000240087,2
ENSG00000240137,2
ENSG00000240184,0
ENSG00000240204,1
ENSG00000240207,2
ENSG00000240216,1
ENSG00000240219,2
ENSG00000240225,2
ENSG00000240230,2
ENSG00000240280,1
ENSG00000240288,2
ENSG00000240291,2
ENSG00000240342,2
ENSG00000240344,2
ENSG00000240356,2
ENSG00000240370,2
ENSG00000240376,2
ENSG00000240382,1
ENSG00000240401,2
ENSG00000240429,1
ENSG00000240445,2
ENSG00000240449,2
ENSG00000240476,1
ENSG00000240489,2
ENSG00000240498,1
ENSG00000240505,2
ENSG00000240541,1
ENSG00000240563,0
ENSG00000240583,0
ENSG00000240602,2
ENSG00000240671,1
ENSG00000240682,2
ENSG00000240694,2
ENSG00000240731,2
ENSG00000240764,2
ENSG00000240771,2
ENSG00000240809,2
ENSG00000240849,2
ENSG00000240857,2
ENSG00000240859,2
ENSG00000240864,1
ENSG00000240875,2
ENSG00000240891,2
ENSG00000240898,2
ENSG00000240970,2
ENSG00000241015,2
ENSG00000241058,2
ENSG00000241106,2
ENSG00000241127,2
ENSG00000241158,0
ENSG00000241170,2
ENSG00000241244,1
ENSG00000241258,2
ENSG00000241288,2
ENSG00000241294,1
ENSG00000241316,2
ENSG00000241322,2
ENSG00000241343,1
ENSG00000241351,1
ENSG00000241359,1
ENSG00000241370,2
ENSG00000241388,1
ENSG00000241399,0
ENSG00000241404,2
ENSG00000241431,2
ENSG00000241468,2
ENSG00000241472,1
ENSG00000241484,2
ENSG00000241489,2
ENSG00000241506,2
ENSG00000241549,1
ENSG00000241553,2
ENSG00000241566,1
ENSG00000241635,1
ENSG00000241644,0
ENSG00000241684,0
ENSG00000241685,2
ENSG00000241717,0
ENSG00000241741,2
ENSG00000241749,1
ENSG00000241755,1
ENSG00000241764,2
ENSG00000241769,2
ENSG00000241837,2
ENSG00000241839,0
ENSG00000241852,2
ENSG00000241859,2
ENSG00000241878,2
ENSG00000241935,2
ENSG00000241945,2
ENSG00000241973,2
ENSG00000241990,2
ENSG00000242028,2
ENSG00000242071,2
ENSG00000242076,1
ENSG00000242082,1
ENSG00000242086,2
ENSG00000242110,2
ENSG00000242125,1
ENSG00000242147,1
ENSG00000242193,2
ENSG00000242242,1
ENSG00000242247,2
ENSG00000242258,2
ENSG00000242259,2
ENSG00000242265,2
ENSG00000242294,2
ENSG00000242299,2
ENSG00000242371,1
ENSG00000242372,2
ENSG00000242375,1
ENSG00000242472,1
ENSG00000242474,2
ENSG00000242485,2
ENSG00000242498,2
ENSG00000242516,2
ENSG00000242534,1
ENSG00000242574,2
ENSG00000242580,1
ENSG00000242588,2
ENSG00000242600,2
ENSG00000242612,1
ENSG00000242615,2
ENSG00000242622,2
ENSG00000242640,2
ENSG00000242715,1
ENSG00000242732,2
ENSG00000242759,2
ENSG00000242766,1
ENSG00000242779,2
ENSG00000242798,1
ENSG00000242802,2
ENSG00000242808,2
ENSG00000242861,2
ENSG00000242887,1
ENSG00000242960,2
ENSG00000243055,2
ENSG00000243063,1
ENSG00000243064,0
ENSG00000243069,2
ENSG00000243147,2
ENSG00000243155,2
ENSG00000243156,2
ENSG00000243176,2
ENSG00000243199,2
ENSG00000243232,2
ENSG00000243238,1
ENSG00000243244,0
ENSG00000243264,1
ENSG00000243279,2
ENSG00000243290,1
ENSG00000243302,2
ENSG00000243317,2
ENSG00000243323,1
ENSG00000243335,2
ENSG00000243364,1
ENSG00000243368,2
ENSG00000243449,1
ENSG00000243466,1
ENSG00000243477,2
ENSG00000243479,1
ENSG00000243517,2
ENSG00000243547,2
ENSG00000243566,0
ENSG00000243646,2
ENSG00000243649,1
ENSG00000243660,2
ENSG00000243667,2
ENSG00000243678,1
ENSG00000243679,2
ENSG00000243696,2
ENSG00000243701,0
ENSG00000243710,0
ENSG00000243716,2
ENSG00000243725,2
ENSG00000243742,1
ENSG00000243746,2
ENSG00000243753,2
ENSG00000243829,2
ENSG00000243836,2
ENSG00000243896,2
ENSG00000243910,0
ENSG00000243926,2
ENSG00000243927,2
ENSG00000243943,2
ENSG00000243955,2
ENSG00000243964,2
ENSG00000243970,2
ENSG00000244005,2
ENSG00000244026,2
ENSG00000244038,2
ENSG00000244041,2
ENSG00000244045,2
ENSG00000244055,2
ENSG00000244067,2
ENSG00000244116,1
ENSG00000244119,2
ENSG00000244128,1
ENSG00000244161,2
ENSG00000244165,2
ENSG00000244187,2
ENSG00000244198,2
ENSG00000244215,0
ENSG00000244242,1
ENSG00000244274,2
ENSG00000244280,0
ENSG00000244300,2
ENSG00000244306,1
ENSG00000244313,2
ENSG00000244363,2
ENSG00000244398,2
ENSG00000244405,0
ENSG00000244437,1
ENSG00000244459,2
ENSG00000244462,2
ENSG00000244476,0
ENSG00000244480,2
ENSG00000244482,0
ENSG00000244486,2
ENSG00000244509,2
ENSG00000244513,2
ENSG00000244538,2
ENSG00000244560,2
ENSG00000244575,1
ENSG00000244586,2
ENSG00000244593,1
ENSG00000244617,0
ENSG00000244625,2
ENSG00000244627,2
ENSG00000244649,1
ENSG00000244682,1
ENSG00000244687,2
ENSG00000244694,2
ENSG00000244716,2
ENSG00000244731,2
ENSG00000244733,2
ENSG00000244734,0
ENSG00000244754,2
ENSG00000244879,2
ENSG00000244921,2
ENSG00000244932,2
ENSG00000244953,0
ENSG00000244968,2
ENSG00000245025,2
ENSG00000245060,2
ENSG00000245105,2
ENSG00000245146,2
ENSG00000245149,1
ENSG00000245164,2
ENSG00000245205,2
ENSG00000245213,2
ENSG00000245248,2
ENSG00000245275,1
ENSG00000245281,2
ENSG00000245293,2
ENSG00000245317,2
ENSG00000245498,2
ENSG00000245522,1
ENSG00000245532,1
ENSG00000245552,2
ENSG00000245556,2
ENSG00000245571,2
ENSG00000245573,2
ENSG00000245614,1
ENSG00000245648,2
ENSG00000245651,1
ENSG00000245680,2
ENSG00000245694,2
ENSG00000245750,1
ENSG00000245848,2
ENSG00000245849,2
ENSG00000245904,2
ENSG00000245910,2
ENSG00000245937,2
ENSG00000245954,2
ENSG00000245958,2
ENSG00000245970,1
ENSG00000246067,2
ENSG00000246082,2
ENSG00000246089,2
ENSG00000246090,2
ENSG00000246100,2
ENSG00000246174,1
ENSG00000246203,1
ENSG00000246223,2
ENSG00000246228,1
ENSG00000246250,2
ENSG00000246263,2
ENSG00000246273,1
ENSG00000246308,2
ENSG00000246339,1
ENSG00000246366,1
ENSG00000246430,0
ENSG00000246451,2
ENSG00000246465,1
ENSG00000246523,2
ENSG00000246526,2
ENSG00000246560,2
ENSG00000246575,2
ENSG00000246582,1
ENSG00000246596,2
ENSG00000246640,2
ENSG00000246695,2
ENSG00000246705,2
ENSG00000246731,2
ENSG00000246763,2
ENSG00000246859,2
ENSG00000246877,2
ENSG00000246889,2
ENSG00000246898,2
ENSG00000246922,2
ENSG00000246982,1
ENSG00000246985,2
ENSG00000247077,2
ENSG00000247081,2
ENSG00000247092,2
ENSG00000247095,1
ENSG00000247121,2
ENSG00000247134,2
ENSG00000247137,1
ENSG00000247157,2
ENSG00000247199,2
ENSG00000247240,2
ENSG00000247271,2
ENSG00000247287,2
ENSG00000247315,2
ENSG00000247317,1
ENSG00000247373,1
ENSG00000247400,2
ENSG00000247498,2
ENSG00000247516,2
ENSG00000247556,2
ENSG00000247572,2
ENSG00000247595,2
ENSG00000247596,2
ENSG00000247626,2
ENSG00000247627,2
ENSG00000247679,2
ENSG00000247708,2
ENSG00000247735,1
ENSG00000247746,2
ENSG00000247774,2
ENSG00000247796,2
ENSG00000247809,2
ENSG00000247828,2
ENSG00000247903,2
ENSG00000247934,2
ENSG00000247950,2
ENSG00000247982,2
ENSG00000248008,2
ENSG00000248019,2
ENSG00000248049,2
ENSG00000248092,2
ENSG00000248124,2
ENSG00000248131,1
ENSG00000248144,1
ENSG00000248161,2
ENSG00000248243,1
ENSG00000248275,2
ENSG00000248309,2
ENSG00000248323,1
ENSG00000248329,1
ENSG00000248333,2
ENSG00000248334,2
ENSG00000248347,1
ENSG00000248367,1
ENSG00000248383,2
ENSG00000248429,1
ENSG00000248441,0
ENSG00000248474,1
ENSG00000248485,1
ENSG00000248487,2
ENSG00000248489,2
ENSG00000248508,2
ENSG00000248527,2
ENSG00000248538,1
ENSG00000248540,2
ENSG00000248593,2
ENSG00000248608,2
ENSG00000248636,2
ENSG00000248663,2
ENSG00000248671,2
ENSG00000248712,2
ENSG00000248713,1
ENSG00000248727,1
ENSG00000248734,2
ENSG00000248771,1
ENSG00000248801,0
ENSG00000248810,2
ENSG00000248858,2
ENSG00000248866,2
ENSG00000248874,1
ENSG00000248890,0
ENSG00000248898,1
ENSG00000248905,2
ENSG00000248923,2
ENSG00000248932,2
ENSG00000248994,2
ENSG00000249001,1
ENSG00000249007,1
ENSG00000249042,1
ENSG00000249087,1
ENSG00000249096,1
ENSG00000249115,2
ENSG00000249119,2
ENSG00000249158,1
ENSG00000249199,1
ENSG00000249207,2
ENSG00000249242,2
ENSG00000249249,0
ENSG00000249264,2
ENSG00000249279,2
ENSG00000249307,2
ENSG00000249348,2
ENSG00000249352,2
ENSG00000249353,2
ENSG00000249364,0
ENSG00000249379,1
ENSG00000249395,1
ENSG00000249437,2
ENSG00000249459,2
ENSG00000249464,2
ENSG00000249471,2
ENSG00000249485,2
ENSG00000249492,1
ENSG00000249502,2
ENSG00000249550,1
ENSG00000249572,2
ENSG00000249574,1
ENSG00000249592,1
ENSG00000249602,1
ENSG00000249626,1
ENSG00000249628,1
ENSG00000249641,1
ENSG00000249669,2
ENSG00000249673,2
ENSG00000249679,0
ENSG00000249684,2
ENSG00000249700,1
ENSG00000249715,2
ENSG00000249738,1
ENSG00000249740,2
ENSG00000249743,1
ENSG00000249746,1
ENSG00000249751,0
ENSG00000249816,2
ENSG00000249825,2
ENSG00000249846,2
ENSG00000249853,1
ENSG00000249855,2
ENSG00000249859,1
ENSG00000249896,1
ENSG00000249898,2
ENSG00000249915,1
ENSG00000249916,2
ENSG00000249936,2
ENSG00000249992,1
ENSG00000250012,2
ENSG00000250033,1
ENSG00000250041,0
ENSG00000250056,1
ENSG00000250067,2
ENSG00000250073,0
ENSG00000250091,2
ENSG00000250120,2
ENSG00000250131,2
ENSG00000250132,2
ENSG00000250133,1
ENSG00000250138,2
ENSG00000250144,2
ENSG00000250155,2
ENSG00000250159,2
ENSG00000250182,2
ENSG00000250208,2
ENSG00000250230,1
ENSG00000250237,2
ENSG00000250251,2
ENSG00000250266,0
ENSG00000250295,1
ENSG00000250303,2
ENSG00000250305,0
ENSG00000250312,2
ENSG00000250317,2
ENSG00000250318,2
ENSG00000250320,2
ENSG00000250328,2
ENSG00000250337,1
ENSG00000250343,1
ENSG00000250397,2
ENSG00000250462,2
ENSG00000250479,2
ENSG00000250486,2
ENSG00000250508,2
ENSG00000250509,2
ENSG00000250510,0
ENSG00000250519,2
ENSG00000250539,2
ENSG00000250546,1
ENSG00000250548,1
ENSG00000250565,2
ENSG00000250571,2
ENSG00000250602,1
ENSG00000250608,2
ENSG00000250616,2
ENSG00000250644,1
ENSG00000250673,2
ENSG00000250682,1
ENSG00000250722,0
ENSG00000250731,2
ENSG00000250742,1
ENSG00000250770,1
ENSG00000250771,2
ENSG00000250786,2
ENSG00000250790,2
ENSG00000250802,2
ENSG00000250859,2
ENSG00000250899,0
ENSG00000250903,2
ENSG00000250959,2
ENSG00000250978,0
ENSG00000250982,1
ENSG00000250986,0
ENSG00000250995,2
ENSG00000250999,2
ENSG00000251003,1
ENSG00000251022,2
ENSG00000251023,2
ENSG00000251026,1
ENSG00000251034,0
ENSG00000251039,1
ENSG00000251095,1
ENSG00000251131,1
ENSG00000251136,2
ENSG00000251138,1
ENSG00000251141,2
ENSG00000251143,2
ENSG00000251151,1
ENSG00000251161,2
ENSG00000251169,1
ENSG00000251179,1
ENSG00000251191,1
ENSG00000251192,2
ENSG00000251209,2
ENSG00000251230,0
ENSG00000251247,2
ENSG00000251273,1
ENSG00000251287,1
ENSG00000251301,2
ENSG00000251322,0
ENSG00000251350,1
ENSG00000251359,0
ENSG00000251363,1
ENSG00000251364,2
ENSG00000251365,1
ENSG00000251369,2
ENSG00000251381,1
ENSG00000251396,1
ENSG00000251417,2
ENSG00000251429,2
ENSG00000251432,2
ENSG00000251442,2
ENSG00000251474,2
ENSG00000251493,1
ENSG00000251495,2
ENSG00000251532,2
ENSG00000251546,1
ENSG00000251562,2
ENSG00000251580,2
ENSG00000251595,2
ENSG00000251600,0
ENSG00000251602,1
ENSG00000251615,2
ENSG00000251661,2
ENSG00000251664,0
ENSG00000251669,2
ENSG00000251867,2
ENSG00000253106,2
ENSG00000253120,1
ENSG00000253123,2
ENSG00000253132,1
ENSG00000253159,0
ENSG00000253194,0
ENSG00000253200,2
ENSG00000253210,2
ENSG00000253217,1
ENSG00000253227,1
ENSG00000253234,1
ENSG00000253251,2
ENSG00000253274,1
ENSG00000253276,2
ENSG00000253288,0
ENSG00000253293,1
ENSG00000253302,1
ENSG00000253304,2
ENSG00000253305,2
ENSG00000253313,2
ENSG00000253320,2
ENSG00000253330,2
ENSG00000253339,1
ENSG00000253341,2
ENSG00000253352,2
ENSG00000253368,2
ENSG00000253414,1
ENSG00000253417,1
ENSG00000253438,2
ENSG00000253451,1
ENSG00000253481,1
ENSG00000253485,2
ENSG00000253497,1
ENSG00000253520,2
ENSG00000253522,1
ENSG00000253525,1
ENSG00000253537,2
ENSG00000253540,1
ENSG00000253545,1
ENSG00000253549,0
ENSG00000253552,2
ENSG00000253563,2
ENSG00000253570,2
ENSG00000253598,2
ENSG00000253616,1
ENSG00000253626,2
ENSG00000253636,0
ENSG00000253641,1
ENSG00000253649,1
ENSG00000253665,1
ENSG00000253667,1
ENSG00000253669,2
ENSG00000253671,1
ENSG00000253676,2
ENSG00000253683,2
ENSG00000253686,1
ENSG00000253691,1
ENSG00000253706,1
ENSG00000253710,2
ENSG00000253716,2
ENSG00000253719,2
ENSG00000253729,1
ENSG00000253731,2
ENSG00000253738,2
ENSG00000253741,1
ENSG00000253742,1
ENSG00000253755,1
ENSG00000253763,1
ENSG00000253767,1
ENSG00000253818,1
ENSG00000253846,2
ENSG00000253854,2
ENSG00000253873,2
ENSG00000253878,2
ENSG00000253883,1
ENSG00000253910,2
ENSG00000253930,2
ENSG00000253936,1
ENSG00000253944,1
ENSG00000253948,2
ENSG00000253953,2
ENSG00000253958,2
ENSG00000253982,2
ENSG00000253998,1
ENSG00000254004,2
ENSG00000254024,2
ENSG00000254054,1
ENSG00000254056,1
ENSG00000254087,2
ENSG00000254093,2
ENSG00000254101,1
ENSG00000254109,0
ENSG00000254122,0
ENSG00000254143,1
ENSG00000254162,2
ENSG00000254166,1
ENSG00000254174,1
ENSG00000254206,2
ENSG00000254221,2
ENSG00000254231,2
ENSG00000254245,2
ENSG00000254285,1
ENSG00000254290,1
ENSG00000254332,2
ENSG00000254343,2
ENSG00000254349,1
ENSG00000254363,2
ENSG00000254367,1
ENSG00000254389,1
ENSG00000254395,1
ENSG00000254415,0
ENSG00000254419,2
ENSG00000254428,2
ENSG00000254469,2
ENSG00000254470,2
ENSG00000254473,2
ENSG00000254505,2
ENSG00000254521,2
ENSG00000254528,1
ENSG00000254531,2
ENSG00000254535,2
ENSG00000254536,1
ENSG00000254558,1
ENSG00000254560,1
ENSG00000254585,1
ENSG00000254595,2
ENSG00000254612,2
ENSG00000254614,2
ENSG00000254615,1
ENSG00000254632,1
ENSG00000254635,2
ENSG00000254670,2
ENSG00000254681,2
ENSG00000254682,2
ENSG00000254685,2
ENSG00000254703,0
ENSG00000254709,1
ENSG00000254726,1
ENSG00000254810,0
ENSG00000254815,1
ENSG00000254827,1
ENSG00000254837,2
ENSG00000254838,2
ENSG00000254851,2
ENSG00000254858,2
ENSG00000254860,2
ENSG00000254872,1
ENSG00000254876,2
ENSG00000254893,2
ENSG00000254901,2
ENSG00000254909,2
ENSG00000254910,2
ENSG00000254973,1
ENSG00000254986,2
ENSG00000254988,1
ENSG00000254995,2
ENSG00000254996,2
ENSG00000254999,2
ENSG00000255007,2
ENSG00000255026,1
ENSG00000255031,1
ENSG00000255052,2
ENSG00000255062,2
ENSG00000255085,2
ENSG00000255112,2
ENSG00000255121,2
ENSG00000255135,2
ENSG00000255142,1
ENSG00000255145,2
ENSG00000255150,2
ENSG00000255153,2
ENSG00000255182,1
ENSG00000255197,0
ENSG00000255198,2
ENSG00000255200,2
ENSG00000255224,1
ENSG00000255248,2
ENSG00000255277,2
ENSG00000255284,2
ENSG00000255302,2
ENSG00000255306,2
ENSG00000255310,0
ENSG00000255320,2
ENSG00000255337,2
ENSG00000255345,1
ENSG00000255346,1
ENSG00000255366,1
ENSG00000255389,0
ENSG00000255398,0
ENSG00000255399,0
ENSG00000255408,2
ENSG00000255422,0
ENSG00000255423,2
ENSG00000255458,2
ENSG00000255462,1
ENSG00000255468,0
ENSG00000255471,0
ENSG00000255491,1
ENSG00000255508,2
ENSG00000255517,2
ENSG00000255529,2
ENSG00000255545,1
ENSG00000255559,1
ENSG00000255561,2
ENSG00000255568,2
ENSG00000255571,1
ENSG00000255585,1
ENSG00000255587,0
ENSG00000255595,1
ENSG00000255622,1
ENSG00000255624,1
ENSG00000255642,2
ENSG00000255690,2
ENSG00000255717,1
ENSG00000255733,1
ENSG00000255737,2
ENSG00000255769,2
ENSG00000255774,1
ENSG00000255794,0
ENSG00000255815,1
ENSG00000255823,2
ENSG00000255833,2
ENSG00000255836,1
ENSG00000255837,1
ENSG00000255847,1
ENSG00000255857,2
ENSG00000255874,1
ENSG00000255910,1
ENSG00000255974,2
ENSG00000256039,1
ENSG00000256043,2
ENSG00000256053,2
ENSG00000256060,2
ENSG00000256061,2
ENSG00000256073,2
ENSG00000256087,2
ENSG00000256092,1
ENSG00000256128,1
ENSG00000256151,2
ENSG00000256223,2
ENSG00000256229,1
ENSG00000256235,2
ENSG00000256269,1
ENSG00000256294,2
ENSG00000256338,2
ENSG00000256340,2
ENSG00000256393,2
ENSG00000256417,1
ENSG00000256433,2
ENSG00000256443,1
ENSG00000256525,1
ENSG00000256537,2
ENSG00000256540,0
ENSG00000256546,2
ENSG00000256564,1
ENSG00000256576,2
ENSG00000256591,1
ENSG00000256594,2
ENSG00000256612,2
ENSG00000256615,2
ENSG00000256618,2
ENSG00000256628,2
ENSG00000256663,1
ENSG00000256667,2
ENSG00000256673,1
ENSG00000256683,2
ENSG00000256694,0
ENSG00000256751,2
ENSG00000256771,2
ENSG00000256802,1
ENSG00000256806,2
ENSG00000256870,2
ENSG00000256894,2
ENSG00000256948,0
ENSG00000256967,1
ENSG00000256968,1
ENSG00000256969,2
ENSG00000257017,2
ENSG00000257027,1
ENSG00000257038,0
ENSG00000257057,0
ENSG00000257084,2
ENSG00000257093,2
ENSG00000257103,2
ENSG00000257108,0
ENSG00000257122,2
ENSG00000257135,1
ENSG00000257167,1
ENSG00000257176,2
ENSG00000257185,1
ENSG00000257218,2
ENSG00000257221,1
ENSG00000257242,2
ENSG00000257261,2
ENSG00000257267,2
ENSG00000257270,1
ENSG00000257285,2
ENSG00000257303,2
ENSG00000257335,0
ENSG00000257337,2
ENSG00000257354,2
ENSG00000257365,2
ENSG00000257474,0
ENSG00000257497,2
ENSG00000257511,2
ENSG00000257512,1
ENSG00000257556,2
ENSG00000257557,2
ENSG00000257588,1
ENSG00000257596,1
ENSG00000257599,2
ENSG00000257604,0
ENSG00000257621,2
ENSG00000257654,1
ENSG00000257671,2
ENSG00000257698,2
ENSG00000257702,2
ENSG00000257704,2
ENSG00000257718,2
ENSG00000257727,2
ENSG00000257800,2
ENSG00000257815,2
ENSG00000257826,2
ENSG00000257829,1
ENSG00000257838,2
ENSG00000257842,1
ENSG00000257883,1
ENSG00000257894,0
ENSG00000257906,1
ENSG00000257923,2
ENSG00000257924,1
ENSG00000258053,1
ENSG00000258056,2
ENSG00000258057,2
ENSG00000258102,2
ENSG00000258168,2
ENSG00000258227,2
ENSG00000258289,2
ENSG00000258302,2
ENSG00000258343,2
ENSG00000258346,1
ENSG00000258366,1
ENSG00000258376,2
ENSG00000258405,2
ENSG00000258424,2
ENSG00000258441,2
ENSG00000258457,2
ENSG00000258469,1
ENSG00000258484,2
ENSG00000258498,2
ENSG00000258512,2
ENSG00000258521,2
ENSG00000258526,1
ENSG00000258545,0
ENSG00000258559,2
ENSG00000258634,2
ENSG00000258647,0
ENSG00000258655,2
ENSG00000258661,1
ENSG00000258667,1
ENSG00000258676,2
ENSG00000258682,2
ENSG00000258689,1
ENSG00000258701,1
ENSG00000258704,2
ENSG00000258708,2
ENSG00000258733,2
ENSG00000258738,2
ENSG00000258741,2
ENSG00000258744,2
ENSG00000258752,0
ENSG00000258754,1
ENSG00000258768,2
ENSG00000258818,2
ENSG00000258819,0
ENSG00000258837,1
ENSG00000258839,2
ENSG00000258844,2
ENSG00000258867,2
ENSG00000258875,2
ENSG00000258890,2
ENSG00000258920,2
ENSG00000258926,2
ENSG00000258947,1
ENSG00000258952,1
ENSG00000258986,1
ENSG00000259005,2
ENSG00000259030,2
ENSG00000259065,2
ENSG00000259070,0
ENSG00000259078,1
ENSG00000259087,0
ENSG00000259094,0
ENSG00000259104,2
ENSG00000259120,2
ENSG00000259129,1
ENSG00000259134,0
ENSG00000259146,2
ENSG00000259153,1
ENSG00000259203,1
ENSG00000259207,1
ENSG00000259225,0
ENSG00000259230,1
ENSG00000259248,2
ENSG00000259250,2
ENSG00000259275,2
ENSG00000259291,2
ENSG00000259295,2
ENSG00000259319,2
ENSG00000259330,2
ENSG00000259337,1
ENSG00000259341,2
ENSG00000259342,1
ENSG00000259343,1
ENSG00000259345,1
ENSG00000259353,1
ENSG00000259354,1
ENSG00000259363,0
ENSG00000259366,2
ENSG00000259417,0
ENSG00000259426,2
ENSG00000259429,2
ENSG00000259431,2
ENSG00000259439,1
ENSG00000259448,2
ENSG00000259456,2
ENSG00000259459,2
ENSG00000259479,1
ENSG00000259485,1
ENSG00000259490,1
ENSG00000259494,2
ENSG00000259495,2
ENSG00000259523,0
ENSG00000259562,2
ENSG00000259577,2
ENSG00000259583,2
ENSG00000259612,2
ENSG00000259642,0
ENSG00000259663,1
ENSG00000259668,2
ENSG00000259673,2
ENSG00000259674,1
ENSG00000259680,1
ENSG00000259687,2
ENSG00000259692,1
ENSG00000259728,2
ENSG00000259768,2
ENSG00000259772,1
ENSG00000259781,2
ENSG00000259802,1
ENSG00000259803,2
ENSG00000259807,1
ENSG00000259820,2
ENSG00000259826,2
ENSG00000259828,1
ENSG00000259834,2
ENSG00000259856,2
ENSG00000259863,0
ENSG00000259865,2
ENSG00000259877,2
ENSG00000259884,2
ENSG00000259891,2
ENSG00000259917,2
ENSG00000259925,2
ENSG00000259933,1
ENSG00000259943,2
ENSG00000259953,2
ENSG00000259956,2
ENSG00000259959,2
ENSG00000259969,2
ENSG00000259972,2
ENSG00000259974,2
ENSG00000259985,1
ENSG00000259994,2
ENSG00000260000,2
ENSG00000260005,1
ENSG00000260007,2
ENSG00000260018,2
ENSG00000260025,2
ENSG00000260027,1
ENSG00000260032,2
ENSG00000260051,1
ENSG00000260063,2
ENSG00000260077,2
ENSG00000260081,2
ENSG00000260083,2
ENSG00000260086,0
ENSG00000260097,2
ENSG00000260101,2
ENSG00000260118,2
ENSG00000260135,2
ENSG00000260136,2
ENSG00000260160,2
ENSG00000260193,2
ENSG00000260196,2
ENSG00000260197,2
ENSG00000260219,2
ENSG00000260220,2
ENSG00000260228,2
ENSG00000260230,2
ENSG00000260231,2
ENSG00000260233,2
ENSG00000260236,2
ENSG00000260249,2
ENSG00000260257,2
ENSG00000260259,2
ENSG00000260260,2
ENSG00000260261,1
ENSG00000260265,1
ENSG00000260267,2
ENSG00000260274,2
ENSG00000260276,2
ENSG00000260279,2
ENSG00000260285,2
ENSG00000260289,1
ENSG00000260293,1
ENSG00000260296,2
ENSG00000260302,1
ENSG00000260314,0
ENSG00000260317,2
ENSG00000260318,2
ENSG00000260325,1
ENSG00000260328,1
ENSG00000260329,2
ENSG00000260337,2
ENSG00000260361,2
ENSG00000260372,0
ENSG00000260398,0
ENSG00000260400,2
ENSG00000260404,2
ENSG00000260418,2
ENSG00000260423,2
ENSG00000260428,1
ENSG00000260430,1
ENSG00000260459,2
ENSG00000260526,2
ENSG00000260528,2
ENSG00000260549,2
ENSG00000260563,2
ENSG00000260565,2
ENSG00000260573,1
ENSG00000260588,2
ENSG00000260604,1
ENSG00000260618,2
ENSG00000260630,2
ENSG00000260641,1
ENSG00000260643,2
ENSG00000260695,0
ENSG00000260704,1
ENSG00000260708,2
ENSG00000260711,2
ENSG00000260742,0
ENSG00000260751,1
ENSG00000260774,1
ENSG00000260778,0
ENSG00000260793,2
ENSG00000260802,0
ENSG00000260804,0
ENSG00000260805,2
ENSG00000260806,2
ENSG00000260807,1
ENSG00000260852,1
ENSG00000260853,2
ENSG00000260855,2
ENSG00000260877,1
ENSG00000260884,2
ENSG00000260908,0
ENSG00000260912,2
ENSG00000260916,2
ENSG00000260917,2
ENSG00000260920,1
ENSG00000260924,1
ENSG00000260941,0
ENSG00000260942,1
ENSG00000260943,0
ENSG00000260948,2
ENSG00000260992,2
ENSG00000260997,2
ENSG00000261008,1
ENSG00000261039,1
ENSG00000261040,2
ENSG00000261051,1
ENSG00000261061,2
ENSG00000261068,2
ENSG00000261087,2
ENSG00000261094,2
ENSG00000261098,2
ENSG00000261104,1
ENSG00000261105,2
ENSG00000261115,1
ENSG00000261118,2
ENSG00000261123,1
ENSG00000261126,1
ENSG00000261136,1
ENSG00000261143,0
ENSG00000261150,2
ENSG00000261167,2
ENSG00000261172,2
ENSG00000261175,1
ENSG00000261183,2
ENSG00000261188,2
ENSG00000261189,1
ENSG00000261192,1
ENSG00000261211,1
ENSG00000261220,1
ENSG00000261221,2
ENSG00000261231,1
ENSG00000261236,1
ENSG00000261253,1
ENSG00000261270,2
ENSG00000261272,1
ENSG00000261286,2
ENSG00000261305,1
ENSG00000261308,1
ENSG00000261324,1
ENSG00000261326,1
ENSG00000261327,1
ENSG00000261338,0
ENSG00000261342,2
ENSG00000261351,2
ENSG00000261360,1
ENSG00000261371,0
ENSG00000261373,1
ENSG00000261377,1
ENSG00000261408,2
ENSG00000261423,2
ENSG00000261437,2
ENSG00000261455,2
ENSG00000261468,0
ENSG00000261469,2
ENSG00000261474,2
ENSG00000261485,2
ENSG00000261488,2
ENSG00000261490,2
ENSG00000261512,2
ENSG00000261526,2
ENSG00000261534,2
ENSG00000261542,2
ENSG00000261553,2
ENSG00000261556,2
ENSG00000261560,2
ENSG00000261572,2
ENSG00000261578,1
ENSG00000261594,2
ENSG00000261600,2
ENSG00000261609,2
ENSG00000261618,0
ENSG00000261634,0
ENSG00000261644,2
ENSG00000261652,2
ENSG00000261654,1
ENSG00000261655,2
ENSG00000261656,1
ENSG00000261659,2
ENSG00000261663,2
ENSG00000261716,1
ENSG00000261737,2
ENSG00000261742,2
ENSG00000261754,2
ENSG00000261761,1
ENSG00000261762,1
ENSG00000261770,1
ENSG00000261786,0
ENSG00000261787,1
ENSG00000261799,2
ENSG00000261801,1
ENSG00000261804,1
ENSG00000261819,2
ENSG00000261824,2
ENSG00000261863,0
ENSG00000261879,2
ENSG00000261884,2
ENSG00000261888,0
ENSG00000261889,2
ENSG00000261934,2
ENSG00000261971,2
ENSG00000262001,2
ENSG00000262089,2
ENSG00000262097,0
ENSG00000262136,1
ENSG00000262152,1
ENSG00000262155,2
ENSG00000262185,2
ENSG00000262209,2
ENSG00000262223,1
ENSG00000262246,2
ENSG00000262294,2
ENSG00000262312,2
ENSG00000262333,2
ENSG00000262370,0
ENSG00000262406,1
ENSG00000262410,1
ENSG00000262454,2
ENSG00000262468,1
ENSG00000262539,2
ENSG00000262558,2
ENSG00000262576,2
ENSG00000262580,1
ENSG00000262587,2
ENSG00000262655,2
ENSG00000262691,2
ENSG00000262714,1
ENSG00000262766,2
ENSG00000262772,1
ENSG00000262814,1
ENSG00000262823,2
ENSG00000262873,1
ENSG00000262877,2
ENSG00000262879,2
ENSG00000262884,1
ENSG00000262902,2
ENSG00000262903,1
ENSG00000262919,2
ENSG00000262920,1
ENSG00000262943,1
ENSG00000262979,1
ENSG00000263001,2
ENSG00000263002,2
ENSG00000263004,2
ENSG00000263006,2
ENSG00000263069,2
ENSG00000263072,2
ENSG00000263155,0
ENSG00000263264,2
ENSG00000263266,2
ENSG00000263272,2
ENSG00000263293,1
ENSG00000263301,1
ENSG00000263327,2
ENSG00000263345,2
ENSG00000263368,2
ENSG00000263412,1
ENSG00000263465,2
ENSG00000263503,2
ENSG00000263513,1
ENSG00000263528,1
ENSG00000263563,2
ENSG00000263639,1
ENSG00000263711,1
ENSG00000263718,2
ENSG00000263731,2
ENSG00000263740,1
ENSG00000263745,1
ENSG00000263753,2
ENSG00000263843,2
ENSG00000263847,1
ENSG00000263874,2
ENSG00000263893,1
ENSG00000263934,1
ENSG00000263956,2
ENSG00000263961,0
ENSG00000264070,2
ENSG00000264112,1
ENSG00000264230,0
ENSG00000264247,2
ENSG00000264278,2
ENSG00000264281,2
ENSG00000264350,2
ENSG00000264364,2
ENSG00000264456,2
ENSG00000264522,2
ENSG00000264538,1
ENSG00000264575,2
ENSG00000264577,2
ENSG00000264920,2
ENSG00000264964,2
ENSG00000265018,2
ENSG00000265055,1
ENSG00000265107,0
ENSG00000265148,2
ENSG00000265190,0
ENSG00000265194,1
ENSG00000265206,2
ENSG00000265241,2
ENSG00000265298,2
ENSG00000265354,2
ENSG00000265413,2
ENSG00000265458,2
ENSG00000265491,2
ENSG00000265511,2
ENSG00000265519,2
ENSG00000265531,2
ENSG00000265590,1
ENSG00000265666,2
ENSG00000265681,1
ENSG00000265688,1
ENSG00000265743,2
ENSG00000265750,1
ENSG00000265752,0
ENSG00000265763,1
ENSG00000265778,2
ENSG00000265800,1
ENSG00000265808,2
ENSG00000265817,2
ENSG00000265933,1
ENSG00000265972,2
ENSG00000265975,2
ENSG00000265982,2
ENSG00000266010,0
ENSG00000266028,2
ENSG00000266053,2
ENSG00000266066,1
ENSG00000266074,2
ENSG00000266088,1
ENSG00000266094,2
ENSG00000266173,2
ENSG00000266236,1
ENSG00000266256,0
ENSG00000266274,2
ENSG00000266338,2
ENSG00000266405,2
ENSG00000266412,2
ENSG00000266472,2
ENSG00000266524,0
ENSG00000266602,1
ENSG00000266680,2
ENSG00000266709,2
ENSG00000266714,2
ENSG00000266718,2
ENSG00000266777,2
ENSG00000266830,1
ENSG00000266835,2
ENSG00000266865,2
ENSG00000266869,1
ENSG00000266896,2
ENSG00000266903,2
ENSG00000266904,2
ENSG00000266910,2
ENSG00000266916,1
ENSG00000266947,2
ENSG00000266962,2
ENSG00000266967,1
ENSG00000266968,1
ENSG00000266970,1
ENSG00000267002,2
ENSG00000267013,1
ENSG00000267023,2
ENSG00000267040,2
ENSG00000267041,2
ENSG00000267056,1
ENSG00000267064,2
ENSG00000267072,0
ENSG00000267074,2
ENSG00000267080,2
ENSG00000267082,2
ENSG00000267100,2
ENSG00000267102,2
ENSG00000267106,2
ENSG00000267107,0
ENSG00000267121,1
ENSG00000267123,1
ENSG00000267128,1
ENSG00000267147,1
ENSG00000267169,2
ENSG00000267199,2
ENSG00000267213,1
ENSG00000267221,2
ENSG00000267244,2
ENSG00000267248,2
ENSG00000267249,2
ENSG00000267254,2
ENSG00000267259,0
ENSG00000267265,2
ENSG00000267270,2
ENSG00000267272,2
ENSG00000267278,1
ENSG00000267280,0
ENSG00000267288,2
ENSG00000267296,2
ENSG00000267309,2
ENSG00000267313,1
ENSG00000267317,2
ENSG00000267321,2
ENSG00000267364,2
ENSG00000267365,2
ENSG00000267369,2
ENSG00000267370,2
ENSG00000267374,1
ENSG00000267383,1
ENSG00000267390,2
ENSG00000267395,2
ENSG00000267414,0
ENSG00000267419,2
ENSG00000267432,1
ENSG00000267454,2
ENSG00000267466,1
ENSG00000267470,1
ENSG00000267475,2
ENSG00000267480,2
ENSG00000267481,2
ENSG00000267493,2
ENSG00000267506,1
ENSG00000267508,2
ENSG00000267519,2
ENSG00000267523,1
ENSG00000267530,0
ENSG00000267534,2
ENSG00000267547,2
ENSG00000267554,2
ENSG00000267565,2
ENSG00000267571,2
ENSG00000267575,2
ENSG00000267607,0
ENSG00000267632,2
ENSG00000267640,2
ENSG00000267655,2
ENSG00000267680,2
ENSG00000267731,2
ENSG00000267737,2
ENSG00000267745,2
ENSG00000267750,1
ENSG00000267751,1
ENSG00000267767,2
ENSG00000267787,2
ENSG00000267795,1
ENSG00000267796,2
ENSG00000267801,1
ENSG00000267809,2
ENSG00000267838,1
ENSG00000267858,2
ENSG00000267868,2
ENSG00000267871,2
ENSG00000267886,1
ENSG00000267892,1
ENSG00000267904,2
ENSG00000267934,2
ENSG00000268001,2
ENSG00000268006,2
ENSG00000268027,2
ENSG00000268030,2
ENSG00000268041,1
ENSG00000268043,2
ENSG00000268049,2
ENSG00000268061,2
ENSG00000268087,2
ENSG00000268089,1
ENSG00000268104,2
ENSG00000268119,1
ENSG00000268189,2
ENSG00000268204,2
ENSG00000268205,2
ENSG00000268218,1
ENSG00000268222,2
ENSG00000268230,2
ENSG00000268279,2
ENSG00000268307,1
ENSG00000268362,1
ENSG00000268364,2
ENSG00000268388,0
ENSG00000268403,1
ENSG00000268416,2
ENSG00000268460,1
ENSG00000268471,2
ENSG00000268516,2
ENSG00000268555,2
ENSG00000268573,1
ENSG00000268575,2
ENSG00000268658,1
ENSG00000268686,1
ENSG00000268751,2
ENSG00000268758,2
ENSG00000268812,1
ENSG00000268833,2
ENSG00000268836,2
ENSG00000268858,2
ENSG00000268895,2
ENSG00000268903,2
ENSG00000268912,2
ENSG00000268916,1
ENSG00000268947,2
ENSG00000268970,2
ENSG00000268996,2
ENSG00000269001,2
ENSG00000269028,2
ENSG00000269044,2
ENSG00000269054,2
ENSG00000269069,2
ENSG00000269086,2
ENSG00000269113,2
ENSG00000269155,2
ENSG00000269190,2
ENSG00000269220,2
ENSG00000269235,1
ENSG00000269293,2
ENSG00000269313,2
ENSG00000269335,2
ENSG00000269343,2
ENSG00000269352,2
ENSG00000269353,2
ENSG00000269378,2
ENSG00000269386,2
ENSG00000269397,1
ENSG00000269399,1
ENSG00000269404,1
ENSG00000269416,1
ENSG00000269427,2
ENSG00000269439,2
ENSG00000269514,2
ENSG00000269556,2
ENSG00000269609,2
ENSG00000269680,2
ENSG00000269696,2
ENSG00000269713,2
ENSG00000269737,2
ENSG00000269743,2
ENSG00000269821,1
ENSG00000269825,2
ENSG00000269834,2
ENSG00000269837,2
ENSG00000269855,1
ENSG00000269858,2
ENSG00000269867,2
ENSG00000269887,2
ENSG00000269893,2
ENSG00000269896,2
ENSG00000269906,2
ENSG00000269918,0
ENSG00000269929,2
ENSG00000269934,2
ENSG00000269951,2
ENSG00000269954,1
ENSG00000269958,2
ENSG00000269973,2
ENSG00000269976,2
ENSG00000269981,2
ENSG00000269982,2
ENSG00000269984,2
ENSG00000269985,2
ENSG00000269994,1
ENSG00000270012,2
ENSG00000270021,2
ENSG00000270039,2
ENSG00000270049,2
ENSG00000270055,2
ENSG00000270060,2
ENSG00000270069,2
ENSG00000270084,2
ENSG00000270091,0
ENSG00000270127,2
ENSG00000270157,2
ENSG00000270164,1
ENSG00000270170,2
ENSG00000270175,2
ENSG00000270177,2
ENSG00000270179,2
ENSG00000270194,2
ENSG00000270210,2
ENSG00000270231,2
ENSG00000270344,2
ENSG00000270362,2
ENSG00000270441,2
ENSG00000270472,1
ENSG00000270503,2
ENSG00000270504,2
ENSG00000270547,1
ENSG00000270550,1
ENSG00000270558,2
ENSG00000270562,1
ENSG00000270571,2
ENSG00000270605,2
ENSG00000270607,2
ENSG00000270629,2
ENSG00000270640,1
ENSG00000270647,2
ENSG00000270659,2
ENSG00000270673,2
ENSG00000270728,2
ENSG00000270761,1
ENSG00000270765,0
ENSG00000270804,1
ENSG00000270820,2
ENSG00000270864,1
ENSG00000270871,2
ENSG00000270882,1
ENSG00000270885,1
ENSG00000270933,1
ENSG00000270959,2
ENSG00000270964,2
ENSG00000270977,1
ENSG00000271009,2
ENSG00000271032,1
ENSG00000271109,2
ENSG00000271119,1
ENSG00000271122,2
ENSG00000271130,1
ENSG00000271133,1
ENSG00000271147,2
ENSG00000271151,1
ENSG00000271178,1
ENSG00000271270,2
ENSG00000271327,2
ENSG00000271335,2
ENSG00000271361,2
ENSG00000271375,1
ENSG00000271420,2
ENSG00000271425,2
ENSG00000271447,0
ENSG00000271474,0
ENSG00000271503,2
ENSG00000271533,2
ENSG00000271550,1
ENSG00000271553,2
ENSG00000271569,1
ENSG00000271601,2
ENSG00000271605,2
ENSG00000271614,0
ENSG00000271631,2
ENSG00000271643,2
ENSG00000271646,2
ENSG00000271662,1
ENSG00000271736,0
ENSG00000271737,2
ENSG00000271780,2
ENSG00000271781,1
ENSG00000271826,2
ENSG00000271851,2
ENSG00000271856,2
ENSG00000271857,1
ENSG00000271862,2
ENSG00000271869,2
ENSG00000271870,2
ENSG00000271895,2
ENSG00000271913,2
ENSG00000271918,2
ENSG00000271926,2
ENSG00000271936,1
ENSG00000271943,2
ENSG00000271959,2
ENSG00000271971,2
ENSG00000271976,2
ENSG00000272010,2
ENSG00000272031,1
ENSG00000272034,2
ENSG00000272037,1
ENSG00000272040,2
ENSG00000272047,2
ENSG00000272054,2
ENSG00000272068,1
ENSG00000272070,1
ENSG00000272077,2
ENSG00000272078,2
ENSG00000272079,2
ENSG00000272081,2
ENSG00000272084,2
ENSG00000272086,2
ENSG00000272106,2
ENSG00000272108,2
ENSG00000272129,2
ENSG00000272138,1
ENSG00000272140,2
ENSG00000272141,1
ENSG00000272142,2
ENSG00000272143,0
ENSG00000272144,2
ENSG00000272145,1
ENSG00000272150,2
ENSG00000272153,2
ENSG00000272156,2
ENSG00000272168,1
ENSG00000272183,1
ENSG00000272189,1
ENSG00000272221,2
ENSG00000272240,2
ENSG00000272274,0
ENSG00000272275,1
ENSG00000272279,2
ENSG00000272282,2
ENSG00000272288,2
ENSG00000272316,2
ENSG00000272320,2
ENSG00000272323,2
ENSG00000272325,2
ENSG00000272333,2
ENSG00000272335,2
ENSG00000272338,2
ENSG00000272341,2
ENSG00000272345,2
ENSG00000272356,2
ENSG00000272368,2
ENSG00000272374,2
ENSG00000272379,0
ENSG00000272382,1
ENSG00000272391,2
ENSG00000272398,1
ENSG00000272405,1
ENSG00000272419,2
ENSG00000272420,2
ENSG00000272447,2
ENSG00000272449,2
ENSG00000272455,1
ENSG00000272462,2
ENSG00000272463,0
ENSG00000272468,1
ENSG00000272476,2
ENSG00000272482,2
ENSG00000272501,2
ENSG00000272502,1
ENSG00000272505,2
ENSG00000272512,2
ENSG00000272518,2
ENSG00000272523,2
ENSG00000272556,1
ENSG00000272564,2
ENSG00000272568,2
ENSG00000272578,2
ENSG00000272588,2
ENSG00000272602,2
ENSG00000272604,2
ENSG00000272620,1
ENSG00000272622,1
ENSG00000272630,2
ENSG00000272631,2
ENSG00000272636,2
ENSG00000272645,1
ENSG00000272654,2
ENSG00000272655,2
ENSG00000272666,1
ENSG00000272667,2
ENSG00000272668,2
ENSG00000272669,2
ENSG00000272674,2
ENSG00000272686,2
ENSG00000272690,2
ENSG00000272692,2
ENSG00000272693,2
ENSG00000272695,0
ENSG00000272711,2
ENSG00000272720,1
ENSG00000272732,2
ENSG00000272734,2
ENSG00000272750,2
ENSG00000272758,2
ENSG00000272763,1
ENSG00000272767,1
ENSG00000272777,0
ENSG00000272791,2
ENSG00000272800,1
ENSG00000272807,2
ENSG00000272808,1
ENSG00000272825,1
ENSG00000272836,2
ENSG00000272841,2
ENSG00000272848,2
ENSG00000272849,2
ENSG00000272853,1
ENSG00000272865,0
ENSG00000272870,2
ENSG00000272871,2
ENSG00000272886,2
ENSG00000272888,2
ENSG00000272894,2
ENSG00000272899,2
ENSG00000272902,2
ENSG00000272908,0
ENSG00000272913,1
ENSG00000272918,2
ENSG00000272927,2
ENSG00000272933,2
ENSG00000272944,1
ENSG00000272970,2
ENSG00000272977,2
ENSG00000272983,2
ENSG00000272990,2
ENSG00000272994,2
ENSG00000273002,1
ENSG00000273014,2
ENSG00000273015,2
ENSG00000273018,2
ENSG00000273026,2
ENSG00000273032,1
ENSG00000273033,0
ENSG00000273045,1
ENSG00000273058,2
ENSG00000273066,2
ENSG00000273084,2
ENSG00000273100,0
ENSG00000273117,2
ENSG00000273129,1
ENSG00000273132,1
ENSG00000273136,2
ENSG00000273137,2
ENSG00000273142,2
ENSG00000273145,2
ENSG00000273148,2
ENSG00000273151,1
ENSG00000273156,2
ENSG00000273174,2
ENSG00000273179,1
ENSG00000273183,2
ENSG00000273188,2
ENSG00000273203,1
ENSG00000273213,2
ENSG00000273226,2
ENSG00000273230,1
ENSG00000273247,2
ENSG00000273253,2
ENSG00000273257,1
ENSG00000273270,2
ENSG00000273271,2
ENSG00000273274,1
ENSG00000273284,1
ENSG00000273295,2
ENSG00000273297,1
ENSG00000273301,2
ENSG00000273305,2
ENSG00000273306,2
ENSG00000273311,2
ENSG00000273314,2
ENSG00000273328,1
ENSG00000273329,2
ENSG00000273340,2
ENSG00000273344,2
ENSG00000273355,2
ENSG00000273356,2
ENSG00000273372,2
ENSG00000273373,1
ENSG00000273382,2
ENSG00000273437,2
ENSG00000273448,2
ENSG00000273449,1
ENSG00000273456,2
ENSG00000273472,2
ENSG00000273486,2
ENSG00000273540,0
ENSG00000273559,2
ENSG00000273576,2
ENSG00000273599,2
ENSG00000273604,1
ENSG00000273611,2
ENSG00000273619,1
ENSG00000273654,2
ENSG00000273702,2
ENSG00000273706,1
ENSG00000273723,1
ENSG00000273729,2
ENSG00000273749,2
ENSG00000273759,1
ENSG00000273760,0
ENSG00000273783,2
ENSG00000273796,2
ENSG00000273802,1
ENSG00000273812,2
ENSG00000273820,2
ENSG00000273828,2
ENSG00000273837,0
ENSG00000273841,2
ENSG00000273877,0
ENSG00000273891,2
ENSG00000273893,2
ENSG00000273899,1
ENSG00000273906,2
ENSG00000273983,1
ENSG00000274002,2
ENSG00000274020,1
ENSG00000274021,2
ENSG00000274070,2
ENSG00000274104,2
ENSG00000274114,1
ENSG00000274173,2
ENSG00000274180,0
ENSG00000274211,2
ENSG00000274220,2
ENSG00000274225,0
ENSG00000274253,2
ENSG00000274265,2
ENSG00000274276,1
ENSG00000274286,2
ENSG00000274290,1
ENSG00000274349,2
ENSG00000274370,0
ENSG00000274414,1
ENSG00000274422,2
ENSG00000274460,1
ENSG00000274471,2
ENSG00000274487,2
ENSG00000274512,2
ENSG00000274523,2
ENSG00000274536,0
ENSG00000274561,2
ENSG00000274565,2
ENSG00000274576,1
ENSG00000274602,2
ENSG00000274605,1
ENSG00000274712,2
ENSG00000274736,0
ENSG00000274750,1
ENSG00000274828,2
ENSG00000274849,2
ENSG00000274922,2
ENSG00000274925,1
ENSG00000274964,2
ENSG00000274979,1
ENSG00000275004,1
ENSG00000275023,2
ENSG00000275052,2
ENSG00000275066,2
ENSG00000275074,2
ENSG00000275111,2
ENSG00000275131,2
ENSG00000275180,1
ENSG00000275183,2
ENSG00000275202,2
ENSG00000275216,1
ENSG00000275223,2
ENSG00000275234,2
ENSG00000275302,2
ENSG00000275318,2
ENSG00000275325,2
ENSG00000275342,2
ENSG00000275367,2
ENSG00000275385,0
ENSG00000275395,1
ENSG00000275410,2
ENSG00000275437,1
ENSG00000275464,2
ENSG00000275494,2
ENSG00000275549,1
ENSG00000275557,2
ENSG00000275560,1
ENSG00000275580,2
ENSG00000275582,2
ENSG00000275620,1
ENSG00000275678,0
ENSG00000275700,2
ENSG00000275713,1
ENSG00000275734,2
ENSG00000275764,2
ENSG00000275765,2
ENSG00000275832,0
ENSG00000275835,2
ENSG00000275874,0
ENSG00000275880,1
ENSG00000275888,2
ENSG00000275894,2
ENSG00000275895,2
ENSG00000275896,1
ENSG00000275897,2
ENSG00000275964,2
ENSG00000275993,2
ENSG00000276007,2
ENSG00000276023,2
ENSG00000276043,1
ENSG00000276045,2
ENSG00000276070,2
ENSG00000276085,2
ENSG00000276107,1
ENSG00000276115,2
ENSG00000276116,1
ENSG00000276136,2
ENSG00000276141,2
ENSG00000276168,1
ENSG00000276170,0
ENSG00000276180,1
ENSG00000276231,2
ENSG00000276234,2
ENSG00000276248,2
ENSG00000276291,2
ENSG00000276293,2
ENSG00000276317,2
ENSG00000276334,1
ENSG00000276337,1
ENSG00000276409,0
ENSG00000276449,2
ENSG00000276476,1
ENSG00000276517,2
ENSG00000276529,2
ENSG00000276533,2
ENSG00000276547,2
ENSG00000276550,2
ENSG00000276564,1
ENSG00000276566,1
ENSG00000276570,2
ENSG00000276600,2
ENSG00000276644,0
ENSG00000276672,2
ENSG00000276698,2
ENSG00000276710,2
ENSG00000276715,1
ENSG00000276718,2
ENSG00000276728,2
ENSG00000276775,1
ENSG00000276791,2
ENSG00000276805,2
ENSG00000276846,2
ENSG00000276850,0
ENSG00000276851,1
ENSG00000276855,2
ENSG00000276900,1
ENSG00000276931,2
ENSG00000276952,2
ENSG00000276966,1
ENSG00000276975,2
ENSG00000276980,1
ENSG00000277007,2
ENSG00000277013,2
ENSG00000277053,2
ENSG00000277072,2
ENSG00000277075,1
ENSG00000277089,0
ENSG00000277117,2
ENSG00000277142,2
ENSG00000277147,2
ENSG00000277149,2
ENSG00000277159,2
ENSG00000277161,2
ENSG00000277182,1
ENSG00000277200,1
ENSG00000277203,2
ENSG00000277224,1
ENSG00000277258,2
ENSG00000277282,1
ENSG00000277283,2
ENSG00000277287,2
ENSG00000277290,1
ENSG00000277363,1
ENSG00000277369,2
ENSG00000277399,1
ENSG00000277443,2
ENSG00000277449,2
ENSG00000277462,2
ENSG00000277476,2
ENSG00000277494,0
ENSG00000277496,2
ENSG00000277511,2
ENSG00000277534,1
ENSG00000277559,2
ENSG00000277586,1
ENSG00000277632,2
ENSG00000277639,0
ENSG00000277687,2
ENSG00000277715,2
ENSG00000277734,2
ENSG00000277744,1
ENSG00000277758,0
ENSG00000277782,0
ENSG00000277791,2
ENSG00000277840,1
ENSG00000277879,2
ENSG00000277893,2
ENSG00000277938,2
ENSG00000277954,2
ENSG00000277969,2
ENSG00000277972,2
ENSG00000277978,2
ENSG00000278023,1
ENSG00000278030,2
ENSG00000278053,2
ENSG00000278107,2
ENSG00000278126,2
ENSG00000278129,2
ENSG00000278133,2
ENSG00000278156,2
ENSG00000278175,2
ENSG00000278192,1
ENSG00000278196,1
ENSG00000278212,2
ENSG00000278259,1
ENSG00000278263,1
ENSG00000278266,1
ENSG00000278291,2
ENSG00000278311,2
ENSG00000278318,1
ENSG00000278330,2
ENSG00000278376,2
ENSG00000278383,2
ENSG00000278385,2
ENSG00000278473,1
ENSG00000278484,0
ENSG00000278530,1
ENSG00000278535,1
ENSG00000278540,2
ENSG00000278600,2
ENSG00000278611,2
ENSG00000278619,1
ENSG00000278662,2
ENSG00000278709,1
ENSG00000278727,2
ENSG00000278730,2
ENSG00000278768,2
ENSG00000278771,1
ENSG00000278784,2
ENSG00000278811,1
ENSG00000278828,1
ENSG00000278845,2
ENSG00000278857,1
ENSG00000278864,2
ENSG00000278867,2
ENSG00000278869,2
ENSG00000278910,0
ENSG00000278912,1
ENSG00000278918,2
ENSG00000278921,0
ENSG00000278922,2
ENSG00000278949,2
ENSG00000278959,2
ENSG00000278962,2
ENSG00000278970,2
ENSG00000278974,2
ENSG00000278987,1
ENSG00000278989,2
ENSG00000278991,2
ENSG00000278997,2
ENSG00000279019,2
ENSG00000279026,0
ENSG00000279041,2
ENSG00000279048,1
ENSG00000279059,2
ENSG00000279069,2
ENSG00000279088,2
ENSG00000279089,1
ENSG00000279108,2
ENSG00000279118,2
ENSG00000279133,1
ENSG00000279159,1
ENSG00000279170,2
ENSG00000279198,2
ENSG00000279207,2
ENSG00000279227,2
ENSG00000279233,1
ENSG00000279253,2
ENSG00000279259,1
ENSG00000279267,2
ENSG00000279277,2
ENSG00000279278,1
ENSG00000279286,1
ENSG00000279314,2
ENSG00000279320,2
ENSG00000279329,2
ENSG00000279332,1
ENSG00000279342,2
ENSG00000279348,0
ENSG00000279368,1
ENSG00000279369,2
ENSG00000279382,2
ENSG00000279406,2
ENSG00000279407,2
ENSG00000279413,2
ENSG00000279425,2
ENSG00000279434,2
ENSG00000279443,1
ENSG00000279452,1
ENSG00000279453,0
ENSG00000279457,2
ENSG00000279483,2
ENSG00000279491,2
ENSG00000279495,1
ENSG00000279518,2
ENSG00000279520,2
ENSG00000279529,1
ENSG00000279602,1
ENSG00000279631,0
ENSG00000279649,2
ENSG00000279656,2
ENSG00000279662,0
ENSG00000279672,2
ENSG00000279673,2
ENSG00000279696,2
ENSG00000279700,2
ENSG00000279716,1
ENSG00000279722,2
ENSG00000279738,2
ENSG00000279741,1
ENSG00000279744,1
ENSG00000279759,2
ENSG00000279765,1
ENSG00000279789,1
ENSG00000279794,2
ENSG00000279806,1
ENSG00000279833,2
ENSG00000279838,0
ENSG00000279861,2
ENSG00000279863,1
ENSG00000279865,2
ENSG00000279878,1
ENSG00000279908,2
ENSG00000279926,1
ENSG00000279930,1
ENSG00000279965,0
ENSG00000279970,1
ENSG00000280002,2
ENSG00000280007,2
ENSG00000280027,1
ENSG00000280032,2
ENSG00000280039,1
ENSG00000280046,2
ENSG00000280047,2
ENSG00000280063,2
ENSG00000280067,1
ENSG00000280071,2
ENSG00000280077,2
ENSG00000280079,1
ENSG00000280081,1
ENSG00000280088,2
ENSG00000280099,0
ENSG00000280106,2
ENSG00000280109,1
ENSG00000280120,2
ENSG00000280128,2
ENSG00000280135,2
ENSG00000280138,2
ENSG00000280149,2
ENSG00000280152,2
ENSG00000280157,1
ENSG00000280173,2
ENSG00000280187,2
ENSG00000280193,2
ENSG00000280195,2
ENSG00000280202,1
ENSG00000280206,1
ENSG00000280213,2
ENSG00000280219,2
ENSG00000280239,2
ENSG00000280254,2
ENSG00000280255,0
ENSG00000280285,2
ENSG00000280287,1
ENSG00000280303,2
ENSG00000280332,2
ENSG00000280334,1
ENSG00000280339,0
ENSG00000280347,2
ENSG00000280351,2
ENSG00000280355,2
ENSG00000280374,2
ENSG00000280378,1
ENSG00000280383,1
ENSG00000280385,2
ENSG00000280399,0
ENSG00000280407,2
ENSG00000280411,1
ENSG00000280417,1
ENSG00000280433,2
ENSG00000280434,2
ENSG00000280435,0
ENSG00000280587,1
ENSG00000280594,2
ENSG00000280649,2
ENSG00000280670,2
ENSG00000280693,1
ENSG00000280721,1
ENSG00000280734,1
ENSG00000280739,2
ENSG00000280789,2
ENSG00000280798,2
ENSG00000280832,1
ENSG00000280927,2
ENSG00000281005,2
ENSG00000281026,2
ENSG00000281091,2
ENSG00000281100,0
ENSG00000281103,2
ENSG00000281183,2
ENSG00000281189,1
ENSG00000281207,2
ENSG00000281332,2
ENSG00000281333,2
ENSG00000281344,1
ENSG00000281357,2
ENSG00000281383,1
ENSG00000281392,2
ENSG00000281398,1
ENSG00000281404,1
ENSG00000281406,1
ENSG00000281468,2
ENSG00000281490,2
ENSG00000281501,2
ENSG00000281641,1
ENSG00000281649,2
ENSG00000281706,1
ENSG00000281912,2
ENSG00000281990,1
ENSG00000282012,0
ENSG00000282057,2
ENSG00000282122,1
ENSG00000282164,2
ENSG00000282221,1
ENSG00000282386,2
ENSG00000282458,2
ENSG00000282508,2
ENSG00000282600,1
ENSG00000282608,2
ENSG00000282639,1
ENSG00000282651,1
ENSG00000282826,2
ENSG00000282851,2
ENSG00000282870,2
ENSG00000282885,2
ENSG00000282936,2
ENSG00000282939,2
ENSG00000282995,2
ENSG00000283000,2
ENSG00000283023,1
ENSG00000283041,2
ENSG00000283050,2
ENSG00000283078,2
ENSG00000283098,1
ENSG00000283103,2
ENSG00000283154,2
ENSG00000283196,2
ENSG00000283199,0
ENSG00000283236,1
ENSG00000283297,2
ENSG00000283312,1
ENSG00000283317,2
ENSG00000283341,1
ENSG00000283413,1
ENSG00000283429,2
ENSG00000283453,1
ENSG00000283475,2
ENSG00000283486,1
ENSG00000283498,2
ENSG00000283526,0
ENSG00000283538,2
ENSG00000283631,1
ENSG00000283632,2
ENSG00000283633,2
ENSG00000283646,1
ENSG00000283674,2
ENSG00000283689,2
ENSG00000283696,2
ENSG00000283709,2
ENSG00000283787,2
ENSG00000283897,2
ENSG00000283906,1
ENSG00000283907,1
ENSG00000283913,0
ENSG00000283930,2
ENSG00000283959,2
ENSG00000284024,2
ENSG00000284052,2
ENSG00000284194,2
ENSG00000284237,2
ENSG00000284308,2
ENSG00000284428,2
ENSG00000284526,2
ENSG00000284543,1
ENSG00000284602,2
ENSG00000284642,2
ENSG00000284669,0
ENSG00000284691,2
ENSG00000284693,2
ENSG00000284707,2
ENSG00000284740,2
ENSG00000284747,2
ENSG00000284753,1
ENSG00000284770,1
ENSG00000284773,2
ENSG00000284882,2
ENSG00000284946,1
ENSG00000284948,1
ENSG00000284959,1
ENSG00000284968,2
ENSG00000284976,2
ENSG00000285043,2
ENSG00000285053,2
ENSG00000285103,2
ENSG00000285106,2
ENSG00000285108,1
ENSG00000285128,1
ENSG00000285184,1
ENSG00000285210,2
ENSG00000285219,2
ENSG00000285230,1
ENSG00000285278,1
ENSG00000285280,1
ENSG00000285331,2
ENSG00000285373,2
ENSG00000285407,1
ENSG00000285410,2
ENSG00000285417,1
ENSG00000285492,0
ENSG00000285517,1
ENSG00000285533,2
ENSG00000285589,2
ENSG00000285601,1
ENSG00000285669,2
ENSG00000285693,2
ENSG00000285725,1
ENSG00000285728,2
ENSG00000285744,2
ENSG00000285752,2
ENSG00000285756,2
ENSG00000285763,1
ENSG00000285796,2
ENSG00000285799,2
ENSG00000285813,2
ENSG00000285847,2
ENSG00000285863,2
ENSG00000285867,2
ENSG00000285872,1
ENSG00000285873,2
ENSG00000285906,2
ENSG00000285907,2
ENSG00000285928,0
ENSG00000285933,2
ENSG00000285938,2
ENSG00000285967,2
ENSG00000285976,2
ENSG00000285979,2
ENSG00000286004,2
ENSG00000286015,1
ENSG00000286018,2
ENSG00000286042,1
ENSG00000286058,1
ENSG00000286067,2
ENSG00000286073,0
ENSG00000286129,2
ENSG00000286133,1
ENSG00000286153,1
ENSG00000286156,1
ENSG00000286158,2
ENSG00000286162,2
ENSG00000286177,2
ENSG00000286190,2
ENSG00000286207,2
ENSG00000286214,0
ENSG00000286223,1
ENSG00000286256,0
ENSG00000286277,0
ENSG00000286289,0
ENSG00000286299,1
ENSG00000286320,0
ENSG00000286329,1
ENSG00000286330,0
ENSG00000286342,1
ENSG00000286358,1
ENSG00000286366,2
ENSG00000286379,2
ENSG00000286381,2
ENSG00000286388,2
ENSG00000286389,2
ENSG00000286403,1
ENSG00000286408,2
ENSG00000286431,2
ENSG00000286449,2
ENSG00000286451,2
ENSG00000286488,2
ENSG00000286519,1
ENSG00000286529,1
ENSG00000286532,2
ENSG00000286535,2
ENSG00000286545,1
ENSG00000286548,2
ENSG00000286555,2
ENSG00000286584,2
ENSG00000286599,2
ENSG00000286619,2
ENSG00000286646,0
ENSG00000286656,2
ENSG00000286681,2
ENSG00000286699,2
ENSG00000286705,2
ENSG00000286707,2
ENSG00000286722,0
ENSG00000286724,2
ENSG00000286733,1
ENSG00000286750,1
ENSG00000286753,1
ENSG00000286760,2
ENSG00000286786,2
ENSG00000286787,2
ENSG00000286797,1
ENSG00000286808,2
ENSG00000286818,1
ENSG00000286830,0
ENSG00000286873,2
ENSG00000286892,2
ENSG00000286904,2
ENSG00000286909,1
ENSG00000286912,2
ENSG00000286940,2
ENSG00000286944,2
ENSG00000286952,2
ENSG00000286964,2
ENSG00000286977,2
ENSG00000286989,2
ENSG00000286997,2
ENSG00000287024,2
ENSG00000287051,1
ENSG00000287052,1
ENSG00000287055,0
ENSG00000287059,0
ENSG00000287077,2
ENSG00000287091,2
ENSG00000287097,1
ENSG00000287104,2
ENSG00000287126,2
ENSG00000287134,2
ENSG00000287151,1
ENSG00000287168,2
ENSG00000287189,0
ENSG00000287222,1
ENSG00000287232,0
ENSG00000287252,1
ENSG00000287262,2
ENSG00000287263,1
ENSG00000287265,1
ENSG00000287271,2
ENSG00000287299,1
ENSG00000287306,2
ENSG00000287315,1
ENSG00000287331,1
ENSG00000287338,1
ENSG00000287342,2
ENSG00000287346,1
ENSG00000287356,2
ENSG00000287382,0
ENSG00000287385,2
ENSG00000287394,1
ENSG00000287401,2
ENSG00000287426,1
ENSG00000287431,1
ENSG00000287527,2
ENSG00000287543,2
ENSG00000287550,1
ENSG00000287562,2
ENSG00000287576,2
ENSG00000287595,1
ENSG00000287625,1
ENSG00000287626,1
ENSG00000287627,1
ENSG00000287642,2
ENSG00000287656,2
ENSG00000287670,1
ENSG00000287673,1
ENSG00000287686,1
ENSG00000287725,2
ENSG00000287733,2
ENSG00000287737,1
ENSG00000287750,1
ENSG00000287769,2
ENSG00000287770,1
ENSG00000287778,1
ENSG00000287808,2
ENSG00000287825,2
ENSG00000287837,1
ENSG00000287839,2
ENSG00000287855,2
ENSG00000287860,2
ENSG00000287878,2
ENSG00000287879,1
ENSG00000287887,1
ENSG00000287906,2
ENSG00000287917,2
ENSG00000287920,0
ENSG00000287929,2
ENSG00000287966,2
ENSG00000287978,2
ENSG00000288018,2
ENSG00000288046,2
ENSG00000288065,1
ENSG00000288066,2
ENSG00000288075,2
ENSG00000288093,2
ENSG00000288156,2
ENSG00000288398,2
ENSG00000288538,1
ENSG00000288547,0
ENSG00000288558,0
ENSG00000288559,2
ENSG00000288596,1
ENSG00000288611,1
ENSG00000288612,2
ENSG00000288638,1
ENSG00000288658,1
ENSG00000288663,2
ENSG00000288670,2
