sample_idx,fold
0,0
3,0
10,0
11,0
16,0
17,0
19,0
22,0
23,0
25,0
30,0
35,0
36,0
41,0
43,0
44,0
51,0
64,0
68,0
73,0
76,0
82,0
83,0
90,0
92,0
99,0
103,0
106,0
108,0
112,0
113,0
121,0
127,0
134,0
143,0
147,0
149,0
152,0
157,0
158,0
160,0
171,0
172,0
173,0
186,0
199,0
201,0
202,0
205,0
210,0
211,0
212,0
218,0
223,0
250,0
258,0
261,0
263,0
283,0
286,0
288,0
294,0
298,0
305,0
316,0
324,0
329,0
331,0
333,0
340,0
342,0
347,0
350,0
354,0
356,0
357,0
363,0
373,0
376,0
378,0
382,0
389,0
392,0
396,0
406,0
412,0
416,0
417,0
437,0
442,0
444,0
447,0
448,0
451,0
452,0
454,0
458,0
459,0
461,0
463,0
465,0
474,0
478,0
482,0
483,0
489,0
492,0
504,0
516,0
517,0
526,0
527,0
528,0
532,0
535,0
538,0
545,0
549,0
551,0
552,0
556,0
568,0
570,0
573,0
593,0
600,0
601,0
602,0
603,0
609,0
615,0
617,0
627,0
634,0
646,0
648,0
651,0
653,0
656,0
667,0
670,0
671,0
672,0
677,0
681,0
684,0
685,0
689,0
690,0
703,0
704,0
707,0
729,0
736,0
738,0
743,0
745,0
749,0
757,0
761,0
767,0
769,0
770,0
782,0
814,0
819,0
822,0
825,0
828,0
836,0
837,0
845,0
856,0
869,0
874,0
876,0
880,0
883,0
894,0
895,0
897,0
902,0
906,0
914,0
920,0
934,0
935,0
941,0
946,0
947,0
948,0
951,0
952,0
958,0
970,0
980,0
982,0
990,0
992,0
996,0
997,0
1002,0
1005,0
1009,0
1011,0
1013,0
1016,0
1017,0
1018,0
1023,0
1027,0
1030,0
1033,0
1034,0
1035,0
1036,0
1037,0
1038,0
1039,0
1042,0
1044,0
1047,0
1049,0
1053,0
1057,0
1059,0
1060,0
1062,0
1072,0
1076,0
1077,0
1079,0
1080,0
1086,0
1087,0
1090,0
1094,0
1095,0
1100,0
1101,0
1104,0
1113,0
1118,0
1126,0
1132,0
1136,0
1143,0
1158,0
1162,0
1163,0
1167,0
1168,0
1175,0
1183,0
1186,0
1188,0
1198,0
1199,0
1207,0
1208,0
1213,0
1216,0
1217,0
1220,0
1222,0
1223,0
1237,0
1247,0
1253,0
1259,0
1268,0
1287,0
1289,0
1290,0
1294,0
1330,0
1332,0
1337,0
1339,0
1341,0
1343,0
1345,0
1373,0
1379,0
1380,0
1382,0
1384,0
1388,0
1391,0
1394,0
1395,0
1396,0
1402,0
1408,0
1415,0
1420,0
1422,0
1426,0
1427,0
1428,0
1429,0
1440,0
1447,0
1456,0
1461,0
1468,0
1470,0
1477,0
1480,0
1482,0
1488,0
1495,0
1497,0
1500,0
1507,0
1510,0
1511,0
1517,0
1518,0
1524,0
1532,0
1541,0
1551,0
1553,0
1563,0
1568,0
1570,0
1572,0
1573,0
1582,0
1590,0
1597,0
1600,0
1613,0
1628,0
1632,0
1633,0
1634,0
1640,0
1653,0
1656,0
1658,0
1660,0
1661,0
1663,0
1666,0
1672,0
1683,0
1691,0
1697,0
1698,0
1700,0
1705,0
1706,0
1711,0
1712,0
1719,0
1721,0
1727,0
1731,0
1734,0
1748,0
1751,0
1755,0
1758,0
1759,0
1763,0
1765,0
1769,0
1771,0
1775,0
1776,0
1779,0
1788,0
1793,0
1805,0
1809,0
1815,0
1834,0
1838,0
1844,0
1846,0
1852,0
1862,0
1863,0
1865,0
1867,0
1868,0
1871,0
1879,0
1883,0
1887,0
1890,0
1904,0
1907,0
1917,0
1919,0
1927,0
1934,0
1947,0
1949,0
1951,0
1952,0
1960,0
1963,0
1965,0
1970,0
1980,0
1983,0
1998,0
1999,0
2005,0
2007,0
2016,0
2025,0
2028,0
2030,0
2040,0
2042,0
2044,0
2060,0
2069,0
2070,0
2079,0
2084,0
2086,0
2099,0
2101,0
2103,0
2106,0
2111,0
2118,0
2130,0
2140,0
2141,0
2144,0
2146,0
2150,0
2152,0
2154,0
2158,0
2159,0
2169,0
2171,0
2185,0
2186,0
2191,0
2192,0
2196,0
2206,0
2210,0
2218,0
2220,0
2223,0
2227,0
2232,0
2233,0
2243,0
2244,0
2246,0
2252,0
2257,0
2266,0
2278,0
2279,0
2282,0
2288,0
2295,0
2299,0
2300,0
2303,0
2306,0
2315,0
2317,0
2323,0
2326,0
2328,0
2332,0
2344,0
2346,0
2350,0
2353,0
2360,0
2367,0
2376,0
2380,0
2382,0
2391,0
2396,0
2399,0
2404,0
2409,0
2422,0
2424,0
2425,0
2427,0
2428,0
2442,0
2453,0
2454,0
2459,0
2469,0
2473,0
2476,0
2477,0
2479,0
2485,0
2486,0
2501,0
2507,0
2508,0
2512,0
2513,0
2521,0
2530,0
2536,0
2548,0
2552,0
2553,0
2554,0
2562,0
2568,0
2574,0
2577,0
2585,0
2590,0
2592,0
2596,0
2598,0
2600,0
2607,0
2614,0
2626,0
2627,0
2631,0
2642,0
2670,0
2676,0
2691,0
2697,0
2709,0
2720,0
2732,0
2736,0
2738,0
2742,0
2743,0
2745,0
2755,0
2759,0
2765,0
2768,0
2771,0
2773,0
2777,0
2781,0
2782,0
2788,0
2789,0
2791,0
2793,0
2798,0
2814,0
2815,0
2818,0
2821,0
2832,0
2836,0
2838,0
2840,0
2844,0
2848,0
2850,0
2859,0
2860,0
2864,0
2867,0
2868,0
2882,0
2894,0
2901,0
2902,0
2907,0
2921,0
2922,0
2924,0
2934,0
2936,0
2939,0
2942,0
2945,0
2947,0
2949,0
2950,0
2951,0
2958,0
2971,0
2976,0
2978,0
2988,0
2989,0
2990,0
2991,0
2993,0
2994,0
2997,0
2999,0
3022,0
3024,0
3029,0
3032,0
3043,0
3047,0
3048,0
3056,0
3057,0
3065,0
3070,0
3077,0
3081,0
3083,0
3084,0
3088,0
3098,0
3101,0
3103,0
3113,0
3114,0
3116,0
3121,0
3122,0
3129,0
3139,0
3146,0
3148,0
3153,0
3155,0
3168,0
3174,0
3178,0
3181,0
3182,0
3185,0
3189,0
3193,0
3195,0
3197,0
3203,0
3206,0
3208,0
3227,0
3238,0
3242,0
3252,0
3265,0
3273,0
3284,0
3285,0
3286,0
3292,0
3295,0
3297,0
3303,0
3306,0
3319,0
3323,0
3326,0
3330,0
3336,0
3339,0
3345,0
3354,0
3357,0
3360,0
3361,0
3364,0
3370,0
3378,0
3379,0
3382,0
3383,0
3386,0
3389,0
3390,0
3391,0
3400,0
3408,0
3409,0
3412,0
3414,0
3416,0
3418,0
3419,0
3427,0
3431,0
3435,0
3440,0
3447,0
3452,0
3457,0
3459,0
3460,0
3469,0
3470,0
3474,0
3488,0
3491,0
3492,0
3497,0
3511,0
3515,0
3517,0
3520,0
3522,0
3523,0
3525,0
3526,0
3531,0
3532,0
3535,0
3539,0
3546,0
3548,0
3549,0
3551,0
3557,0
3559,0
3562,0
3571,0
3577,0
3581,0
3585,0
3587,0
3588,0
3595,0
3608,0
3613,0
3616,0
3617,0
3626,0
3628,0
3629,0
3633,0
3634,0
3637,0
3640,0
3643,0
3644,0
3647,0
3655,0
3661,0
3673,0
3676,0
3680,0
3683,0
3684,0
3685,0
3687,0
3691,0
3698,0
3699,0
3705,0
3710,0
3714,0
3718,0
3719,0
3724,0
3731,0
3735,0
3738,0
3741,0
3755,0
3757,0
3775,0
3777,0
3779,0
3786,0
3790,0
3793,0
3799,0
3803,0
3804,0
3807,0
3818,0
3821,0
3825,0
3835,0
3836,0
3843,0
3845,0
3852,0
3861,0
3863,0
3866,0
3867,0
3868,0
3874,0
3880,0
3889,0
3899,0
3901,0
3903,0
3915,0
3928,0
3948,0
3950,0
3952,0
3953,0
3958,0
3961,0
3977,0
3986,0
3991,0
4000,0
4004,0
4009,0
4023,0
4025,0
4028,0
4031,0
4040,0
4046,0
4059,0
4064,0
4067,0
4069,0
4074,0
4098,0
4105,0
4114,0
4115,0
4121,0
4123,0
4126,0
4132,0
4137,0
4140,0
4142,0
4143,0
4147,0
4155,0
4158,0
4161,0
4162,0
4169,0
4172,0
4181,0
4186,0
4196,0
4203,0
4209,0
4213,0
4216,0
4220,0
4223,0
4224,0
4233,0
4236,0
4244,0
4263,0
4278,0
4279,0
4280,0
4285,0
4289,0
4293,0
4305,0
4312,0
4317,0
4318,0
4343,0
4350,0
4352,0
4358,0
4371,0
4372,0
4377,0
4387,0
4398,0
4400,0
4403,0
4406,0
4411,0
4413,0
4414,0
4418,0
4419,0
4421,0
4444,0
4445,0
4448,0
4454,0
4464,0
4469,0
4475,0
4480,0
4482,0
4490,0
4491,0
4494,0
4505,0
4507,0
4519,0
4522,0
4525,0
4529,0
4531,0
4532,0
4533,0
4546,0
4551,0
4555,0
4564,0
4567,0
4570,0
4571,0
4580,0
4589,0
4590,0
4591,0
4604,0
4606,0
4607,0
4608,0
4611,0
4612,0
4618,0
4625,0
4638,0
4641,0
4646,0
4656,0
4662,0
4666,0
4667,0
4678,0
4679,0
4684,0
4685,0
4689,0
4690,0
4691,0
4694,0
4732,0
4735,0
4742,0
4753,0
4754,0
4755,0
4757,0
4766,0
4771,0
4773,0
4774,0
4779,0
4787,0
4790,0
4791,0
4798,0
4802,0
4807,0
4818,0
4824,0
4837,0
4841,0
4846,0
4851,0
4860,0
4862,0
4866,0
4872,0
4882,0
4884,0
4887,0
4888,0
4891,0
4899,0
4903,0
4915,0
4922,0
4933,0
4938,0
4941,0
4942,0
4944,0
4955,0
4959,0
4961,0
4972,0
4977,0
4979,0
4981,0
4986,0
4987,0
4988,0
4991,0
4995,0
4998,0
5000,0
5004,0
5005,0
5008,0
5012,0
5019,0
5033,0
5039,0
5044,0
5045,0
5051,0
5053,0
5055,0
5064,0
5067,0
5068,0
5070,0
5071,0
5075,0
5079,0
5094,0
5114,0
5115,0
5118,0
5120,0
5122,0
5127,0
5128,0
5140,0
5144,0
5150,0
5156,0
5157,0
5160,0
5165,0
5171,0
5172,0
5177,0
5179,0
5186,0
5192,0
5195,0
5196,0
5203,0
5211,0
5224,0
5240,0
5242,0
5246,0
5253,0
5255,0
5261,0
5262,0
5263,0
5271,0
5294,0
5300,0
5306,0
5310,0
5313,0
5341,0
5342,0
5345,0
5351,0
5356,0
5357,0
5383,0
5387,0
5397,0
5398,0
5400,0
5408,0
5414,0
5415,0
5418,0
5420,0
5422,0
5433,0
5435,0
5436,0
5437,0
5439,0
5443,0
5453,0
5457,0
5458,0
5461,0
5472,0
5481,0
5482,0
5491,0
5505,0
5513,0
5515,0
5520,0
5521,0
5525,0
5536,0
5539,0
5542,0
5547,0
5548,0
5556,0
5559,0
5562,0
5565,0
5568,0
5569,0
5570,0
5573,0
5575,0
5576,0
5579,0
5583,0
5592,0
5594,0
5599,0
5602,0
5604,0
5613,0
5620,0
5627,0
5628,0
5631,0
5633,0
5642,0
5643,0
5646,0
5654,0
5660,0
5661,0
5667,0
5670,0
5675,0
5676,0
5678,0
5681,0
5682,0
5686,0
5687,0
5696,0
5698,0
5700,0
5704,0
5705,0
5708,0
5709,0
5730,0
5731,0
5739,0
5741,0
5754,0
5756,0
5759,0
5763,0
5764,0
5765,0
5768,0
5781,0
5783,0
5785,0
5788,0
5791,0
5800,0
5809,0
5813,0
5815,0
5825,0
5834,0
5843,0
5844,0
5854,0
5865,0
5867,0
5870,0
5878,0
5880,0
5881,0
5885,0
5892,0
5897,0
5898,0
5906,0
5908,0
5915,0
5918,0
5919,0
5922,0
5938,0
5945,0
5949,0
5961,0
5965,0
5966,0
5977,0
5990,0
5996,0
6004,0
6008,0
6014,0
6024,0
6029,0
6045,0
6056,0
6057,0
6064,0
6071,0
6077,0
6078,0
6080,0
6098,0
6111,0
6116,0
6118,0
6134,0
6142,0
6151,0
6160,0
6164,0
6165,0
6177,0
6179,0
6182,0
6191,0
6195,0
6210,0
6218,0
6220,0
6221,0
6223,0
6228,0
6230,0
6238,0
6239,0
6244,0
6252,0
6259,0
6268,0
6269,0
6274,0
6282,0
6283,0
6294,0
6295,0
6302,0
6308,0
6309,0
6310,0
6314,0
6315,0
6322,0
6323,0
6329,0
6332,0
6338,0
6342,0
6346,0
6354,0
6358,0
6363,0
6368,0
6369,0
6371,0
6372,0
6374,0
6378,0
6388,0
6397,0
6417,0
6420,0
6429,0
6430,0
6439,0
6442,0
6448,0
6466,0
6472,0
6476,0
6479,0
6480,0
6481,0
6483,0
6486,0
6488,0
6492,0
6494,0
6499,0
6501,0
6502,0
6506,0
6517,0
6518,0
6525,0
6526,0
6548,0
6558,0
6560,0
6562,0
6572,0
6577,0
6584,0
6586,0
6587,0
6588,0
6589,0
6615,0
6617,0
6624,0
6627,0
6629,0
6631,0
6632,0
6654,0
6655,0
6657,0
6664,0
6665,0
6672,0
6673,0
6677,0
6678,0
6681,0
6684,0
6693,0
6700,0
6701,0
6703,0
6706,0
6710,0
6712,0
6716,0
6722,0
6724,0
6729,0
6733,0
6741,0
6742,0
6750,0
6755,0
6759,0
6774,0
6779,0
6790,0
6803,0
6805,0
6807,0
6817,0
6822,0
6829,0
6832,0
6836,0
6841,0
6846,0
6848,0
6851,0
6854,0
6858,0
6863,0
6867,0
6870,0
6875,0
6883,0
6886,0
6888,0
6895,0
6902,0
6906,0
6912,0
6917,0
6921,0
6922,0
6931,0
6937,0
6940,0
6942,0
6944,0
6945,0
6946,0
6960,0
6966,0
6967,0
6975,0
6980,0
6989,0
6991,0
6996,0
7006,0
7009,0
7011,0
7012,0
7017,0
7020,0
7022,0
7023,0
7026,0
7035,0
7054,0
7055,0
7056,0
7059,0
7062,0
7064,0
7066,0
7071,0
7077,0
7080,0
7085,0
7086,0
7087,0
7088,0
7094,0
7099,0
7101,0
7102,0
7105,0
7106,0
7110,0
7117,0
7119,0
7130,0
7133,0
7137,0
7147,0
7161,0
7164,0
7167,0
7179,0
7184,0
7191,0
7198,0
7212,0
7217,0
7218,0
7224,0
7230,0
7232,0
7242,0
7244,0
7248,0
7250,0
7254,0
7261,0
7264,0
7273,0
7283,0
7285,0
7286,0
7296,0
7299,0
7305,0
7307,0
7308,0
7311,0
7312,0
7319,0
7322,0
7324,0
7335,0
7344,0
7348,0
7349,0
7354,0
7355,0
7357,0
7359,0
7370,0
7372,0
7373,0
7376,0
7385,0
7394,0
7396,0
7400,0
7405,0
7409,0
7413,0
7414,0
7418,0
7419,0
7421,0
7422,0
7425,0
7427,0
7432,0
7437,0
7444,0
7448,0
7450,0
7451,0
7452,0
7464,0
7466,0
7476,0
7477,0
7481,0
7482,0
7485,0
7488,0
7489,0
7494,0
7501,0
7502,0
7503,0
7506,0
7514,0
7524,0
7525,0
7526,0
7528,0
7532,0
7534,0
7542,0
7550,0
7551,0
7554,0
7562,0
7564,0
7566,0
7568,0
7575,0
7585,0
7591,0
7594,0
7596,0
7599,0
7601,0
7606,0
7613,0
7620,0
7624,0
7625,0
7627,0
7628,0
7637,0
7638,0
7645,0
7647,0
7655,0
7658,0
7659,0
7663,0
7666,0
7667,0
7673,0
7683,0
7685,0
7693,0
7701,0
7714,0
7716,0
7722,0
7723,0
7732,0
7733,0
7743,0
7747,0
7762,0
7764,0
7773,0
7789,0
7793,0
7800,0
7804,0
7807,0
7809,0
7812,0
7814,0
7818,0
7820,0
7824,0
7827,0
7830,0
7839,0
7843,0
7848,0
7851,0
7855,0
7857,0
7862,0
7864,0
7870,0
7878,0
7879,0
7884,0
7899,0
7903,0
7906,0
7922,0
7936,0
7940,0
7941,0
7946,0
7953,0
7959,0
7960,0
7962,0
7968,0
7981,0
7985,0
7987,0
7992,0
7997,0
7998,0
8005,0
8007,0
8014,0
8024,0
8025,0
8032,0
8036,0
8037,0
8043,0
8044,0
8052,0
8056,0
8061,0
8062,0
8066,0
8071,0
8072,0
8080,0
8085,0
8090,0
8097,0
8098,0
8108,0
8112,0
8113,0
8114,0
8115,0
8117,0
8122,0
8134,0
8147,0
8149,0
8151,0
8152,0
8158,0
8168,0
8173,0
8179,0
8189,0
8194,0
8202,0
8203,0
8204,0
8211,0
8235,0
8239,0
8244,0
8252,0
8258,0
8262,0
8266,0
8269,0
8274,0
8278,0
8285,0
8289,0
8297,0
8299,0
8304,0
8309,0
8313,0
8314,0
8318,0
8321,0
8326,0
8332,0
8334,0
8335,0
8337,0
8342,0
8347,0
8348,0
8371,0
8376,0
8381,0
8383,0
8387,0
8388,0
8389,0
8392,0
8407,0
8410,0
8412,0
8413,0
8418,0
8422,0
8434,0
8437,0
8438,0
8441,0
8446,0
8448,0
8454,0
8464,0
8471,0
8480,0
8481,0
8486,0
8489,0
8492,0
8500,0
8505,0
8517,0
8529,0
8535,0
8536,0
8538,0
8541,0
8544,0
8559,0
8561,0
8563,0
8567,0
8569,0
8570,0
8576,0
8583,0
8594,0
8601,0
8602,0
8607,0
8608,0
8609,0
8610,0
8613,0
8615,0
8627,0
8636,0
8639,0
8641,0
8662,0
8667,0
8680,0
8685,0
8689,0
8700,0
8704,0
8705,0
8711,0
8719,0
8721,0
8728,0
8730,0
8732,0
8738,0
8753,0
8756,0
8758,0
8765,0
8775,0
8778,0
8785,0
8787,0
8793,0
8797,0
8799,0
8802,0
8804,0
8819,0
8820,0
8823,0
8825,0
8831,0
8835,0
8850,0
8854,0
8867,0
8868,0
8876,0
8877,0
8880,0
8881,0
8884,0
8895,0
8897,0
8910,0
8915,0
8916,0
8918,0
8919,0
8926,0
8931,0
8934,0
8936,0
8938,0
8943,0
8945,0
8950,0
8959,0
8961,0
8963,0
8964,0
8968,0
8982,0
8983,0
8985,0
8986,0
8989,0
8994,0
8997,0
8999,0
9006,0
9009,0
9011,0
9024,0
9025,0
9028,0
9033,0
9037,0
9043,0
9054,0
9063,0
9064,0
9068,0
9073,0
9074,0
9075,0
9076,0
9081,0
9093,0
9098,0
9099,0
9110,0
9111,0
9113,0
9118,0
9119,0
9141,0
9142,0
9146,0
9149,0
9158,0
9160,0
9172,0
9173,0
9174,0
9181,0
9186,0
9192,0
9194,0
9198,0
9200,0
9207,0
9208,0
9239,0
9242,0
9247,0
9258,0
9262,0
9271,0
9273,0
9285,0
9289,0
9292,0
9305,0
9309,0
9312,0
9313,0
9314,0
9316,0
9320,0
9321,0
9325,0
9328,0
9334,0
9339,0
9340,0
9349,0
9354,0
9368,0
9369,0
9373,0
9377,0
9382,0
9386,0
9391,0
9395,0
9397,0
9401,0
9404,0
9407,0
9417,0
9420,0
9425,0
9436,0
9439,0
9444,0
9450,0
9454,0
9457,0
9460,0
9461,0
9470,0
9472,0
9474,0
9485,0
9490,0
9493,0
9496,0
9497,0
9506,0
9509,0
9510,0
9518,0
9522,0
9532,0
9534,0
9545,0
9561,0
9563,0
9572,0
9573,0
9576,0
9587,0
9606,0
9607,0
9608,0
9617,0
9620,0
9622,0
9625,0
9635,0
9636,0
9637,0
9642,0
9645,0
9647,0
9655,0
9661,0
9673,0
9674,0
9675,0
9688,0
9692,0
9696,0
9702,0
9703,0
9705,0
9706,0
9711,0
9713,0
9714,0
9718,0
9719,0
9721,0
9723,0
9725,0
9726,0
9727,0
9728,0
9730,0
9733,0
9740,0
9743,0
9750,0
9753,0
9757,0
9766,0
9767,0
9772,0
9774,0
9775,0
9785,0
9786,0
9788,0
9796,0
9799,0
9814,0
9815,0
9817,0
9820,0
9830,0
9839,0
9842,0
9844,0
9846,0
9848,0
9854,0
9857,0
9858,0
9860,0
9869,0
9875,0
9877,0
9885,0
9887,0
9892,0
9906,0
9908,0
9910,0
9911,0
9914,0
9917,0
9923,0
9927,0
9929,0
9931,0
9936,0
9937,0
9947,0
9952,0
9955,0
9957,0
9958,0
9980,0
9983,0
9987,0
9989,0
9998,0
10007,0
10012,0
10014,0
10017,0
10020,0
10021,0
10023,0
10028,0
10032,0
10039,0
10049,0
10058,0
10072,0
10076,0
10077,0
10080,0
10085,0
10094,0
10095,0
10096,0
10104,0
10105,0
10108,0
10113,0
10118,0
10119,0
10122,0
10124,0
10130,0
10134,0
10144,0
10146,0
10149,0
10150,0
10152,0
10158,0
10159,0
10163,0
10167,0
10169,0
10173,0
10180,0
10186,0
10191,0
10195,0
10207,0
10209,0
10210,0
10219,0
10223,0
10242,0
10246,0
10249,0
10255,0
10260,0
10261,0
10263,0
10270,0
10274,0
10282,0
10293,0
10294,0
10297,0
10309,0
10311,0
10313,0
10329,0
10340,0
10341,0
10343,0
10348,0
10354,0
10357,0
10358,0
10359,0
10360,0
10361,0
10374,0
10377,0
10379,0
10382,0
10389,0
10393,0
10394,0
10397,0
10400,0
10402,0
10403,0
10407,0
10413,0
10415,0
10417,0
10423,0
10432,0
10435,0
10442,0
10443,0
10444,0
10447,0
10452,0
10458,0
10460,0
10477,0
10483,0
10487,0
10488,0
10498,0
10500,0
10503,0
10510,0
10511,0
10512,0
10524,0
10534,0
10539,0
10548,0
10551,0
10553,0
10554,0
10558,0
10559,0
10561,0
10565,0
10573,0
10575,0
10578,0
10581,0
10590,0
10592,0
10594,0
10600,0
10605,0
10610,0
10617,0
10620,0
10624,0
10626,0
10631,0
10635,0
10637,0
10642,0
10645,0
10651,0
10653,0
10663,0
10671,0
10676,0
10686,0
10687,0
10691,0
10697,0
10699,0
10709,0
10723,0
10728,0
10731,0
10733,0
10742,0
10753,0
10755,0
10757,0
10758,0
10760,0
10766,0
10772,0
10778,0
10779,0
10789,0
10795,0
10798,0
10802,0
10806,0
10813,0
10815,0
10826,0
10828,0
10837,0
10845,0
10857,0
10866,0
10871,0
10892,0
10898,0
10900,0
10904,0
10905,0
10910,0
10913,0
10914,0
10915,0
10921,0
10926,0
10927,0
10928,0
10930,0
10934,0
10935,0
10943,0
10951,0
10956,0
10960,0
10967,0
10971,0
10977,0
10989,0
10993,0
10996,0
10999,0
11000,0
11003,0
11006,0
11016,0
11017,0
11024,0
11027,0
11029,0
11034,0
11044,0
11051,0
11065,0
11074,0
11079,0
11083,0
11085,0
11090,0
11092,0
11097,0
11099,0
11102,0
11110,0
11113,0
11115,0
11116,0
11118,0
11134,0
11135,0
11136,0
11144,0
11148,0
11156,0
11167,0
11172,0
11174,0
11182,0
11183,0
11186,0
11188,0
11195,0
11206,0
11207,0
11208,0
11209,0
11219,0
11226,0
11229,0
11231,0
11236,0
11239,0
11246,0
11253,0
11257,0
11260,0
11263,0
11264,0
11271,0
11279,0
11282,0
11286,0
11290,0
11292,0
11296,0
11299,0
11307,0
11313,0
11314,0
11316,0
11322,0
11327,0
11332,0
11335,0
11338,0
11339,0
11340,0
11342,0
11353,0
11354,0
11355,0
11356,0
11357,0
11365,0
11367,0
11372,0
11373,0
11378,0
11383,0
11392,0
11399,0
11401,0
11404,0
11408,0
11414,0
11419,0
11431,0
11432,0
11435,0
11436,0
11440,0
11449,0
11470,0
11475,0
11476,0
11485,0
11490,0
11494,0
11507,0
11508,0
11517,0
11519,0
11538,0
11540,0
11546,0
11547,0
11549,0
11550,0
11551,0
11555,0
11559,0
11561,0
11562,0
11566,0
11567,0
11580,0
11581,0
11582,0
11584,0
11585,0
11586,0
11587,0
11588,0
11591,0
11594,0
11608,0
11614,0
11615,0
11618,0
11624,0
11627,0
11635,0
11637,0
11638,0
11640,0
11641,0
11642,0
11647,0
11649,0
11651,0
11652,0
11656,0
11660,0
11663,0
11670,0
11677,0
11679,0
11680,0
11687,0
11689,0
11692,0
11693,0
11694,0
11700,0
11702,0
11703,0
11708,0
11716,0
11718,0
11720,0
11724,0
11727,0
11739,0
11741,0
11743,0
11755,0
11758,0
11766,0
11774,0
11776,0
11781,0
11782,0
11792,0
11795,0
11796,0
11800,0
11807,0
11808,0
11810,0
11814,0
11830,0
11837,0
11840,0
11841,0
11842,0
11844,0
11845,0
11850,0
11855,0
11859,0
11863,0
11864,0
11866,0
11871,0
11874,0
11875,0
11877,0
11883,0
11886,0
11887,0
11892,0
11893,0
11895,0
11901,0
11904,0
11905,0
11906,0
11911,0
11917,0
11923,0
11940,0
11950,0
11953,0
11955,0
11966,0
11987,0
11991,0
11994,0
11999,0
12008,0
12019,0
12035,0
12037,0
12040,0
12042,0
12047,0
12054,0
12055,0
12063,0
12067,0
12071,0
12072,0
12073,0
12081,0
12083,0
12091,0
12100,0
12112,0
12119,0
12143,0
12154,0
12155,0
12172,0
12173,0
12176,0
12178,0
12191,0
12200,0
12205,0
12221,0
12225,0
12236,0
12241,0
12246,0
12249,0
12250,0
12253,0
12260,0
12262,0
12277,0
12283,0
12284,0
12287,0
12293,0
12296,0
12301,0
12308,0
12312,0
12315,0
12322,0
12326,0
12329,0
12330,0
12331,0
12338,0
12350,0
12351,0
12353,0
12356,0
12364,0
12368,0
12371,0
12378,0
12383,0
12391,0
12403,0
12407,0
12412,0
12418,0
12424,0
12436,0
12443,0
12446,0
12459,0
12460,0
12461,0
12462,0
12463,0
12465,0
12467,0
12469,0
12477,0
12478,0
12485,0
12493,0
12497,0
12498,0
12503,0
12504,0
12505,0
12509,0
12516,0
12530,0
12538,0
12539,0
12541,0
12545,0
12552,0
12556,0
12557,0
12558,0
12561,0
12570,0
12572,0
12573,0
12580,0
12586,0
12589,0
12590,0
12596,0
12610,0
12625,0
12626,0
12628,0
12639,0
12642,0
12647,0
12651,0
12653,0
12656,0
12658,0
12661,0
12672,0
12676,0
12677,0
12681,0
12685,0
12687,0
12691,0
12695,0
12696,0
12706,0
12710,0
12713,0
12717,0
12723,0
12724,0
12728,0
12730,0
12732,0
12745,0
12754,0
12757,0
12761,0
12765,0
12766,0
12771,0
12776,0
12783,0
12785,0
12787,0
12788,0
12793,0
12794,0
12799,0
12807,0
12809,0
12811,0
12828,0
12829,0
12835,0
12836,0
12837,0
12850,0
12851,0
12853,0
12859,0
12861,0
12863,0
12864,0
12866,0
12872,0
12888,0
12904,0
12911,0
12912,0
12915,0
12919,0
12924,0
12933,0
12938,0
12940,0
12946,0
12949,0
12962,0
12972,0
12973,0
12974,0
12975,0
12979,0
12981,0
12982,0
12987,0
12997,0
12998,0
13004,0
13005,0
13020,0
13021,0
13022,0
13032,0
13043,0
13053,0
13076,0
13081,0
13092,0
13093,0
13094,0
13096,0
13103,0
13106,0
13110,0
13113,0
13121,0
13132,0
13137,0
13139,0
13143,0
13151,0
13158,0
13164,0
13165,0
13177,0
13183,0
13188,0
13208,0
13210,0
13214,0
13224,0
13230,0
13233,0
13234,0
13243,0
13244,0
13245,0
13250,0
13256,0
13266,0
13269,0
13270,0
13272,0
13279,0
13283,0
13286,0
13296,0
13302,0
13304,0
13308,0
13311,0
13317,0
13318,0
13320,0
13329,0
13333,0
13336,0
13338,0
13342,0
13346,0
13348,0
13353,0
13366,0
13369,0
13372,0
13384,0
13392,0
13393,0
13395,0
13400,0
13401,0
13405,0
13408,0
13409,0
13412,0
13413,0
13423,0
13426,0
13447,0
13453,0
13455,0
13456,0
13459,0
13463,0
13472,0
13476,0
13478,0
13483,0
13487,0
13490,0
13493,0
13499,0
13501,0
13505,0
13512,0
13517,0
13526,0
13531,0
13534,0
13539,0
13542,0
13544,0
13548,0
13550,0
13551,0
13556,0
13557,0
13560,0
13566,0
13568,0
13572,0
13577,0
13580,0
13582,0
13584,0
13586,0
13591,0
13593,0
13601,0
13616,0
13617,0
13618,0
13619,0
13623,0
13624,0
13633,0
13645,0
13664,0
13665,0
13668,0
13676,0
13684,0
13695,0
13698,0
13705,0
13715,0
13719,0
13722,0
13726,0
13749,0
13754,0
13755,0
13761,0
13777,0
13779,0
13786,0
13798,0
13801,0
13803,0
13814,0
13823,0
13831,0
13849,0
13852,0
13858,0
13862,0
13864,0
13877,0
13878,0
13885,0
13892,0
13901,0
13911,0
13920,0
13921,0
13923,0
13929,0
13940,0
13942,0
13944,0
13946,0
13947,0
13960,0
13962,0
13965,0
13976,0
13981,0
13985,0
13992,0
13997,0
14004,0
14006,0
14008,0
14016,0
14020,0
14028,0
14030,0
14039,0
14054,0
14058,0
14059,0
14068,0
14076,0
14089,0
14094,0
14101,0
14102,0
14108,0
14116,0
14119,0
14122,0
14132,0
14135,0
14139,0
14146,0
14148,0
14151,0
14152,0
14154,0
14169,0
14171,0
14177,0
14180,0
14187,0
14198,0
14207,0
14212,0
14216,0
14236,0
14240,0
14252,0
14269,0
14272,0
14275,0
14281,0
14293,0
14295,0
14305,0
14308,0
14312,0
14316,0
14317,0
14319,0
14325,0
14330,0
14331,0
14344,0
14360,0
14373,0
14386,0
14388,0
14401,0
14411,0
14412,0
14414,0
14418,0
14426,0
14428,0
14430,0
14434,0
14438,0
14441,0
14442,0
14444,0
14445,0
14446,0
14459,0
14460,0
14465,0
14480,0
14481,0
14484,0
14496,0
14499,0
14509,0
14511,0
14513,0
14514,0
14518,0
14520,0
14523,0
14527,0
14535,0
14538,0
14545,0
14561,0
14564,0
14570,0
14575,0
14580,0
14586,0
14589,0
14594,0
14601,0
14605,0
14608,0
14615,0
14616,0
14626,0
14627,0
14630,0
14634,0
14635,0
14636,0
14638,0
14648,0
14653,0
14654,0
14655,0
14659,0
14664,0
14669,0
14670,0
14674,0
14677,0
14678,0
14682,0
14683,0
14690,0
14693,0
14703,0
14704,0
14707,0
14713,0
14728,0
14731,0
14736,0
14739,0
14740,0
14745,0
14750,0
14756,0
14761,0
14771,0
14778,0
14782,0
14786,0
14793,0
14800,0
14803,0
14814,0
14816,0
14817,0
14818,0
14821,0
14824,0
14835,0
14847,0
14856,0
14861,0
14862,0
14867,0
14872,0
14874,0
14879,0
14886,0
14887,0
14889,0
14899,0
14903,0
14906,0
14912,0
14918,0
14919,0
14923,0
14929,0
14930,0
14935,0
14937,0
14941,0
14946,0
14947,0
14949,0
14950,0
14952,0
14953,0
14957,0
14963,0
14965,0
14966,0
14967,0
14969,0
14994,0
14998,0
15000,0
15013,0
15015,0
15021,0
15022,0
15025,0
15030,0
15045,0
15049,0
15051,0
15052,0
15056,0
15061,0
15062,0
15063,0
15070,0
15078,0
15083,0
15097,0
15104,0
15106,0
15108,0
15112,0
15130,0
15132,0
15138,0
15150,0
15165,0
15179,0
15181,0
15183,0
15187,0
15189,0
15194,0
15196,0
15200,0
15205,0
15209,0
15219,0
15222,0
15229,0
15247,0
15249,0
15254,0
15256,0
15260,0
15266,0
15268,0
15275,0
15279,0
15292,0
15294,0
15296,0
15297,0
15300,0
15301,0
15302,0
15304,0
15306,0
15307,0
15316,0
15325,0
15329,0
15336,0
15339,0
15342,0
15353,0
15356,0
15368,0
15381,0
15384,0
15386,0
15390,0
15406,0
15411,0
15418,0
15419,0
15420,0
15424,0
15428,0
15430,0
15434,0
15438,0
15440,0
15444,0
15452,0
15456,0
15457,0
15458,0
15459,0
15474,0
15480,0
15484,0
15485,0
15493,0
15514,0
15521,0
15527,0
15548,0
15549,0
15559,0
15561,0
15563,0
15565,0
15568,0
15572,0
15578,0
15584,0
15588,0
15592,0
15603,0
15605,0
15607,0
15624,0
15625,0
15626,0
15638,0
15639,0
15645,0
15647,0
15652,0
15658,0
15670,0
15676,0
15685,0
15688,0
15692,0
15696,0
15700,0
15701,0
15705,0
15715,0
15716,0
15717,0
15719,0
15722,0
15723,0
15727,0
15728,0
15729,0
15735,0
15742,0
15747,0
15750,0
15751,0
15753,0
15754,0
15757,0
15758,0
15761,0
15762,0
15763,0
15777,0
15781,0
15788,0
15793,0
15794,0
15795,0
15796,0
15798,0
15816,0
15817,0
15818,0
15819,0
15823,0
15825,0
15842,0
15845,0
15849,0
15854,0
15858,0
15865,0
15867,0
15872,0
15874,0
15876,0
15880,0
15884,0
15889,0
15890,0
15894,0
15898,0
15901,0
15903,0
15904,0
15905,0
15915,0
15933,0
15938,0
15940,0
15948,0
15949,0
15950,0
15954,0
15957,0
15958,0
15972,0
15973,0
15980,0
15983,0
15986,0
15989,0
15993,0
16006,0
16015,0
16021,0
16022,0
16051,0
16052,0
16053,0
16063,0
16064,0
16067,0
16073,0
16075,0
16076,0
16079,0
16088,0
16091,0
16094,0
16099,0
16104,0
16113,0
16115,0
16117,0
16126,0
16139,0
16141,0
16143,0
16160,0
16161,0
16163,0
16180,0
16183,0
16187,0
16190,0
16196,0
16206,0
16224,0
16232,0
16235,0
16249,0
16254,0
16259,0
16274,0
16277,0
16279,0
16291,0
16295,0
16296,0
16300,0
16302,0
16305,0
16309,0
16323,0
16327,0
16333,0
16334,0
16335,0
16337,0
16342,0
16350,0
16353,0
16355,0
16356,0
16375,0
16377,0
16380,0
16390,0
16397,0
16404,0
16420,0
16424,0
16427,0
16435,0
16441,0
16443,0
16447,0
16448,0
16453,0
16454,0
16457,0
16458,0
16459,0
16469,0
16492,0
16495,0
16498,0
16505,0
16506,0
16507,0
16528,0
16530,0
16535,0
16538,0
16543,0
16544,0
16567,0
16569,0
16571,0
16577,0
16579,0
16592,0
16593,0
16596,0
16601,0
16606,0
16615,0
16627,0
16630,0
16632,0
16633,0
16634,0
16635,0
16643,0
16646,0
16651,0
16652,0
16654,0
16655,0
16659,0
16664,0
16668,0
16672,0
16685,0
16694,0
16698,0
16705,0
16707,0
16708,0
16718,0
16725,0
16731,0
16732,0
16746,0
16755,0
16762,0
16763,0
16769,0
16776,0
16787,0
16792,0
16796,0
16797,0
16800,0
16801,0
16805,0
16806,0
16810,0
16811,0
16817,0
16825,0
16835,0
16837,0
16841,0
16846,0
16853,0
16858,0
16860,0
16864,0
16881,0
16887,0
16894,0
16896,0
16897,0
16907,0
16909,0
16912,0
16916,0
16922,0
16923,0
16925,0
16932,0
16939,0
16942,0
16943,0
16945,0
16948,0
16951,0
16953,0
16959,0
16960,0
16965,0
16967,0
16983,0
16993,0
17005,0
17007,0
17018,0
17034,0
17037,0
17042,0
17046,0
17047,0
17048,0
17050,0
17057,0
17058,0
17068,0
17069,0
17081,0
17086,0
17094,0
17103,0
17105,0
17108,0
17111,0
17112,0
17114,0
17115,0
17117,0
17122,0
17130,0
17131,0
17134,0
17142,0
17144,0
17146,0
17148,0
17154,0
17162,0
17176,0
17181,0
17189,0
17194,0
17200,0
17208,0
17213,0
17214,0
17219,0
17221,0
17240,0
17253,0
17254,0
17263,0
17265,0
17277,0
17280,0
17284,0
17290,0
17292,0
17294,0
17300,0
17307,0
17310,0
17311,0
17314,0
17318,0
17325,0
17330,0
17343,0
17355,0
17362,0
17363,0
17367,0
17369,0
17372,0
17384,0
17386,0
17393,0
17403,0
17406,0
17408,0
17415,0
17421,0
17426,0
17433,0
17441,0
17446,0
17454,0
17463,0
17464,0
17465,0
17467,0
17471,0
17473,0
17474,0
17480,0
17482,0
17484,0
17487,0
17492,0
17501,0
17502,0
17506,0
17510,0
17511,0
17521,0
17531,0
9,1
20,1
34,1
45,1
49,1
57,1
60,1
87,1
89,1
94,1
96,1
97,1
98,1
104,1
107,1
110,1
111,1
117,1
119,1
123,1
125,1
129,1
130,1
135,1
146,1
151,1
166,1
168,1
174,1
178,1
181,1
182,1
183,1
187,1
188,1
198,1
203,1
209,1
213,1
230,1
231,1
232,1
235,1
249,1
267,1
268,1
269,1
273,1
277,1
284,1
285,1
289,1
290,1
295,1
301,1
304,1
307,1
323,1
336,1
341,1
344,1
349,1
353,1
360,1
362,1
381,1
387,1
390,1
397,1
411,1
420,1
421,1
425,1
431,1
438,1
440,1
446,1
449,1
462,1
467,1
468,1
470,1
471,1
476,1
484,1
493,1
494,1
502,1
507,1
508,1
513,1
522,1
525,1
531,1
537,1
548,1
555,1
560,1
565,1
566,1
569,1
577,1
582,1
589,1
598,1
599,1
607,1
613,1
614,1
619,1
620,1
623,1
626,1
628,1
635,1
636,1
641,1
647,1
659,1
661,1
663,1
669,1
680,1
682,1
698,1
708,1
714,1
716,1
722,1
728,1
730,1
732,1
734,1
742,1
746,1
750,1
756,1
758,1
760,1
763,1
765,1
775,1
776,1
779,1
780,1
790,1
792,1
794,1
798,1
801,1
805,1
806,1
818,1
820,1
826,1
832,1
846,1
847,1
852,1
854,1
855,1
861,1
862,1
866,1
873,1
879,1
881,1
886,1
889,1
890,1
891,1
893,1
896,1
901,1
903,1
908,1
910,1
912,1
924,1
929,1
931,1
936,1
937,1
940,1
942,1
945,1
949,1
953,1
956,1
959,1
960,1
967,1
976,1
998,1
1010,1
1021,1
1028,1
1031,1
1043,1
1045,1
1050,1
1066,1
1069,1
1070,1
1075,1
1085,1
1091,1
1111,1
1115,1
1116,1
1123,1
1131,1
1152,1
1156,1
1157,1
1160,1
1166,1
1171,1
1172,1
1176,1
1190,1
1194,1
1200,1
1202,1
1204,1
1205,1
1210,1
1215,1
1232,1
1240,1
1242,1
1248,1
1249,1
1251,1
1255,1
1261,1
1274,1
1281,1
1283,1
1292,1
1293,1
1297,1
1307,1
1310,1
1312,1
1313,1
1315,1
1316,1
1319,1
1324,1
1327,1
1328,1
1333,1
1348,1
1352,1
1353,1
1355,1
1360,1
1362,1
1364,1
1365,1
1368,1
1385,1
1386,1
1387,1
1404,1
1406,1
1409,1
1412,1
1423,1
1431,1
1432,1
1433,1
1438,1
1442,1
1450,1
1452,1
1453,1
1454,1
1459,1
1463,1
1464,1
1465,1
1469,1
1475,1
1493,1
1498,1
1501,1
1502,1
1504,1
1509,1
1512,1
1520,1
1522,1
1530,1
1533,1
1544,1
1545,1
1550,1
1556,1
1557,1
1560,1
1564,1
1566,1
1571,1
1575,1
1585,1
1591,1
1599,1
1601,1
1608,1
1611,1
1615,1
1621,1
1623,1
1625,1
1630,1
1631,1
1644,1
1649,1
1654,1
1667,1
1677,1
1678,1
1681,1
1692,1
1694,1
1704,1
1710,1
1716,1
1724,1
1735,1
1736,1
1738,1
1756,1
1760,1
1762,1
1764,1
1773,1
1778,1
1782,1
1797,1
1802,1
1806,1
1808,1
1810,1
1814,1
1821,1
1828,1
1830,1
1833,1
1841,1
1845,1
1854,1
1858,1
1866,1
1869,1
1872,1
1878,1
1880,1
1882,1
1886,1
1889,1
1893,1
1895,1
1900,1
1901,1
1902,1
1916,1
1920,1
1923,1
1926,1
1928,1
1930,1
1931,1
1932,1
1933,1
1938,1
1950,1
1953,1
1955,1
1958,1
1959,1
1961,1
1967,1
1968,1
1974,1
1984,1
1990,1
1995,1
2004,1
2006,1
2010,1
2013,1
2018,1
2020,1
2021,1
2034,1
2046,1
2049,1
2057,1
2059,1
2064,1
2073,1
2087,1
2091,1
2096,1
2100,1
2109,1
2112,1
2114,1
2115,1
2119,1
2123,1
2124,1
2131,1
2133,1
2136,1
2137,1
2147,1
2151,1
2153,1
2162,1
2163,1
2175,1
2177,1
2184,1
2189,1
2197,1
2200,1
2208,1
2209,1
2215,1
2216,1
2222,1
2226,1
2228,1
2235,1
2242,1
2245,1
2247,1
2250,1
2253,1
2258,1
2267,1
2269,1
2270,1
2274,1
2275,1
2280,1
2292,1
2304,1
2305,1
2313,1
2330,1
2331,1
2333,1
2347,1
2348,1
2352,1
2357,1
2361,1
2366,1
2369,1
2374,1
2378,1
2381,1
2388,1
2401,1
2413,1
2417,1
2418,1
2420,1
2421,1
2426,1
2432,1
2433,1
2435,1
2440,1
2443,1
2449,1
2455,1
2457,1
2462,1
2463,1
2465,1
2466,1
2471,1
2474,1
2475,1
2488,1
2491,1
2499,1
2504,1
2509,1
2510,1
2515,1
2516,1
2523,1
2524,1
2526,1
2531,1
2535,1
2537,1
2538,1
2541,1
2545,1
2549,1
2556,1
2557,1
2561,1
2573,1
2575,1
2581,1
2582,1
2587,1
2591,1
2594,1
2603,1
2604,1
2606,1
2608,1
2610,1
2617,1
2618,1
2624,1
2625,1
2628,1
2633,1
2638,1
2644,1
2652,1
2658,1
2659,1
2661,1
2663,1
2664,1
2672,1
2673,1
2674,1
2679,1
2680,1
2683,1
2684,1
2688,1
2689,1
2693,1
2695,1
2702,1
2703,1
2716,1
2717,1
2726,1
2727,1
2728,1
2729,1
2735,1
2739,1
2744,1
2746,1
2747,1
2756,1
2766,1
2780,1
2785,1
2790,1
2792,1
2802,1
2805,1
2807,1
2812,1
2813,1
2819,1
2820,1
2822,1
2823,1
2826,1
2827,1
2829,1
2831,1
2834,1
2839,1
2842,1
2853,1
2856,1
2869,1
2871,1
2876,1
2879,1
2888,1
2890,1
2895,1
2899,1
2908,1
2913,1
2916,1
2917,1
2918,1
2925,1
2926,1
2929,1
2933,1
2952,1
2963,1
2965,1
2968,1
2975,1
2995,1
3005,1
3006,1
3009,1
3023,1
3025,1
3028,1
3034,1
3042,1
3045,1
3049,1
3050,1
3051,1
3058,1
3062,1
3073,1
3075,1
3090,1
3100,1
3106,1
3111,1
3115,1
3118,1
3124,1
3127,1
3131,1
3136,1
3145,1
3149,1
3152,1
3161,1
3162,1
3164,1
3165,1
3170,1
3177,1
3184,1
3191,1
3192,1
3196,1
3201,1
3209,1
3210,1
3212,1
3240,1
3246,1
3247,1
3255,1
3256,1
3260,1
3262,1
3269,1
3271,1
3275,1
3276,1
3278,1
3282,1
3298,1
3300,1
3301,1
3302,1
3308,1
3309,1
3315,1
3316,1
3317,1
3320,1
3324,1
3325,1
3334,1
3342,1
3347,1
3348,1
3350,1
3351,1
3356,1
3358,1
3366,1
3368,1
3371,1
3381,1
3388,1
3398,1
3402,1
3406,1
3410,1
3423,1
3428,1
3446,1
3449,1
3455,1
3458,1
3462,1
3466,1
3480,1
3481,1
3483,1
3486,1
3489,1
3498,1
3530,1
3547,1
3556,1
3561,1
3570,1
3574,1
3596,1
3598,1
3600,1
3603,1
3606,1
3607,1
3614,1
3615,1
3618,1
3623,1
3624,1
3625,1
3632,1
3649,1
3659,1
3660,1
3663,1
3671,1
3682,1
3686,1
3695,1
3704,1
3706,1
3707,1
3713,1
3715,1
3720,1
3722,1
3726,1
3728,1
3732,1
3748,1
3750,1
3751,1
3762,1
3765,1
3772,1
3780,1
3784,1
3798,1
3805,1
3811,1
3814,1
3827,1
3829,1
3832,1
3839,1
3844,1
3847,1
3848,1
3876,1
3878,1
3879,1
3885,1
3888,1
3890,1
3891,1
3904,1
3905,1
3907,1
3910,1
3911,1
3923,1
3925,1
3927,1
3929,1
3935,1
3943,1
3946,1
3947,1
3949,1
3954,1
3956,1
3962,1
3964,1
3968,1
3969,1
3971,1
3975,1
3979,1
3980,1
3985,1
3989,1
3990,1
3993,1
4007,1
4018,1
4020,1
4022,1
4027,1
4032,1
4033,1
4034,1
4039,1
4041,1
4043,1
4047,1
4049,1
4052,1
4053,1
4058,1
4063,1
4070,1
4072,1
4073,1
4077,1
4080,1
4081,1
4085,1
4088,1
4089,1
4093,1
4094,1
4095,1
4099,1
4102,1
4107,1
4110,1
4118,1
4124,1
4127,1
4128,1
4134,1
4135,1
4150,1
4159,1
4160,1
4164,1
4165,1
4170,1
4171,1
4177,1
4184,1
4187,1
4200,1
4204,1
4205,1
4218,1
4222,1
4225,1
4230,1
4235,1
4237,1
4242,1
4246,1
4253,1
4265,1
4268,1
4272,1
4275,1
4287,1
4288,1
4294,1
4297,1
4300,1
4306,1
4313,1
4316,1
4319,1
4321,1
4322,1
4323,1
4328,1
4331,1
4332,1
4333,1
4334,1
4341,1
4342,1
4355,1
4360,1
4365,1
4368,1
4373,1
4376,1
4378,1
4379,1
4381,1
4382,1
4386,1
4393,1
4396,1
4399,1
4408,1
4424,1
4427,1
4431,1
4443,1
4446,1
4453,1
4455,1
4458,1
4488,1
4495,1
4511,1
4515,1
4516,1
4521,1
4536,1
4537,1
4547,1
4549,1
4556,1
4558,1
4559,1
4569,1
4573,1
4574,1
4582,1
4592,1
4597,1
4601,1
4602,1
4614,1
4616,1
4617,1
4635,1
4636,1
4648,1
4652,1
4655,1
4660,1
4665,1
4674,1
4681,1
4682,1
4692,1
4693,1
4695,1
4702,1
4705,1
4710,1
4711,1
4712,1
4713,1
4714,1
4715,1
4716,1
4720,1
4725,1
4726,1
4729,1
4734,1
4737,1
4739,1
4741,1
4750,1
4758,1
4760,1
4761,1
4765,1
4768,1
4772,1
4775,1
4777,1
4785,1
4789,1
4792,1
4794,1
4803,1
4811,1
4813,1
4816,1
4826,1
4833,1
4838,1
4845,1
4850,1
4854,1
4856,1
4858,1
4863,1
4873,1
4876,1
4890,1
4904,1
4908,1
4912,1
4916,1
4918,1
4925,1
4926,1
4927,1
4930,1
4931,1
4935,1
4936,1
4937,1
4945,1
4971,1
4975,1
4976,1
4983,1
4984,1
4985,1
4989,1
4990,1
4996,1
4999,1
5002,1
5010,1
5016,1
5022,1
5023,1
5024,1
5026,1
5032,1
5037,1
5038,1
5043,1
5047,1
5050,1
5054,1
5056,1
5062,1
5073,1
5076,1
5083,1
5087,1
5093,1
5097,1
5100,1
5102,1
5105,1
5109,1
5110,1
5112,1
5116,1
5124,1
5129,1
5132,1
5143,1
5159,1
5166,1
5167,1
5168,1
5176,1
5180,1
5188,1
5201,1
5207,1
5213,1
5216,1
5221,1
5222,1
5223,1
5226,1
5230,1
5236,1
5243,1
5250,1
5257,1
5259,1
5264,1
5266,1
5268,1
5269,1
5284,1
5311,1
5316,1
5318,1
5326,1
5328,1
5330,1
5331,1
5334,1
5344,1
5346,1
5353,1
5355,1
5367,1
5372,1
5374,1
5380,1
5385,1
5388,1
5391,1
5394,1
5395,1
5402,1
5416,1
5421,1
5426,1
5428,1
5431,1
5445,1
5449,1
5451,1
5456,1
5467,1
5473,1
5476,1
5478,1
5480,1
5485,1
5487,1
5498,1
5499,1
5508,1
5514,1
5522,1
5526,1
5529,1
5535,1
5549,1
5550,1
5552,1
5553,1
5557,1
5561,1
5578,1
5595,1
5600,1
5601,1
5607,1
5608,1
5609,1
5610,1
5611,1
5614,1
5616,1
5617,1
5625,1
5629,1
5632,1
5635,1
5639,1
5640,1
5641,1
5644,1
5647,1
5649,1
5650,1
5658,1
5659,1
5663,1
5664,1
5666,1
5674,1
5679,1
5680,1
5694,1
5699,1
5703,1
5721,1
5722,1
5725,1
5727,1
5732,1
5736,1
5738,1
5742,1
5749,1
5751,1
5752,1
5757,1
5762,1
5766,1
5769,1
5770,1
5775,1
5784,1
5796,1
5803,1
5808,1
5811,1
5812,1
5814,1
5818,1
5827,1
5832,1
5833,1
5835,1
5836,1
5848,1
5852,1
5855,1
5858,1
5859,1
5860,1
5861,1
5863,1
5866,1
5874,1
5883,1
5889,1
5890,1
5891,1
5893,1
5896,1
5904,1
5909,1
5910,1
5913,1
5916,1
5924,1
5928,1
5944,1
5947,1
5951,1
5958,1
5959,1
5964,1
5972,1
5986,1
5987,1
5994,1
5995,1
5998,1
6001,1
6007,1
6012,1
6016,1
6018,1
6020,1
6026,1
6028,1
6032,1
6035,1
6038,1
6039,1
6043,1
6049,1
6051,1
6058,1
6060,1
6073,1
6075,1
6076,1
6083,1
6088,1
6092,1
6106,1
6112,1
6113,1
6128,1
6131,1
6136,1
6138,1
6141,1
6144,1
6145,1
6148,1
6163,1
6175,1
6178,1
6183,1
6186,1
6188,1
6193,1
6200,1
6204,1
6213,1
6214,1
6215,1
6226,1
6232,1
6233,1
6250,1
6251,1
6253,1
6260,1
6262,1
6289,1
6296,1
6300,1
6307,1
6325,1
6330,1
6333,1
6337,1
6343,1
6355,1
6359,1
6362,1
6364,1
6380,1
6381,1
6382,1
6390,1
6392,1
6394,1
6404,1
6405,1
6407,1
6410,1
6416,1
6422,1
6425,1
6434,1
6446,1
6447,1
6451,1
6458,1
6477,1
6478,1
6485,1
6495,1
6496,1
6500,1
6505,1
6510,1
6513,1
6515,1
6522,1
6524,1
6530,1
6537,1
6542,1
6545,1
6550,1
6561,1
6574,1
6575,1
6583,1
6595,1
6610,1
6626,1
6628,1
6630,1
6636,1
6640,1
6641,1
6642,1
6643,1
6644,1
6650,1
6651,1
6659,1
6662,1
6667,1
6668,1
6670,1
6671,1
6675,1
6676,1
6691,1
6692,1
6704,1
6717,1
6719,1
6723,1
6728,1
6730,1
6734,1
6736,1
6751,1
6757,1
6767,1
6769,1
6770,1
6775,1
6781,1
6783,1
6785,1
6789,1
6801,1
6809,1
6813,1
6815,1
6825,1
6827,1
6830,1
6839,1
6847,1
6874,1
6889,1
6892,1
6897,1
6898,1
6900,1
6907,1
6909,1
6911,1
6914,1
6920,1
6924,1
6928,1
6930,1
6938,1
6948,1
6953,1
6955,1
6956,1
6958,1
6964,1
6968,1
6978,1
6979,1
6982,1
6983,1
6986,1
6990,1
6993,1
6994,1
6995,1
7001,1
7004,1
7018,1
7021,1
7024,1
7030,1
7031,1
7034,1
7036,1
7043,1
7044,1
7053,1
7061,1
7067,1
7074,1
7083,1
7089,1
7090,1
7098,1
7111,1
7116,1
7126,1
7132,1
7136,1
7143,1
7150,1
7154,1
7156,1
7162,1
7170,1
7173,1
7177,1
7178,1
7186,1
7190,1
7193,1
7206,1
7211,1
7225,1
7229,1
7233,1
7236,1
7238,1
7240,1
7241,1
7243,1
7252,1
7253,1
7259,1
7275,1
7280,1
7295,1
7303,1
7313,1
7318,1
7323,1
7329,1
7331,1
7333,1
7336,1
7340,1
7342,1
7352,1
7353,1
7358,1
7363,1
7365,1
7367,1
7369,1
7380,1
7382,1
7384,1
7388,1
7389,1
7391,1
7398,1
7406,1
7411,1
7426,1
7428,1
7440,1
7443,1
7446,1
7449,1
7459,1
7460,1
7467,1
7475,1
7484,1
7490,1
7491,1
7495,1
7496,1
7499,1
7520,1
7530,1
7531,1
7539,1
7552,1
7553,1
7565,1
7570,1
7572,1
7573,1
7579,1
7580,1
7581,1
7583,1
7597,1
7600,1
7607,1
7611,1
7615,1
7619,1
7635,1
7639,1
7641,1
7644,1
7648,1
7651,1
7656,1
7668,1
7672,1
7674,1
7678,1
7681,1
7682,1
7687,1
7694,1
7700,1
7702,1
7707,1
7708,1
7711,1
7712,1
7731,1
7749,1
7752,1
7765,1
7766,1
7769,1
7771,1
7772,1
7775,1
7780,1
7781,1
7784,1
7787,1
7791,1
7792,1
7794,1
7798,1
7799,1
7801,1
7803,1
7811,1
7816,1
7821,1
7822,1
7823,1
7826,1
7829,1
7831,1
7833,1
7834,1
7836,1
7838,1
7845,1
7858,1
7859,1
7868,1
7871,1
7875,1
7876,1
7881,1
7886,1
7891,1
7893,1
7894,1
7895,1
7902,1
7907,1
7911,1
7914,1
7917,1
7924,1
7925,1
7934,1
7948,1
7961,1
7966,1
7972,1
7976,1
7978,1
7983,1
7993,1
8000,1
8001,1
8002,1
8003,1
8023,1
8027,1
8029,1
8030,1
8031,1
8034,1
8047,1
8051,1
8057,1
8058,1
8070,1
8078,1
8079,1
8088,1
8091,1
8094,1
8095,1
8104,1
8106,1
8107,1
8116,1
8121,1
8125,1
8128,1
8130,1
8132,1
8141,1
8145,1
8150,1
8154,1
8157,1
8159,1
8160,1
8164,1
8166,1
8169,1
8175,1
8177,1
8178,1
8180,1
8185,1
8186,1
8188,1
8197,1
8198,1
8199,1
8200,1
8205,1
8215,1
8218,1
8219,1
8220,1
8223,1
8228,1
8229,1
8233,1
8234,1
8238,1
8241,1
8247,1
8260,1
8261,1
8263,1
8265,1
8273,1
8275,1
8276,1
8287,1
8291,1
8295,1
8296,1
8308,1
8310,1
8316,1
8320,1
8328,1
8333,1
8355,1
8362,1
8364,1
8367,1
8380,1
8382,1
8386,1
8390,1
8394,1
8396,1
8397,1
8398,1
8399,1
8403,1
8406,1
8408,1
8414,1
8416,1
8417,1
8425,1
8426,1
8431,1
8433,1
8439,1
8440,1
8443,1
8445,1
8447,1
8456,1
8457,1
8458,1
8461,1
8462,1
8467,1
8468,1
8470,1
8477,1
8487,1
8488,1
8490,1
8496,1
8502,1
8506,1
8507,1
8509,1
8510,1
8512,1
8515,1
8518,1
8527,1
8530,1
8531,1
8537,1
8539,1
8550,1
8551,1
8554,1
8557,1
8571,1
8577,1
8580,1
8584,1
8587,1
8591,1
8592,1
8597,1
8603,1
8605,1
8611,1
8621,1
8623,1
8624,1
8635,1
8646,1
8648,1
8656,1
8658,1
8661,1
8666,1
8668,1
8670,1
8672,1
8674,1
8682,1
8683,1
8693,1
8695,1
8699,1
8702,1
8703,1
8723,1
8724,1
8729,1
8739,1
8742,1
8747,1
8748,1
8759,1
8762,1
8764,1
8766,1
8769,1
8772,1
8777,1
8780,1
8782,1
8786,1
8788,1
8790,1
8791,1
8792,1
8794,1
8796,1
8798,1
8800,1
8808,1
8811,1
8813,1
8815,1
8816,1
8817,1
8824,1
8826,1
8833,1
8838,1
8839,1
8845,1
8846,1
8851,1
8852,1
8857,1
8859,1
8864,1
8870,1
8872,1
8882,1
8889,1
8890,1
8892,1
8900,1
8901,1
8903,1
8905,1
8912,1
8923,1
8925,1
8932,1
8935,1
8941,1
8946,1
8951,1
8955,1
8960,1
8967,1
8969,1
8975,1
8978,1
8981,1
8984,1
8987,1
8991,1
8992,1
9002,1
9005,1
9012,1
9017,1
9022,1
9031,1
9038,1
9040,1
9041,1
9045,1
9060,1
9062,1
9067,1
9069,1
9071,1
9072,1
9079,1
9084,1
9089,1
9092,1
9105,1
9108,1
9109,1
9120,1
9124,1
9125,1
9126,1
9128,1
9129,1
9130,1
9132,1
9135,1
9140,1
9145,1
9152,1
9154,1
9163,1
9176,1
9189,1
9193,1
9195,1
9197,1
9202,1
9205,1
9212,1
9215,1
9218,1
9221,1
9225,1
9226,1
9227,1
9228,1
9236,1
9244,1
9251,1
9255,1
9261,1
9265,1
9266,1
9276,1
9281,1
9286,1
9290,1
9302,1
9307,1
9326,1
9329,1
9330,1
9332,1
9333,1
9335,1
9337,1
9338,1
9348,1
9350,1
9351,1
9352,1
9358,1
9367,1
9376,1
9378,1
9394,1
9396,1
9406,1
9410,1
9412,1
9419,1
9427,1
9434,1
9463,1
9473,1
9480,1
9481,1
9483,1
9494,1
9500,1
9502,1
9507,1
9508,1
9511,1
9515,1
9524,1
9526,1
9528,1
9536,1
9575,1
9577,1
9583,1
9590,1
9592,1
9594,1
9598,1
9600,1
9601,1
9604,1
9605,1
9626,1
9627,1
9629,1
9630,1
9631,1
9633,1
9634,1
9641,1
9656,1
9671,1
9676,1
9679,1
9682,1
9687,1
9689,1
9698,1
9699,1
9715,1
9717,1
9734,1
9745,1
9746,1
9748,1
9758,1
9768,1
9779,1
9784,1
9793,1
9795,1
9800,1
9809,1
9837,1
9841,1
9845,1
9849,1
9850,1
9851,1
9852,1
9853,1
9855,1
9856,1
9859,1
9861,1
9865,1
9866,1
9870,1
9879,1
9881,1
9883,1
9889,1
9890,1
9901,1
9902,1
9915,1
9916,1
9928,1
9932,1
9942,1
9944,1
9945,1
9946,1
9950,1
9953,1
9962,1
9969,1
9970,1
9971,1
9975,1
9977,1
9982,1
9984,1
9988,1
9997,1
10006,1
10008,1
10009,1
10024,1
10025,1
10033,1
10046,1
10048,1
10060,1
10063,1
10067,1
10071,1
10073,1
10079,1
10081,1
10082,1
10084,1
10087,1
10090,1
10098,1
10102,1
10106,1
10123,1
10127,1
10133,1
10138,1
10147,1
10148,1
10155,1
10160,1
10162,1
10168,1
10170,1
10172,1
10176,1
10179,1
10181,1
10188,1
10192,1
10196,1
10205,1
10214,1
10217,1
10220,1
10222,1
10226,1
10236,1
10243,1
10245,1
10247,1
10254,1
10256,1
10257,1
10262,1
10275,1
10285,1
10287,1
10289,1
10298,1
10302,1
10304,1
10305,1
10307,1
10310,1
10316,1
10319,1
10321,1
10322,1
10324,1
10327,1
10332,1
10335,1
10347,1
10367,1
10369,1
10372,1
10383,1
10385,1
10398,1
10406,1
10412,1
10430,1
10436,1
10453,1
10457,1
10459,1
10469,1
10470,1
10473,1
10474,1
10478,1
10491,1
10494,1
10504,1
10507,1
10516,1
10521,1
10525,1
10532,1
10549,1
10550,1
10557,1
10571,1
10574,1
10580,1
10584,1
10587,1
10597,1
10598,1
10601,1
10608,1
10615,1
10618,1
10621,1
10623,1
10625,1
10628,1
10630,1
10636,1
10640,1
10643,1
10659,1
10668,1
10681,1
10690,1
10705,1
10707,1
10711,1
10712,1
10714,1
10724,1
10730,1
10735,1
10738,1
10744,1
10745,1
10748,1
10750,1
10754,1
10762,1
10763,1
10765,1
10774,1
10777,1
10793,1
10794,1
10803,1
10809,1
10820,1
10822,1
10829,1
10834,1
10842,1
10847,1
10848,1
10850,1
10855,1
10858,1
10859,1
10869,1
10877,1
10879,1
10886,1
10888,1
10895,1
10896,1
10901,1
10903,1
10906,1
10908,1
10916,1
10919,1
10931,1
10946,1
10947,1
10949,1
10950,1
10952,1
10954,1
10961,1
10964,1
10966,1
10968,1
10973,1
10979,1
10991,1
10992,1
11002,1
11004,1
11007,1
11008,1
11014,1
11018,1
11020,1
11026,1
11028,1
11031,1
11036,1
11039,1
11045,1
11047,1
11055,1
11057,1
11062,1
11066,1
11067,1
11072,1
11082,1
11084,1
11088,1
11096,1
11103,1
11111,1
11119,1
11123,1
11124,1
11127,1
11131,1
11137,1
11149,1
11153,1
11158,1
11162,1
11166,1
11175,1
11176,1
11178,1
11185,1
11189,1
11192,1
11196,1
11197,1
11198,1
11210,1
11212,1
11217,1
11220,1
11223,1
11227,1
11228,1
11230,1
11235,1
11240,1
11244,1
11245,1
11248,1
11249,1
11250,1
11252,1
11261,1
11266,1
11269,1
11276,1
11281,1
11287,1
11288,1
11293,1
11297,1
11303,1
11306,1
11308,1
11318,1
11320,1
11324,1
11326,1
11329,1
11333,1
11334,1
11337,1
11343,1
11344,1
11352,1
11359,1
11368,1
11370,1
11381,1
11382,1
11384,1
11388,1
11391,1
11395,1
11396,1
11405,1
11409,1
11427,1
11428,1
11446,1
11448,1
11450,1
11452,1
11458,1
11466,1
11467,1
11473,1
11474,1
11482,1
11484,1
11486,1
11487,1
11488,1
11500,1
11505,1
11509,1
11511,1
11514,1
11515,1
11529,1
11531,1
11532,1
11539,1
11544,1
11560,1
11573,1
11578,1
11583,1
11593,1
11597,1
11600,1
11602,1
11617,1
11620,1
11623,1
11625,1
11628,1
11629,1
11644,1
11645,1
11657,1
11658,1
11662,1
11665,1
11667,1
11668,1
11669,1
11674,1
11678,1
11681,1
11695,1
11696,1
11706,1
11707,1
11710,1
11713,1
11730,1
11732,1
11738,1
11740,1
11747,1
11748,1
11749,1
11765,1
11768,1
11771,1
11783,1
11791,1
11793,1
11794,1
11797,1
11798,1
11806,1
11812,1
11813,1
11818,1
11819,1
11820,1
11824,1
11825,1
11826,1
11832,1
11835,1
11836,1
11851,1
11853,1
11854,1
11858,1
11861,1
11876,1
11881,1
11882,1
11885,1
11891,1
11896,1
11897,1
11898,1
11903,1
11916,1
11920,1
11922,1
11925,1
11926,1
11929,1
11930,1
11931,1
11935,1
11944,1
11945,1
11947,1
11948,1
11958,1
11960,1
11962,1
11964,1
11967,1
11969,1
11970,1
11971,1
11978,1
11980,1
11982,1
11990,1
11995,1
12001,1
12005,1
12006,1
12007,1
12012,1
12017,1
12028,1
12033,1
12038,1
12039,1
12044,1
12046,1
12048,1
12058,1
12061,1
12062,1
12066,1
12074,1
12076,1
12077,1
12078,1
12082,1
12084,1
12085,1
12088,1
12093,1
12096,1
12098,1
12103,1
12104,1
12105,1
12110,1
12113,1
12115,1
12122,1
12137,1
12138,1
12147,1
12156,1
12163,1
12170,1
12177,1
12179,1
12183,1
12184,1
12186,1
12196,1
12198,1
12201,1
12220,1
12226,1
12227,1
12234,1
12237,1
12238,1
12240,1
12242,1
12251,1
12257,1
12263,1
12264,1
12271,1
12272,1
12273,1
12280,1
12281,1
12292,1
12305,1
12311,1
12314,1
12323,1
12324,1
12332,1
12333,1
12334,1
12335,1
12339,1
12340,1
12344,1
12345,1
12354,1
12358,1
12361,1
12366,1
12369,1
12370,1
12376,1
12379,1
12396,1
12397,1
12398,1
12399,1
12402,1
12404,1
12417,1
12425,1
12429,1
12434,1
12464,1
12473,1
12474,1
12475,1
12494,1
12495,1
12500,1
12501,1
12502,1
12506,1
12512,1
12513,1
12514,1
12521,1
12522,1
12523,1
12526,1
12533,1
12540,1
12550,1
12560,1
12562,1
12563,1
12564,1
12566,1
12568,1
12584,1
12592,1
12593,1
12603,1
12604,1
12606,1
12607,1
12621,1
12623,1
12636,1
12637,1
12643,1
12644,1
12648,1
12654,1
12663,1
12669,1
12679,1
12683,1
12689,1
12690,1
12698,1
12704,1
12708,1
12722,1
12727,1
12729,1
12734,1
12737,1
12743,1
12747,1
12753,1
12756,1
12769,1
12772,1
12779,1
12781,1
12784,1
12789,1
12790,1
12792,1
12797,1
12800,1
12804,1
12805,1
12806,1
12814,1
12820,1
12823,1
12825,1
12831,1
12841,1
12855,1
12856,1
12858,1
12862,1
12873,1
12877,1
12878,1
12883,1
12884,1
12887,1
12889,1
12893,1
12901,1
12905,1
12907,1
12909,1
12910,1
12917,1
12922,1
12925,1
12930,1
12931,1
12932,1
12942,1
12944,1
12947,1
12955,1
12956,1
12961,1
12963,1
12965,1
12968,1
12978,1
12984,1
12994,1
13006,1
13010,1
13012,1
13026,1
13035,1
13036,1
13037,1
13066,1
13070,1
13075,1
13087,1
13088,1
13091,1
13097,1
13102,1
13108,1
13116,1
13118,1
13119,1
13129,1
13131,1
13142,1
13171,1
13173,1
13195,1
13198,1
13204,1
13213,1
13215,1
13216,1
13219,1
13223,1
13225,1
13232,1
13235,1
13238,1
13242,1
13249,1
13253,1
13255,1
13260,1
13261,1
13264,1
13268,1
13276,1
13290,1
13291,1
13295,1
13307,1
13313,1
13319,1
13321,1
13327,1
13331,1
13334,1
13340,1
13347,1
13352,1
13362,1
13363,1
13370,1
13373,1
13375,1
13377,1
13383,1
13397,1
13414,1
13420,1
13429,1
13435,1
13440,1
13444,1
13445,1
13451,1
13458,1
13466,1
13467,1
13470,1
13488,1
13492,1
13497,1
13503,1
13504,1
13510,1
13519,1
13524,1
13533,1
13535,1
13538,1
13541,1
13554,1
13563,1
13571,1
13578,1
13581,1
13585,1
13590,1
13602,1
13605,1
13607,1
13615,1
13626,1
13629,1
13630,1
13636,1
13637,1
13657,1
13661,1
13674,1
13675,1
13677,1
13679,1
13690,1
13700,1
13701,1
13703,1
13708,1
13711,1
13724,1
13730,1
13734,1
13744,1
13745,1
13746,1
13763,1
13765,1
13766,1
13773,1
13788,1
13793,1
13797,1
13800,1
13802,1
13807,1
13811,1
13812,1
13818,1
13822,1
13825,1
13828,1
13841,1
13848,1
13853,1
13854,1
13865,1
13870,1
13871,1
13872,1
13875,1
13880,1
13883,1
13884,1
13893,1
13895,1
13896,1
13899,1
13905,1
13907,1
13919,1
13924,1
13925,1
13927,1
13943,1
13950,1
13952,1
13954,1
13957,1
13959,1
13971,1
13977,1
13986,1
13987,1
13990,1
13991,1
13994,1
14000,1
14003,1
14011,1
14013,1
14014,1
14021,1
14022,1
14027,1
14029,1
14037,1
14050,1
14060,1
14070,1
14073,1
14086,1
14092,1
14098,1
14105,1
14107,1
14110,1
14125,1
14131,1
14153,1
14157,1
14158,1
14162,1
14164,1
14170,1
14172,1
14176,1
14181,1
14182,1
14193,1
14194,1
14201,1
14203,1
14209,1
14214,1
14239,1
14247,1
14250,1
14267,1
14268,1
14271,1
14304,1
14306,1
14313,1
14314,1
14322,1
14323,1
14326,1
14333,1
14334,1
14338,1
14341,1
14345,1
14347,1
14352,1
14355,1
14357,1
14358,1
14367,1
14371,1
14385,1
14389,1
14396,1
14413,1
14416,1
14422,1
14425,1
14437,1
14439,1
14449,1
14453,1
14456,1
14457,1
14475,1
14476,1
14483,1
14485,1
14494,1
14497,1
14504,1
14505,1
14510,1
14515,1
14532,1
14540,1
14541,1
14555,1
14559,1
14560,1
14563,1
14566,1
14591,1
14592,1
14597,1
14599,1
14603,1
14610,1
14613,1
14621,1
14623,1
14642,1
14643,1
14645,1
14646,1
14651,1
14665,1
14673,1
14694,1
14702,1
14705,1
14709,1
14723,1
14724,1
14726,1
14744,1
14748,1
14749,1
14751,1
14753,1
14760,1
14764,1
14765,1
14766,1
14770,1
14772,1
14780,1
14784,1
14791,1
14794,1
14799,1
14807,1
14808,1
14811,1
14812,1
14823,1
14828,1
14830,1
14848,1
14849,1
14852,1
14853,1
14858,1
14865,1
14868,1
14880,1
14892,1
14898,1
14900,1
14909,1
14922,1
14925,1
14933,1
14939,1
14942,1
14943,1
14951,1
14955,1
14959,1
14970,1
14975,1
14978,1
14979,1
14981,1
14988,1
14990,1
14991,1
14992,1
14993,1
15008,1
15014,1
15019,1
15024,1
15029,1
15033,1
15034,1
15037,1
15054,1
15057,1
15069,1
15071,1
15073,1
15075,1
15084,1
15096,1
15103,1
15114,1
15115,1
15119,1
15122,1
15127,1
15131,1
15142,1
15147,1
15151,1
15153,1
15178,1
15180,1
15185,1
15192,1
15197,1
15198,1
15201,1
15203,1
15212,1
15215,1
15216,1
15225,1
15230,1
15238,1
15244,1
15248,1
15265,1
15269,1
15271,1
15272,1
15280,1
15281,1
15285,1
15298,1
15299,1
15324,1
15327,1
15335,1
15344,1
15347,1
15352,1
15358,1
15359,1
15362,1
15367,1
15373,1
15377,1
15389,1
15393,1
15394,1
15398,1
15400,1
15412,1
15421,1
15432,1
15435,1
15436,1
15462,1
15466,1
15467,1
15473,1
15476,1
15477,1
15478,1
15482,1
15486,1
15490,1
15491,1
15496,1
15497,1
15500,1
15501,1
15505,1
15507,1
15511,1
15516,1
15523,1
15528,1
15532,1
15534,1
15537,1
15541,1
15547,1
15555,1
15574,1
15579,1
15582,1
15583,1
15585,1
15587,1
15593,1
15599,1
15600,1
15602,1
15610,1
15614,1
15630,1
15632,1
15633,1
15640,1
15642,1
15643,1
15649,1
15653,1
15654,1
15655,1
15659,1
15660,1
15662,1
15663,1
15667,1
15677,1
15678,1
15680,1
15683,1
15706,1
15713,1
15724,1
15726,1
15732,1
15733,1
15741,1
15748,1
15752,1
15755,1
15768,1
15770,1
15771,1
15773,1
15779,1
15784,1
15786,1
15790,1
15799,1
15800,1
15801,1
15802,1
15820,1
15826,1
15835,1
15836,1
15839,1
15840,1
15841,1
15846,1
15847,1
15855,1
15862,1
15869,1
15879,1
15882,1
15897,1
15899,1
15902,1
15913,1
15920,1
15923,1
15925,1
15934,1
15935,1
15942,1
15951,1
15956,1
15963,1
15965,1
15971,1
15979,1
15987,1
15995,1
16001,1
16012,1
16014,1
16030,1
16033,1
16041,1
16046,1
16047,1
16054,1
16055,1
16061,1
16065,1
16078,1
16086,1
16087,1
16090,1
16096,1
16101,1
16123,1
16128,1
16140,1
16142,1
16167,1
16169,1
16170,1
16174,1
16178,1
16179,1
16184,1
16185,1
16189,1
16194,1
16195,1
16197,1
16198,1
16200,1
16202,1
16204,1
16209,1
16217,1
16223,1
16228,1
16234,1
16237,1
16242,1
16245,1
16251,1
16263,1
16264,1
16270,1
16271,1
16272,1
16280,1
16285,1
16286,1
16292,1
16308,1
16312,1
16315,1
16318,1
16328,1
16339,1
16343,1
16345,1
16351,1
16362,1
16364,1
16368,1
16369,1
16370,1
16372,1
16374,1
16378,1
16389,1
16394,1
16405,1
16407,1
16412,1
16416,1
16419,1
16431,1
16439,1
16442,1
16450,1
16464,1
16465,1
16467,1
16477,1
16479,1
16480,1
16481,1
16483,1
16489,1
16491,1
16496,1
16500,1
16501,1
16509,1
16524,1
16537,1
16541,1
16547,1
16552,1
16555,1
16558,1
16560,1
16563,1
16564,1
16573,1
16575,1
16576,1
16582,1
16586,1
16591,1
16597,1
16598,1
16605,1
16613,1
16614,1
16617,1
16618,1
16619,1
16628,1
16629,1
16631,1
16636,1
16649,1
16653,1
16656,1
16676,1
16677,1
16680,1
16682,1
16683,1
16686,1
16688,1
16691,1
16692,1
16695,1
16696,1
16704,1
16709,1
16712,1
16716,1
16720,1
16736,1
16738,1
16740,1
16758,1
16768,1
16770,1
16771,1
16772,1
16779,1
16782,1
16786,1
16788,1
16802,1
16807,1
16814,1
16819,1
16820,1
16826,1
16833,1
16838,1
16839,1
16840,1
16842,1
16843,1
16844,1
16849,1
16851,1
16861,1
16863,1
16869,1
16874,1
16877,1
16883,1
16888,1
16889,1
16895,1
16898,1
16899,1
16915,1
16918,1
16921,1
16924,1
16926,1
16928,1
16933,1
16937,1
16938,1
16947,1
16950,1
16955,1
16958,1
16964,1
16968,1
16969,1
16976,1
16978,1
16981,1
16988,1
16992,1
16996,1
16997,1
16998,1
17001,1
17008,1
17016,1
17017,1
17024,1
17025,1
17027,1
17030,1
17039,1
17040,1
17054,1
17056,1
17061,1
17067,1
17071,1
17079,1
17080,1
17085,1
17097,1
17098,1
17106,1
17110,1
17132,1
17136,1
17149,1
17152,1
17155,1
17156,1
17158,1
17160,1
17164,1
17165,1
17167,1
17173,1
17183,1
17192,1
17193,1
17195,1
17199,1
17202,1
17205,1
17210,1
17211,1
17212,1
17224,1
17225,1
17227,1
17228,1
17232,1
17237,1
17248,1
17249,1
17255,1
17258,1
17267,1
17270,1
17271,1
17278,1
17279,1
17287,1
17298,1
17299,1
17302,1
17309,1
17312,1
17317,1
17319,1
17334,1
17335,1
17339,1
17341,1
17342,1
17347,1
17348,1
17357,1
17358,1
17366,1
17373,1
17378,1
17382,1
17391,1
17399,1
17405,1
17407,1
17412,1
17416,1
17422,1
17424,1
17428,1
17437,1
17452,1
17459,1
17460,1
17461,1
17468,1
17469,1
17470,1
17488,1
17499,1
17500,1
17504,1
17505,1
17512,1
17518,1
17519,1
17522,1
17524,1
17528,1
17530,1
4,2
13,2
28,2
29,2
38,2
39,2
40,2
53,2
55,2
56,2
61,2
65,2
71,2
74,2
78,2
80,2
81,2
84,2
86,2
88,2
91,2
105,2
114,2
115,2
116,2
118,2
120,2
122,2
124,2
128,2
133,2
137,2
139,2
141,2
144,2
145,2
148,2
156,2
161,2
162,2
163,2
164,2
185,2
195,2
197,2
200,2
207,2
219,2
222,2
226,2
228,2
229,2
234,2
241,2
247,2
248,2
253,2
256,2
262,2
265,2
274,2
276,2
280,2
293,2
296,2
297,2
299,2
300,2
302,2
306,2
310,2
311,2
314,2
317,2
318,2
319,2
321,2
325,2
326,2
337,2
339,2
348,2
355,2
361,2
364,2
375,2
383,2
388,2
391,2
393,2
399,2
404,2
409,2
413,2
426,2
429,2
430,2
433,2
453,2
456,2
490,2
491,2
496,2
497,2
499,2
503,2
510,2
514,2
515,2
518,2
519,2
521,2
524,2
529,2
533,2
539,2
541,2
544,2
546,2
550,2
558,2
561,2
563,2
571,2
572,2
574,2
586,2
587,2
611,2
621,2
622,2
632,2
638,2
640,2
642,2
643,2
655,2
662,2
665,2
673,2
676,2
678,2
686,2
687,2
692,2
695,2
705,2
710,2
712,2
713,2
723,2
725,2
735,2
737,2
747,2
748,2
751,2
754,2
759,2
768,2
771,2
772,2
773,2
774,2
777,2
778,2
793,2
795,2
799,2
802,2
810,2
811,2
817,2
824,2
829,2
830,2
838,2
839,2
842,2
843,2
844,2
849,2
851,2
858,2
860,2
864,2
865,2
877,2
884,2
885,2
887,2
900,2
909,2
916,2
917,2
918,2
921,2
922,2
928,2
932,2
954,2
955,2
957,2
962,2
969,2
971,2
974,2
978,2
979,2
986,2
991,2
1001,2
1003,2
1012,2
1025,2
1026,2
1051,2
1054,2
1061,2
1063,2
1065,2
1068,2
1096,2
1097,2
1102,2
1103,2
1106,2
1120,2
1121,2
1128,2
1133,2
1135,2
1150,2
1151,2
1170,2
1177,2
1178,2
1180,2
1181,2
1189,2
1197,2
1201,2
1209,2
1212,2
1224,2
1225,2
1226,2
1234,2
1243,2
1244,2
1245,2
1246,2
1252,2
1254,2
1258,2
1264,2
1265,2
1278,2
1282,2
1300,2
1304,2
1305,2
1306,2
1309,2
1320,2
1321,2
1322,2
1323,2
1329,2
1336,2
1342,2
1344,2
1349,2
1350,2
1357,2
1363,2
1367,2
1369,2
1371,2
1378,2
1389,2
1390,2
1407,2
1419,2
1430,2
1436,2
1437,2
1439,2
1443,2
1445,2
1446,2
1451,2
1457,2
1467,2
1473,2
1484,2
1486,2
1487,2
1491,2
1492,2
1496,2
1516,2
1521,2
1523,2
1528,2
1531,2
1534,2
1542,2
1548,2
1555,2
1558,2
1559,2
1562,2
1569,2
1574,2
1578,2
1581,2
1584,2
1586,2
1589,2
1592,2
1593,2
1607,2
1609,2
1612,2
1614,2
1618,2
1619,2
1638,2
1645,2
1647,2
1651,2
1662,2
1668,2
1671,2
1675,2
1676,2
1679,2
1682,2
1684,2
1686,2
1689,2
1690,2
1693,2
1702,2
1707,2
1709,2
1715,2
1732,2
1733,2
1739,2
1741,2
1744,2
1745,2
1750,2
1752,2
1754,2
1761,2
1766,2
1767,2
1770,2
1777,2
1780,2
1781,2
1786,2
1787,2
1790,2
1792,2
1795,2
1799,2
1801,2
1804,2
1812,2
1822,2
1823,2
1824,2
1825,2
1826,2
1829,2
1832,2
1835,2
1836,2
1837,2
1842,2
1848,2
1850,2
1853,2
1860,2
1864,2
1870,2
1874,2
1876,2
1891,2
1898,2
1908,2
1910,2
1913,2
1935,2
1939,2
1943,2
1945,2
1954,2
1969,2
1972,2
1973,2
1977,2
1986,2
1988,2
1993,2
1997,2
2008,2
2011,2
2015,2
2017,2
2019,2
2023,2
2026,2
2033,2
2035,2
2045,2
2048,2
2051,2
2053,2
2054,2
2058,2
2061,2
2063,2
2065,2
2066,2
2068,2
2074,2
2076,2
2083,2
2085,2
2097,2
2102,2
2117,2
2120,2
2121,2
2125,2
2127,2
2134,2
2135,2
2143,2
2145,2
2156,2
2167,2
2170,2
2173,2
2182,2
2188,2
2195,2
2201,2
2202,2
2204,2
2231,2
2236,2
2237,2
2239,2
2248,2
2260,2
2265,2
2271,2
2276,2
2277,2
2283,2
2286,2
2289,2
2290,2
2291,2
2298,2
2301,2
2311,2
2316,2
2324,2
2327,2
2329,2
2343,2
2345,2
2349,2
2351,2
2354,2
2359,2
2372,2
2383,2
2385,2
2386,2
2387,2
2390,2
2392,2
2394,2
2400,2
2402,2
2405,2
2411,2
2416,2
2430,2
2437,2
2438,2
2447,2
2452,2
2456,2
2458,2
2461,2
2493,2
2495,2
2497,2
2518,2
2519,2
2528,2
2532,2
2539,2
2543,2
2558,2
2565,2
2571,2
2576,2
2578,2
2579,2
2580,2
2583,2
2593,2
2597,2
2613,2
2622,2
2623,2
2629,2
2632,2
2634,2
2635,2
2639,2
2640,2
2641,2
2643,2
2655,2
2656,2
2660,2
2671,2
2675,2
2685,2
2690,2
2692,2
2696,2
2707,2
2712,2
2713,2
2723,2
2730,2
2733,2
2734,2
2740,2
2749,2
2750,2
2757,2
2761,2
2764,2
2772,2
2774,2
2783,2
2787,2
2794,2
2796,2
2799,2
2801,2
2808,2
2809,2
2810,2
2811,2
2817,2
2824,2
2835,2
2837,2
2849,2
2851,2
2852,2
2858,2
2862,2
2865,2
2873,2
2877,2
2881,2
2897,2
2898,2
2904,2
2909,2
2910,2
2915,2
2919,2
2928,2
2932,2
2940,2
2943,2
2944,2
2946,2
2957,2
2962,2
2967,2
2973,2
2977,2
2981,2
2983,2
2986,2
2987,2
2996,2
3000,2
3001,2
3008,2
3010,2
3011,2
3016,2
3021,2
3026,2
3030,2
3031,2
3033,2
3036,2
3041,2
3046,2
3052,2
3055,2
3061,2
3063,2
3068,2
3071,2
3072,2
3079,2
3085,2
3091,2
3093,2
3096,2
3099,2
3102,2
3105,2
3108,2
3119,2
3120,2
3123,2
3126,2
3130,2
3132,2
3133,2
3138,2
3141,2
3142,2
3143,2
3150,2
3158,2
3159,2
3163,2
3166,2
3171,2
3175,2
3176,2
3186,2
3190,2
3199,2
3200,2
3204,2
3205,2
3211,2
3215,2
3216,2
3217,2
3220,2
3223,2
3231,2
3234,2
3236,2
3237,2
3239,2
3244,2
3249,2
3250,2
3253,2
3264,2
3266,2
3274,2
3283,2
3287,2
3291,2
3305,2
3310,2
3312,2
3321,2
3331,2
3332,2
3341,2
3343,2
3359,2
3363,2
3372,2
3376,2
3380,2
3385,2
3392,2
3393,2
3395,2
3396,2
3404,2
3405,2
3417,2
3420,2
3424,2
3430,2
3433,2
3437,2
3438,2
3443,2
3444,2
3450,2
3451,2
3453,2
3454,2
3465,2
3467,2
3468,2
3471,2
3472,2
3476,2
3477,2
3478,2
3479,2
3504,2
3506,2
3509,2
3513,2
3514,2
3516,2
3521,2
3524,2
3538,2
3543,2
3554,2
3560,2
3568,2
3579,2
3582,2
3586,2
3590,2
3594,2
3599,2
3601,2
3604,2
3605,2
3609,2
3610,2
3620,2
3622,2
3627,2
3631,2
3639,2
3642,2
3652,2
3653,2
3656,2
3657,2
3662,2
3669,2
3670,2
3674,2
3677,2
3678,2
3688,2
3690,2
3693,2
3694,2
3702,2
3709,2
3712,2
3716,2
3717,2
3721,2
3723,2
3733,2
3736,2
3745,2
3753,2
3759,2
3760,2
3764,2
3766,2
3770,2
3771,2
3774,2
3788,2
3789,2
3791,2
3795,2
3797,2
3809,2
3810,2
3812,2
3813,2
3819,2
3820,2
3826,2
3828,2
3837,2
3840,2
3842,2
3846,2
3853,2
3873,2
3881,2
3883,2
3884,2
3886,2
3887,2
3892,2
3900,2
3914,2
3916,2
3921,2
3934,2
3940,2
3955,2
3967,2
3972,2
3984,2
3987,2
3992,2
3996,2
3997,2
4001,2
4005,2
4006,2
4008,2
4012,2
4013,2
4014,2
4024,2
4037,2
4042,2
4044,2
4048,2
4050,2
4051,2
4054,2
4056,2
4061,2
4065,2
4083,2
4084,2
4087,2
4091,2
4096,2
4097,2
4106,2
4108,2
4122,2
4131,2
4133,2
4136,2
4139,2
4145,2
4149,2
4153,2
4163,2
4168,2
4174,2
4178,2
4180,2
4185,2
4189,2
4195,2
4201,2
4211,2
4212,2
4215,2
4221,2
4232,2
4239,2
4241,2
4243,2
4247,2
4248,2
4251,2
4252,2
4258,2
4260,2
4261,2
4264,2
4267,2
4270,2
4276,2
4291,2
4302,2
4304,2
4307,2
4308,2
4314,2
4327,2
4335,2
4348,2
4366,2
4369,2
4370,2
4374,2
4383,2
4392,2
4395,2
4397,2
4401,2
4402,2
4407,2
4409,2
4412,2
4415,2
4433,2
4434,2
4435,2
4437,2
4442,2
4456,2
4462,2
4470,2
4472,2
4473,2
4474,2
4481,2
4483,2
4484,2
4485,2
4487,2
4492,2
4499,2
4514,2
4520,2
4528,2
4534,2
4539,2
4541,2
4565,2
4566,2
4568,2
4572,2
4576,2
4578,2
4579,2
4581,2
4610,2
4622,2
4624,2
4632,2
4633,2
4637,2
4644,2
4654,2
4659,2
4663,2
4668,2
4673,2
4675,2
4686,2
4687,2
4701,2
4703,2
4704,2
4706,2
4709,2
4721,2
4733,2
4747,2
4749,2
4751,2
4752,2
4756,2
4759,2
4763,2
4764,2
4769,2
4788,2
4793,2
4796,2
4800,2
4806,2
4810,2
4812,2
4814,2
4819,2
4825,2
4828,2
4831,2
4834,2
4835,2
4836,2
4857,2
4864,2
4867,2
4871,2
4874,2
4877,2
4879,2
4885,2
4886,2
4894,2
4897,2
4900,2
4901,2
4902,2
4906,2
4907,2
4911,2
4913,2
4914,2
4919,2
4920,2
4923,2
4928,2
4929,2
4934,2
4947,2
4948,2
4949,2
4950,2
4952,2
4954,2
4960,2
4963,2
4964,2
4969,2
4970,2
4980,2
4982,2
5001,2
5006,2
5007,2
5018,2
5020,2
5025,2
5028,2
5030,2
5036,2
5040,2
5042,2
5048,2
5049,2
5060,2
5069,2
5080,2
5081,2
5082,2
5084,2
5095,2
5099,2
5101,2
5106,2
5111,2
5123,2
5131,2
5142,2
5145,2
5152,2
5153,2
5154,2
5162,2
5164,2
5169,2
5175,2
5178,2
5181,2
5182,2
5183,2
5185,2
5187,2
5191,2
5198,2
5200,2
5205,2
5206,2
5210,2
5212,2
5214,2
5220,2
5225,2
5228,2
5229,2
5235,2
5244,2
5245,2
5247,2
5248,2
5265,2
5267,2
5270,2
5272,2
5276,2
5280,2
5285,2
5287,2
5288,2
5289,2
5290,2
5296,2
5298,2
5303,2
5305,2
5314,2
5323,2
5329,2
5332,2
5336,2
5339,2
5343,2
5352,2
5364,2
5373,2
5375,2
5376,2
5377,2
5378,2
5381,2
5392,2
5405,2
5407,2
5413,2
5424,2
5434,2
5438,2
5440,2
5444,2
5446,2
5448,2
5452,2
5460,2
5463,2
5468,2
5470,2
5471,2
5479,2
5483,2
5489,2
5492,2
5504,2
5511,2
5519,2
5531,2
5534,2
5544,2
5546,2
5551,2
5566,2
5571,2
5589,2
5590,2
5596,2
5612,2
5619,2
5622,2
5626,2
5636,2
5655,2
5656,2
5662,2
5665,2
5677,2
5683,2
5684,2
5685,2
5690,2
5695,2
5697,2
5706,2
5707,2
5711,2
5712,2
5715,2
5720,2
5724,2
5729,2
5733,2
5745,2
5746,2
5747,2
5758,2
5761,2
5773,2
5774,2
5776,2
5777,2
5779,2
5780,2
5782,2
5787,2
5789,2
5790,2
5792,2
5802,2
5819,2
5820,2
5821,2
5831,2
5837,2
5838,2
5840,2
5841,2
5846,2
5849,2
5851,2
5864,2
5873,2
5879,2
5884,2
5886,2
5887,2
5888,2
5894,2
5895,2
5899,2
5905,2
5911,2
5912,2
5914,2
5917,2
5923,2
5925,2
5931,2
5934,2
5939,2
5940,2
5941,2
5942,2
5943,2
5948,2
5953,2
5954,2
5957,2
5962,2
5963,2
5967,2
5969,2
5971,2
5976,2
5983,2
5984,2
5988,2
6000,2
6006,2
6011,2
6013,2
6015,2
6021,2
6022,2
6023,2
6030,2
6046,2
6059,2
6061,2
6066,2
6067,2
6070,2
6079,2
6086,2
6090,2
6093,2
6094,2
6095,2
6096,2
6099,2
6101,2
6102,2
6104,2
6119,2
6133,2
6139,2
6140,2
6143,2
6147,2
6150,2
6152,2
6153,2
6154,2
6155,2
6156,2
6170,2
6173,2
6180,2
6181,2
6185,2
6189,2
6190,2
6196,2
6199,2
6207,2
6208,2
6219,2
6222,2
6224,2
6225,2
6231,2
6235,2
6240,2
6241,2
6247,2
6256,2
6275,2
6276,2
6279,2
6280,2
6281,2
6286,2
6287,2
6298,2
6311,2
6312,2
6316,2
6320,2
6321,2
6328,2
6341,2
6349,2
6351,2
6352,2
6356,2
6361,2
6370,2
6373,2
6377,2
6383,2
6389,2
6395,2
6398,2
6400,2
6401,2
6412,2
6415,2
6421,2
6423,2
6426,2
6432,2
6441,2
6449,2
6450,2
6453,2
6455,2
6460,2
6461,2
6468,2
6470,2
6474,2
6497,2
6498,2
6508,2
6511,2
6521,2
6531,2
6534,2
6536,2
6547,2
6549,2
6551,2
6552,2
6554,2
6567,2
6568,2
6569,2
6570,2
6585,2
6590,2
6591,2
6592,2
6596,2
6603,2
6605,2
6607,2
6613,2
6618,2
6621,2
6635,2
6639,2
6645,2
6647,2
6658,2
6660,2
6661,2
6663,2
6666,2
6679,2
6680,2
6682,2
6696,2
6699,2
6702,2
6709,2
6731,2
6735,2
6738,2
6739,2
6745,2
6758,2
6763,2
6765,2
6771,2
6773,2
6778,2
6780,2
6786,2
6788,2
6792,2
6793,2
6799,2
6800,2
6804,2
6806,2
6819,2
6821,2
6826,2
6834,2
6835,2
6842,2
6843,2
6852,2
6855,2
6859,2
6862,2
6864,2
6865,2
6869,2
6871,2
6872,2
6879,2
6893,2
6929,2
6936,2
6950,2
6952,2
6962,2
6963,2
6965,2
6974,2
6981,2
6985,2
6987,2
6992,2
6997,2
7007,2
7015,2
7016,2
7027,2
7028,2
7037,2
7040,2
7045,2
7046,2
7049,2
7058,2
7065,2
7068,2
7069,2
7070,2
7075,2
7076,2
7079,2
7084,2
7093,2
7097,2
7100,2
7109,2
7112,2
7123,2
7127,2
7128,2
7134,2
7138,2
7139,2
7141,2
7145,2
7146,2
7157,2
7163,2
7165,2
7168,2
7180,2
7185,2
7188,2
7197,2
7200,2
7203,2
7204,2
7205,2
7207,2
7210,2
7223,2
7226,2
7235,2
7237,2
7246,2
7251,2
7256,2
7262,2
7265,2
7278,2
7292,2
7294,2
7297,2
7300,2
7306,2
7309,2
7316,2
7320,2
7330,2
7346,2
7350,2
7360,2
7361,2
7374,2
7377,2
7392,2
7395,2
7397,2
7399,2
7402,2
7410,2
7420,2
7423,2
7424,2
7430,2
7431,2
7435,2
7438,2
7445,2
7447,2
7454,2
7458,2
7461,2
7463,2
7468,2
7472,2
7479,2
7483,2
7498,2
7504,2
7505,2
7515,2
7517,2
7518,2
7519,2
7522,2
7527,2
7533,2
7535,2
7544,2
7555,2
7558,2
7563,2
7567,2
7569,2
7571,2
7578,2
7582,2
7589,2
7590,2
7602,2
7605,2
7609,2
7610,2
7617,2
7629,2
7631,2
7643,2
7652,2
7654,2
7657,2
7660,2
7675,2
7676,2
7680,2
7684,2
7686,2
7688,2
7689,2
7690,2
7697,2
7704,2
7706,2
7709,2
7713,2
7725,2
7726,2
7727,2
7729,2
7734,2
7735,2
7744,2
7745,2
7755,2
7757,2
7759,2
7761,2
7767,2
7774,2
7779,2
7785,2
7790,2
7802,2
7815,2
7819,2
7825,2
7832,2
7837,2
7844,2
7853,2
7860,2
7861,2
7877,2
7882,2
7885,2
7887,2
7897,2
7900,2
7904,2
7910,2
7912,2
7916,2
7920,2
7921,2
7926,2
7928,2
7929,2
7933,2
7937,2
7938,2
7942,2
7943,2
7944,2
7947,2
7977,2
7982,2
7986,2
7988,2
8013,2
8016,2
8018,2
8022,2
8028,2
8039,2
8049,2
8055,2
8073,2
8074,2
8075,2
8087,2
8089,2
8102,2
8109,2
8110,2
8120,2
8124,2
8126,2
8127,2
8133,2
8135,2
8136,2
8139,2
8146,2
8156,2
8162,2
8163,2
8172,2
8181,2
8182,2
8187,2
8191,2
8193,2
8201,2
8207,2
8208,2
8209,2
8217,2
8222,2
8225,2
8240,2
8249,2
8251,2
8254,2
8257,2
8267,2
8268,2
8271,2
8272,2
8284,2
8286,2
8288,2
8292,2
8293,2
8298,2
8300,2
8301,2
8302,2
8303,2
8305,2
8307,2
8319,2
8327,2
8329,2
8330,2
8338,2
8341,2
8351,2
8353,2
8354,2
8356,2
8357,2
8363,2
8366,2
8368,2
8377,2
8391,2
8400,2
8419,2
8421,2
8427,2
8428,2
8430,2
8465,2
8466,2
8472,2
8473,2
8476,2
8478,2
8484,2
8493,2
8495,2
8497,2
8503,2
8514,2
8516,2
8519,2
8521,2
8522,2
8524,2
8533,2
8543,2
8545,2
8548,2
8558,2
8568,2
8573,2
8574,2
8582,2
8585,2
8586,2
8589,2
8593,2
8612,2
8614,2
8617,2
8619,2
8622,2
8628,2
8630,2
8631,2
8632,2
8633,2
8634,2
8638,2
8642,2
8643,2
8644,2
8663,2
8665,2
8671,2
8678,2
8679,2
8690,2
8691,2
8692,2
8694,2
8701,2
8707,2
8708,2
8710,2
8716,2
8731,2
8733,2
8734,2
8740,2
8743,2
8745,2
8746,2
8749,2
8754,2
8761,2
8763,2
8774,2
8779,2
8784,2
8795,2
8806,2
8807,2
8809,2
8812,2
8834,2
8836,2
8841,2
8843,2
8856,2
8858,2
8865,2
8874,2
8878,2
8879,2
8883,2
8891,2
8893,2
8896,2
8898,2
8899,2
8909,2
8917,2
8921,2
8924,2
8928,2
8930,2
8937,2
8947,2
8956,2
8971,2
8972,2
8977,2
8993,2
9000,2
9001,2
9007,2
9018,2
9019,2
9021,2
9023,2
9027,2
9029,2
9036,2
9039,2
9042,2
9049,2
9070,2
9080,2
9082,2
9085,2
9086,2
9094,2
9095,2
9096,2
9103,2
9104,2
9106,2
9112,2
9115,2
9117,2
9123,2
9127,2
9134,2
9148,2
9153,2
9155,2
9159,2
9161,2
9162,2
9167,2
9177,2
9179,2
9180,2
9183,2
9188,2
9190,2
9210,2
9211,2
9217,2
9219,2
9230,2
9235,2
9237,2
9241,2
9245,2
9260,2
9269,2
9274,2
9278,2
9280,2
9282,2
9288,2
9293,2
9296,2
9297,2
9299,2
9304,2
9323,2
9327,2
9341,2
9344,2
9346,2
9356,2
9361,2
9365,2
9380,2
9388,2
9393,2
9398,2
9408,2
9411,2
9413,2
9414,2
9421,2
9428,2
9432,2
9441,2
9446,2
9447,2
9452,2
9456,2
9464,2
9467,2
9468,2
9471,2
9475,2
9477,2
9478,2
9479,2
9482,2
9484,2
9486,2
9488,2
9498,2
9499,2
9503,2
9505,2
9517,2
9519,2
9535,2
9540,2
9541,2
9542,2
9544,2
9546,2
9547,2
9550,2
9555,2
9559,2
9564,2
9565,2
9568,2
9571,2
9582,2
9585,2
9597,2
9599,2
9616,2
9624,2
9628,2
9640,2
9644,2
9652,2
9658,2
9659,2
9660,2
9664,2
9666,2
9668,2
9672,2
9684,2
9691,2
9709,2
9710,2
9716,2
9720,2
9722,2
9724,2
9732,2
9737,2
9742,2
9756,2
9760,2
9762,2
9770,2
9771,2
9776,2
9778,2
9782,2
9783,2
9787,2
9790,2
9792,2
9805,2
9806,2
9812,2
9816,2
9821,2
9822,2
9824,2
9827,2
9829,2
9831,2
9847,2
9873,2
9874,2
9882,2
9893,2
9894,2
9900,2
9907,2
9909,2
9918,2
9919,2
9925,2
9926,2
9930,2
9933,2
9941,2
9949,2
9964,2
9967,2
9972,2
9976,2
9978,2
9981,2
9991,2
9999,2
10000,2
10002,2
10015,2
10019,2
10027,2
10034,2
10036,2
10037,2
10040,2
10042,2
10045,2
10047,2
10056,2
10061,2
10064,2
10066,2
10068,2
10074,2
10075,2
10078,2
10083,2
10091,2
10093,2
10100,2
10101,2
10109,2
10110,2
10112,2
10120,2
10125,2
10128,2
10131,2
10136,2
10137,2
10141,2
10143,2
10151,2
10154,2
10178,2
10184,2
10185,2
10190,2
10199,2
10200,2
10201,2
10202,2
10211,2
10212,2
10218,2
10221,2
10228,2
10231,2
10238,2
10239,2
10240,2
10241,2
10248,2
10251,2
10252,2
10258,2
10259,2
10264,2
10265,2
10266,2
10268,2
10273,2
10277,2
10283,2
10284,2
10292,2
10300,2
10303,2
10308,2
10314,2
10315,2
10323,2
10325,2
10334,2
10336,2
10338,2
10342,2
10350,2
10363,2
10364,2
10365,2
10368,2
10370,2
10371,2
10375,2
10386,2
10388,2
10395,2
10396,2
10399,2
10408,2
10416,2
10420,2
10425,2
10427,2
10431,2
10437,2
10439,2
10441,2
10446,2
10455,2
10461,2
10466,2
10467,2
10472,2
10476,2
10485,2
10501,2
10506,2
10508,2
10513,2
10514,2
10515,2
10517,2
10526,2
10527,2
10537,2
10541,2
10544,2
10564,2
10569,2
10576,2
10599,2
10606,2
10607,2
10609,2
10613,2
10614,2
10616,2
10619,2
10629,2
10639,2
10644,2
10654,2
10657,2
10664,2
10666,2
10670,2
10672,2
10678,2
10680,2
10689,2
10693,2
10696,2
10708,2
10710,2
10717,2
10718,2
10725,2
10726,2
10732,2
10734,2
10736,2
10740,2
10759,2
10764,2
10768,2
10771,2
10776,2
10782,2
10791,2
10800,2
10810,2
10811,2
10818,2
10819,2
10827,2
10831,2
10832,2
10833,2
10835,2
10836,2
10838,2
10841,2
10843,2
10849,2
10852,2
10864,2
10865,2
10868,2
10874,2
10887,2
10893,2
10918,2
10923,2
10929,2
10933,2
10939,2
10940,2
10948,2
10962,2
10976,2
10981,2
10983,2
10990,2
10995,2
11019,2
11023,2
11035,2
11037,2
11038,2
11040,2
11041,2
11042,2
11052,2
11054,2
11068,2
11070,2
11078,2
11086,2
11094,2
11100,2
11101,2
11105,2
11106,2
11117,2
11120,2
11122,2
11126,2
11130,2
11132,2
11140,2
11141,2
11145,2
11147,2
11152,2
11155,2
11159,2
11163,2
11170,2
11171,2
11177,2
11179,2
11184,2
11199,2
11202,2
11204,2
11216,2
11222,2
11232,2
11234,2
11238,2
11242,2
11256,2
11262,2
11278,2
11284,2
11294,2
11304,2
11305,2
11310,2
11312,2
11317,2
11321,2
11325,2
11330,2
11331,2
11336,2
11341,2
11347,2
11371,2
11377,2
11379,2
11385,2
11386,2
11398,2
11406,2
11407,2
11410,2
11413,2
11418,2
11421,2
11423,2
11426,2
11429,2
11434,2
11445,2
11453,2
11457,2
11462,2
11463,2
11472,2
11493,2
11499,2
11510,2
11513,2
11520,2
11527,2
11528,2
11530,2
11537,2
11541,2
11548,2
11552,2
11553,2
11554,2
11563,2
11565,2
11568,2
11570,2
11572,2
11575,2
11577,2
11595,2
11596,2
11599,2
11601,2
11604,2
11605,2
11607,2
11616,2
11631,2
11632,2
11634,2
11636,2
11643,2
11659,2
11671,2
11676,2
11682,2
11697,2
11699,2
11701,2
11704,2
11705,2
11711,2
11712,2
11719,2
11722,2
11742,2
11746,2
11750,2
11752,2
11757,2
11759,2
11767,2
11770,2
11772,2
11775,2
11778,2
11784,2
11785,2
11786,2
11790,2
11801,2
11802,2
11803,2
11804,2
11805,2
11809,2
11815,2
11816,2
11822,2
11831,2
11833,2
11838,2
11843,2
11847,2
11852,2
11856,2
11869,2
11870,2
11872,2
11873,2
11879,2
11889,2
11910,2
11912,2
11915,2
11939,2
11942,2
11943,2
11949,2
11952,2
11954,2
11965,2
11972,2
11977,2
11981,2
11988,2
11989,2
12000,2
12004,2
12009,2
12013,2
12014,2
12021,2
12024,2
12036,2
12045,2
12049,2
12052,2
12057,2
12064,2
12065,2
12070,2
12075,2
12086,2
12090,2
12099,2
12101,2
12106,2
12107,2
12111,2
12118,2
12134,2
12141,2
12142,2
12150,2
12151,2
12152,2
12153,2
12158,2
12165,2
12167,2
12180,2
12185,2
12190,2
12192,2
12194,2
12197,2
12199,2
12203,2
12207,2
12212,2
12217,2
12229,2
12231,2
12232,2
12239,2
12244,2
12247,2
12252,2
12254,2
12268,2
12278,2
12279,2
12285,2
12286,2
12289,2
12298,2
12310,2
12319,2
12320,2
12325,2
12337,2
12346,2
12347,2
12348,2
12362,2
12363,2
12374,2
12380,2
12381,2
12384,2
12387,2
12389,2
12405,2
12406,2
12413,2
12415,2
12421,2
12422,2
12427,2
12430,2
12433,2
12435,2
12439,2
12440,2
12442,2
12444,2
12451,2
12457,2
12468,2
12481,2
12486,2
12487,2
12488,2
12489,2
12490,2
12511,2
12519,2
12520,2
12527,2
12531,2
12543,2
12547,2
12548,2
12553,2
12555,2
12571,2
12574,2
12577,2
12582,2
12585,2
12587,2
12588,2
12600,2
12605,2
12608,2
12616,2
12618,2
12619,2
12620,2
12630,2
12633,2
12634,2
12638,2
12641,2
12645,2
12652,2
12655,2
12670,2
12678,2
12692,2
12699,2
12700,2
12709,2
12712,2
12714,2
12715,2
12718,2
12719,2
12720,2
12725,2
12731,2
12736,2
12738,2
12744,2
12758,2
12759,2
12760,2
12767,2
12774,2
12777,2
12778,2
12791,2
12803,2
12812,2
12819,2
12832,2
12844,2
12860,2
12868,2
12875,2
12882,2
12886,2
12891,2
12892,2
12900,2
12928,2
12936,2
12937,2
12943,2
12948,2
12952,2
12954,2
12957,2
12959,2
12967,2
12977,2
12986,2
12991,2
12993,2
12995,2
12999,2
13009,2
13015,2
13016,2
13023,2
13030,2
13041,2
13048,2
13058,2
13062,2
13064,2
13069,2
13073,2
13080,2
13086,2
13095,2
13100,2
13105,2
13109,2
13111,2
13112,2
13115,2
13117,2
13120,2
13122,2
13127,2
13133,2
13135,2
13144,2
13149,2
13152,2
13155,2
13159,2
13162,2
13169,2
13172,2
13189,2
13190,2
13192,2
13201,2
13205,2
13212,2
13221,2
13227,2
13229,2
13231,2
13236,2
13241,2
13257,2
13259,2
13262,2
13265,2
13271,2
13273,2
13277,2
13280,2
13287,2
13294,2
13299,2
13301,2
13306,2
13322,2
13324,2
13325,2
13330,2
13341,2
13343,2
13344,2
13345,2
13354,2
13356,2
13357,2
13358,2
13364,2
13368,2
13374,2
13376,2
13385,2
13402,2
13403,2
13410,2
13424,2
13427,2
13428,2
13430,2
13439,2
13443,2
13446,2
13450,2
13452,2
13454,2
13457,2
13460,2
13464,2
13471,2
13475,2
13486,2
13496,2
13508,2
13521,2
13522,2
13545,2
13547,2
13549,2
13553,2
13558,2
13559,2
13561,2
13564,2
13565,2
13569,2
13570,2
13576,2
13589,2
13594,2
13596,2
13608,2
13609,2
13610,2
13612,2
13614,2
13620,2
13621,2
13628,2
13634,2
13635,2
13638,2
13643,2
13646,2
13647,2
13648,2
13651,2
13654,2
13663,2
13672,2
13673,2
13681,2
13685,2
13689,2
13702,2
13706,2
13709,2
13714,2
13721,2
13723,2
13727,2
13731,2
13739,2
13758,2
13759,2
13762,2
13769,2
13775,2
13776,2
13778,2
13784,2
13785,2
13787,2
13790,2
13795,2
13796,2
13799,2
13805,2
13810,2
13813,2
13817,2
13820,2
13821,2
13824,2
13830,2
13835,2
13838,2
13842,2
13843,2
13844,2
13845,2
13847,2
13850,2
13851,2
13856,2
13866,2
13868,2
13869,2
13882,2
13887,2
13888,2
13889,2
13897,2
13904,2
13906,2
13909,2
13912,2
13915,2
13930,2
13933,2
13935,2
13939,2
13941,2
13945,2
13949,2
13953,2
13958,2
13961,2
13966,2
13967,2
13968,2
13972,2
13978,2
13980,2
13983,2
13984,2
13989,2
13993,2
14012,2
14024,2
14025,2
14026,2
14032,2
14036,2
14038,2
14042,2
14045,2
14046,2
14048,2
14055,2
14082,2
14090,2
14095,2
14100,2
14109,2
14111,2
14112,2
14117,2
14124,2
14127,2
14137,2
14138,2
14142,2
14144,2
14145,2
14150,2
14161,2
14163,2
14165,2
14166,2
14185,2
14186,2
14188,2
14189,2
14202,2
14204,2
14205,2
14206,2
14210,2
14217,2
14227,2
14232,2
14233,2
14235,2
14237,2
14244,2
14245,2
14246,2
14253,2
14261,2
14262,2
14276,2
14278,2
14283,2
14285,2
14287,2
14292,2
14303,2
14310,2
14320,2
14321,2
14339,2
14343,2
14348,2
14364,2
14366,2
14369,2
14377,2
14378,2
14381,2
14384,2
14390,2
14391,2
14392,2
14394,2
14397,2
14398,2
14400,2
14402,2
14406,2
14415,2
14421,2
14427,2
14452,2
14455,2
14462,2
14463,2
14467,2
14468,2
14471,2
14486,2
14489,2
14500,2
14506,2
14517,2
14526,2
14530,2
14534,2
14537,2
14539,2
14554,2
14558,2
14565,2
14569,2
14576,2
14577,2
14581,2
14582,2
14585,2
14590,2
14593,2
14595,2
14600,2
14612,2
14620,2
14622,2
14624,2
14625,2
14628,2
14639,2
14647,2
14652,2
14656,2
14657,2
14658,2
14662,2
14666,2
14671,2
14675,2
14676,2
14681,2
14684,2
14686,2
14691,2
14697,2
14708,2
14710,2
14711,2
14714,2
14721,2
14727,2
14732,2
14738,2
14746,2
14747,2
14754,2
14755,2
14758,2
14762,2
14763,2
14769,2
14775,2
14779,2
14785,2
14789,2
14790,2
14792,2
14797,2
14798,2
14825,2
14827,2
14829,2
14840,2
14844,2
14850,2
14855,2
14857,2
14859,2
14863,2
14866,2
14870,2
14873,2
14877,2
14878,2
14888,2
14916,2
14934,2
14948,2
14954,2
14961,2
14980,2
14984,2
14995,2
14997,2
14999,2
15012,2
15031,2
15032,2
15036,2
15039,2
15040,2
15046,2
15053,2
15055,2
15058,2
15066,2
15067,2
15074,2
15077,2
15079,2
15081,2
15093,2
15094,2
15095,2
15099,2
15100,2
15101,2
15102,2
15105,2
15121,2
15123,2
15126,2
15135,2
15140,2
15146,2
15148,2
15152,2
15154,2
15163,2
15164,2
15169,2
15171,2
15174,2
15177,2
15182,2
15184,2
15186,2
15191,2
15193,2
15202,2
15204,2
15213,2
15214,2
15221,2
15224,2
15228,2
15233,2
15234,2
15235,2
15236,2
15242,2
15246,2
15251,2
15257,2
15262,2
15270,2
15276,2
15277,2
15278,2
15284,2
15287,2
15293,2
15305,2
15308,2
15309,2
15311,2
15313,2
15317,2
15318,2
15321,2
15322,2
15326,2
15332,2
15333,2
15345,2
15363,2
15374,2
15375,2
15376,2
15378,2
15379,2
15387,2
15388,2
15392,2
15395,2
15397,2
15415,2
15422,2
15425,2
15441,2
15449,2
15453,2
15465,2
15468,2
15469,2
15472,2
15481,2
15483,2
15487,2
15489,2
15502,2
15503,2
15504,2
15508,2
15509,2
15520,2
15525,2
15530,2
15533,2
15542,2
15552,2
15553,2
15564,2
15566,2
15575,2
15580,2
15597,2
15613,2
15615,2
15616,2
15619,2
15620,2
15622,2
15627,2
15628,2
15631,2
15634,2
15636,2
15641,2
15665,2
15671,2
15673,2
15681,2
15687,2
15691,2
15695,2
15697,2
15698,2
15702,2
15714,2
15721,2
15725,2
15734,2
15736,2
15739,2
15740,2
15765,2
15766,2
15769,2
15772,2
15774,2
15775,2
15780,2
15789,2
15803,2
15804,2
15805,2
15808,2
15814,2
15822,2
15824,2
15829,2
15833,2
15834,2
15844,2
15848,2
15850,2
15859,2
15875,2
15885,2
15886,2
15888,2
15900,2
15909,2
15912,2
15916,2
15917,2
15928,2
15936,2
15941,2
15944,2
15946,2
15947,2
15953,2
15959,2
15966,2
15968,2
15970,2
15988,2
15994,2
15996,2
15998,2
16002,2
16007,2
16008,2
16010,2
16013,2
16016,2
16017,2
16018,2
16031,2
16035,2
16036,2
16039,2
16043,2
16048,2
16049,2
16058,2
16062,2
16068,2
16071,2
16093,2
16100,2
16106,2
16107,2
16118,2
16120,2
16122,2
16130,2
16131,2
16135,2
16145,2
16151,2
16152,2
16153,2
16155,2
16156,2
16157,2
16159,2
16162,2
16168,2
16171,2
16186,2
16188,2
16193,2
16203,2
16211,2
16213,2
16214,2
16215,2
16219,2
16226,2
16230,2
16238,2
16240,2
16243,2
16244,2
16247,2
16248,2
16253,2
16255,2
16258,2
16261,2
16262,2
16269,2
16273,2
16281,2
16282,2
16289,2
16290,2
16299,2
16307,2
16314,2
16319,2
16322,2
16330,2
16331,2
16332,2
16338,2
16344,2
16352,2
16358,2
16359,2
16361,2
16363,2
16365,2
16366,2
16367,2
16376,2
16382,2
16383,2
16388,2
16391,2
16393,2
16399,2
16403,2
16406,2
16409,2
16418,2
16422,2
16437,2
16444,2
16455,2
16463,2
16473,2
16474,2
16488,2
16493,2
16494,2
16497,2
16499,2
16508,2
16510,2
16511,2
16513,2
16518,2
16519,2
16523,2
16527,2
16534,2
16542,2
16545,2
16546,2
16548,2
16551,2
16554,2
16556,2
16561,2
16566,2
16568,2
16574,2
16580,2
16581,2
16583,2
16587,2
16599,2
16603,2
16609,2
16620,2
16623,2
16624,2
16625,2
16638,2
16640,2
16642,2
16644,2
16645,2
16650,2
16657,2
16658,2
16662,2
16663,2
16666,2
16673,2
16678,2
16684,2
16689,2
16690,2
16700,2
16702,2
16711,2
16717,2
16727,2
16728,2
16729,2
16734,2
16735,2
16741,2
16745,2
16747,2
16764,2
16773,2
16775,2
16781,2
16784,2
16789,2
16808,2
16809,2
16818,2
16829,2
16830,2
16831,2
16832,2
16834,2
16854,2
16855,2
16857,2
16867,2
16868,2
16873,2
16878,2
16879,2
16886,2
16890,2
16891,2
16900,2
16901,2
16904,2
16905,2
16913,2
16914,2
16919,2
16927,2
16931,2
16935,2
16936,2
16941,2
16954,2
16957,2
16971,2
16972,2
16973,2
16979,2
16984,2
16985,2
16989,2
16991,2
17000,2
17006,2
17009,2
17011,2
17021,2
17029,2
17031,2
17043,2
17044,2
17052,2
17065,2
17066,2
17073,2
17074,2
17076,2
17091,2
17101,2
17102,2
17104,2
17109,2
17113,2
17120,2
17124,2
17126,2
17129,2
17139,2
17140,2
17143,2
17145,2
17147,2
17150,2
17171,2
17174,2
17182,2
17187,2
17196,2
17197,2
17203,2
17206,2
17218,2
17220,2
17229,2
17230,2
17236,2
17238,2
17244,2
17261,2
17276,2
17281,2
17282,2
17283,2
17285,2
17288,2
17289,2
17293,2
17295,2
17296,2
17303,2
17306,2
17308,2
17316,2
17322,2
17327,2
17333,2
17338,2
17340,2
17344,2
17356,2
17359,2
17365,2
17368,2
17374,2
17375,2
17376,2
17377,2
17379,2
17385,2
17387,2
17388,2
17389,2
17390,2
17392,2
17394,2
17397,2
17409,2
17414,2
17423,2
17425,2
17431,2
17436,2
17438,2
17440,2
17442,2
17447,2
17450,2
17457,2
17466,2
17472,2
17475,2
17485,2
17490,2
17491,2
17494,2
17496,2
17503,2
17507,2
17513,2
17523,2
17526,2
17532,2
1,3
2,3
5,3
7,3
12,3
14,3
21,3
27,3
31,3
32,3
33,3
37,3
47,3
50,3
52,3
54,3
58,3
70,3
75,3
77,3
85,3
93,3
95,3
100,3
102,3
109,3
132,3
150,3
159,3
165,3
167,3
179,3
180,3
189,3
190,3
191,3
193,3
194,3
206,3
214,3
215,3
220,3
221,3
225,3
227,3
233,3
239,3
240,3
243,3
244,3
255,3
259,3
260,3
270,3
275,3
278,3
279,3
281,3
287,3
291,3
303,3
327,3
328,3
330,3
334,3
335,3
343,3
345,3
346,3
352,3
359,3
365,3
366,3
368,3
370,3
371,3
374,3
377,3
380,3
386,3
394,3
395,3
400,3
402,3
407,3
414,3
418,3
419,3
423,3
428,3
432,3
435,3
436,3
457,3
466,3
473,3
479,3
481,3
485,3
486,3
498,3
500,3
501,3
505,3
506,3
509,3
511,3
512,3
520,3
523,3
542,3
543,3
547,3
562,3
564,3
567,3
576,3
579,3
580,3
583,3
584,3
588,3
591,3
592,3
595,3
596,3
597,3
604,3
606,3
608,3
610,3
612,3
629,3
630,3
631,3
637,3
644,3
645,3
649,3
650,3
652,3
654,3
658,3
660,3
668,3
675,3
683,3
688,3
691,3
694,3
697,3
699,3
702,3
706,3
709,3
715,3
718,3
719,3
720,3
721,3
733,3
739,3
740,3
753,3
762,3
764,3
766,3
786,3
787,3
788,3
789,3
791,3
796,3
813,3
815,3
816,3
833,3
834,3
848,3
850,3
853,3
857,3
859,3
863,3
868,3
870,3
872,3
875,3
878,3
882,3
892,3
898,3
899,3
904,3
925,3
926,3
930,3
933,3
939,3
943,3
944,3
961,3
963,3
964,3
972,3
975,3
984,3
988,3
989,3
995,3
999,3
1000,3
1007,3
1014,3
1015,3
1019,3
1022,3
1024,3
1048,3
1052,3
1056,3
1064,3
1067,3
1073,3
1078,3
1081,3
1083,3
1084,3
1088,3
1093,3
1098,3
1099,3
1105,3
1107,3
1109,3
1112,3
1114,3
1117,3
1119,3
1122,3
1124,3
1129,3
1130,3
1138,3
1139,3
1140,3
1144,3
1145,3
1146,3
1147,3
1148,3
1153,3
1154,3
1155,3
1159,3
1179,3
1184,3
1185,3
1187,3
1191,3
1193,3
1206,3
1218,3
1219,3
1221,3
1228,3
1229,3
1230,3
1231,3
1233,3
1236,3
1238,3
1239,3
1241,3
1256,3
1260,3
1262,3
1263,3
1267,3
1270,3
1271,3
1273,3
1275,3
1276,3
1279,3
1280,3
1285,3
1288,3
1295,3
1296,3
1299,3
1303,3
1311,3
1314,3
1317,3
1318,3
1326,3
1334,3
1338,3
1340,3
1346,3
1351,3
1354,3
1358,3
1359,3
1361,3
1366,3
1376,3
1381,3
1383,3
1397,3
1399,3
1400,3
1403,3
1410,3
1413,3
1418,3
1424,3
1425,3
1434,3
1441,3
1444,3
1449,3
1462,3
1471,3
1472,3
1474,3
1476,3
1478,3
1481,3
1485,3
1489,3
1490,3
1494,3
1505,3
1506,3
1513,3
1515,3
1525,3
1526,3
1529,3
1537,3
1538,3
1539,3
1540,3
1543,3
1546,3
1547,3
1549,3
1554,3
1576,3
1580,3
1587,3
1588,3
1595,3
1596,3
1598,3
1602,3
1605,3
1610,3
1617,3
1627,3
1637,3
1642,3
1648,3
1655,3
1657,3
1664,3
1669,3
1670,3
1673,3
1680,3
1687,3
1695,3
1699,3
1703,3
1714,3
1717,3
1718,3
1722,3
1723,3
1725,3
1726,3
1730,3
1740,3
1747,3
1749,3
1753,3
1757,3
1784,3
1791,3
1794,3
1796,3
1800,3
1816,3
1820,3
1827,3
1831,3
1839,3
1849,3
1851,3
1856,3
1861,3
1873,3
1875,3
1881,3
1892,3
1894,3
1896,3
1899,3
1905,3
1906,3
1909,3
1918,3
1921,3
1922,3
1940,3
1941,3
1942,3
1944,3
1948,3
1966,3
1975,3
1976,3
1981,3
1982,3
1985,3
1989,3
1991,3
1994,3
1996,3
2000,3
2002,3
2009,3
2014,3
2027,3
2031,3
2041,3
2043,3
2047,3
2050,3
2052,3
2055,3
2062,3
2071,3
2075,3
2077,3
2081,3
2088,3
2092,3
2093,3
2095,3
2108,3
2129,3
2139,3
2148,3
2149,3
2155,3
2166,3
2168,3
2174,3
2179,3
2193,3
2198,3
2199,3
2211,3
2217,3
2219,3
2221,3
2225,3
2230,3
2234,3
2238,3
2240,3
2251,3
2254,3
2255,3
2259,3
2261,3
2264,3
2272,3
2273,3
2285,3
2296,3
2297,3
2309,3
2310,3
2320,3
2321,3
2322,3
2334,3
2336,3
2338,3
2341,3
2342,3
2356,3
2364,3
2365,3
2371,3
2375,3
2379,3
2384,3
2389,3
2393,3
2397,3
2398,3
2410,3
2414,3
2415,3
2423,3
2431,3
2434,3
2436,3
2439,3
2441,3
2444,3
2445,3
2446,3
2450,3
2460,3
2464,3
2467,3
2470,3
2478,3
2482,3
2483,3
2484,3
2487,3
2489,3
2490,3
2494,3
2496,3
2500,3
2503,3
2522,3
2529,3
2533,3
2544,3
2546,3
2551,3
2555,3
2567,3
2569,3
2584,3
2588,3
2595,3
2602,3
2609,3
2616,3
2619,3
2620,3
2646,3
2648,3
2653,3
2654,3
2666,3
2667,3
2677,3
2678,3
2681,3
2687,3
2698,3
2699,3
2700,3
2704,3
2714,3
2718,3
2721,3
2724,3
2725,3
2741,3
2748,3
2751,3
2752,3
2758,3
2762,3
2763,3
2767,3
2778,3
2779,3
2786,3
2795,3
2797,3
2800,3
2803,3
2825,3
2830,3
2841,3
2845,3
2846,3
2855,3
2857,3
2863,3
2866,3
2870,3
2872,3
2875,3
2878,3
2880,3
2884,3
2885,3
2887,3
2892,3
2893,3
2900,3
2906,3
2911,3
2912,3
2914,3
2930,3
2931,3
2938,3
2956,3
2959,3
2961,3
2966,3
2970,3
2979,3
2982,3
2984,3
2985,3
2998,3
3018,3
3019,3
3027,3
3039,3
3040,3
3044,3
3053,3
3060,3
3064,3
3067,3
3069,3
3078,3
3080,3
3082,3
3086,3
3087,3
3092,3
3097,3
3109,3
3112,3
3137,3
3140,3
3144,3
3147,3
3154,3
3156,3
3157,3
3160,3
3167,3
3169,3
3172,3
3179,3
3180,3
3183,3
3187,3
3202,3
3207,3
3213,3
3218,3
3221,3
3222,3
3224,3
3228,3
3229,3
3230,3
3232,3
3241,3
3243,3
3248,3
3257,3
3259,3
3261,3
3267,3
3268,3
3270,3
3277,3
3279,3
3280,3
3288,3
3289,3
3294,3
3304,3
3322,3
3327,3
3329,3
3337,3
3344,3
3349,3
3352,3
3355,3
3362,3
3374,3
3377,3
3394,3
3399,3
3407,3
3411,3
3425,3
3426,3
3429,3
3432,3
3434,3
3439,3
3441,3
3442,3
3445,3
3448,3
3461,3
3463,3
3473,3
3484,3
3485,3
3490,3
3495,3
3500,3
3503,3
3505,3
3507,3
3508,3
3510,3
3512,3
3519,3
3527,3
3533,3
3534,3
3537,3
3541,3
3542,3
3544,3
3545,3
3553,3
3555,3
3558,3
3563,3
3567,3
3583,3
3593,3
3597,3
3602,3
3611,3
3619,3
3621,3
3630,3
3635,3
3641,3
3645,3
3646,3
3650,3
3658,3
3665,3
3666,3
3668,3
3672,3
3675,3
3681,3
3696,3
3703,3
3708,3
3711,3
3725,3
3729,3
3730,3
3734,3
3737,3
3740,3
3742,3
3743,3
3746,3
3747,3
3749,3
3752,3
3754,3
3758,3
3768,3
3769,3
3773,3
3776,3
3794,3
3802,3
3808,3
3822,3
3824,3
3833,3
3834,3
3838,3
3841,3
3849,3
3850,3
3851,3
3854,3
3865,3
3869,3
3871,3
3875,3
3877,3
3882,3
3893,3
3895,3
3897,3
3898,3
3908,3
3913,3
3917,3
3920,3
3926,3
3930,3
3931,3
3932,3
3933,3
3936,3
3939,3
3945,3
3951,3
3959,3
3960,3
3965,3
3966,3
3970,3
3973,3
3976,3
3978,3
3982,3
3983,3
3988,3
3995,3
3998,3
3999,3
4003,3
4010,3
4019,3
4021,3
4026,3
4029,3
4036,3
4038,3
4045,3
4071,3
4075,3
4076,3
4082,3
4086,3
4090,3
4104,3
4109,3
4112,3
4113,3
4116,3
4117,3
4130,3
4138,3
4141,3
4144,3
4146,3
4156,3
4166,3
4167,3
4188,3
4190,3
4193,3
4194,3
4197,3
4198,3
4206,3
4210,3
4214,3
4217,3
4219,3
4226,3
4228,3
4231,3
4234,3
4245,3
4250,3
4254,3
4266,3
4269,3
4273,3
4274,3
4282,3
4283,3
4286,3
4290,3
4292,3
4295,3
4310,3
4315,3
4320,3
4324,3
4326,3
4338,3
4340,3
4345,3
4347,3
4351,3
4353,3
4356,3
4357,3
4361,3
4363,3
4364,3
4375,3
4380,3
4384,3
4389,3
4394,3
4410,3
4417,3
4422,3
4425,3
4426,3
4430,3
4436,3
4438,3
4439,3
4441,3
4447,3
4450,3
4451,3
4452,3
4457,3
4459,3
4465,3
4477,3
4479,3
4486,3
4501,3
4504,3
4509,3
4510,3
4512,3
4517,3
4518,3
4523,3
4527,3
4530,3
4538,3
4542,3
4543,3
4544,3
4554,3
4560,3
4562,3
4593,3
4595,3
4599,3
4609,3
4615,3
4619,3
4621,3
4623,3
4626,3
4634,3
4639,3
4640,3
4642,3
4645,3
4647,3
4658,3
4664,3
4671,3
4672,3
4683,3
4696,3
4700,3
4708,3
4723,3
4727,3
4730,3
4731,3
4736,3
4738,3
4744,3
4746,3
4748,3
4776,3
4780,3
4797,3
4808,3
4809,3
4820,3
4821,3
4827,3
4829,3
4832,3
4840,3
4842,3
4843,3
4852,3
4855,3
4859,3
4868,3
4869,3
4870,3
4875,3
4880,3
4892,3
4893,3
4898,3
4905,3
4909,3
4932,3
4939,3
4940,3
4946,3
4951,3
4953,3
4956,3
4965,3
4967,3
4968,3
4973,3
4974,3
4978,3
4993,3
4997,3
5011,3
5015,3
5017,3
5021,3
5027,3
5029,3
5031,3
5034,3
5035,3
5046,3
5058,3
5059,3
5061,3
5072,3
5077,3
5078,3
5088,3
5089,3
5091,3
5096,3
5103,3
5107,3
5117,3
5126,3
5130,3
5136,3
5137,3
5138,3
5139,3
5141,3
5148,3
5155,3
5173,3
5184,3
5190,3
5193,3
5197,3
5199,3
5202,3
5204,3
5219,3
5232,3
5233,3
5237,3
5239,3
5258,3
5260,3
5273,3
5274,3
5275,3
5279,3
5283,3
5292,3
5293,3
5297,3
5299,3
5301,3
5312,3
5315,3
5320,3
5325,3
5327,3
5333,3
5335,3
5337,3
5338,3
5340,3
5348,3
5361,3
5366,3
5368,3
5371,3
5384,3
5390,3
5393,3
5396,3
5403,3
5404,3
5406,3
5409,3
5412,3
5419,3
5425,3
5432,3
5447,3
5450,3
5455,3
5462,3
5464,3
5474,3
5477,3
5493,3
5494,3
5497,3
5500,3
5501,3
5509,3
5516,3
5518,3
5523,3
5530,3
5533,3
5537,3
5540,3
5554,3
5555,3
5558,3
5563,3
5567,3
5572,3
5585,3
5588,3
5591,3
5598,3
5603,3
5605,3
5615,3
5618,3
5621,3
5634,3
5638,3
5645,3
5651,3
5652,3
5653,3
5668,3
5671,3
5672,3
5673,3
5691,3
5692,3
5701,3
5702,3
5710,3
5713,3
5714,3
5723,3
5726,3
5728,3
5734,3
5735,3
5740,3
5743,3
5744,3
5750,3
5760,3
5772,3
5778,3
5786,3
5793,3
5794,3
5797,3
5798,3
5799,3
5804,3
5806,3
5807,3
5810,3
5816,3
5817,3
5822,3
5823,3
5824,3
5826,3
5829,3
5830,3
5845,3
5850,3
5856,3
5857,3
5868,3
5877,3
5882,3
5901,3
5902,3
5903,3
5907,3
5921,3
5926,3
5936,3
5946,3
5960,3
5970,3
5973,3
5978,3
5980,3
5992,3
5993,3
5999,3
6003,3
6009,3
6010,3
6017,3
6019,3
6033,3
6036,3
6040,3
6041,3
6047,3
6054,3
6062,3
6063,3
6065,3
6072,3
6081,3
6082,3
6084,3
6087,3
6091,3
6097,3
6100,3
6107,3
6108,3
6120,3
6121,3
6122,3
6125,3
6127,3
6129,3
6132,3
6137,3
6146,3
6159,3
6168,3
6169,3
6171,3
6176,3
6187,3
6192,3
6197,3
6201,3
6202,3
6203,3
6206,3
6212,3
6216,3
6217,3
6227,3
6236,3
6242,3
6243,3
6245,3
6249,3
6255,3
6258,3
6265,3
6270,3
6277,3
6278,3
6285,3
6291,3
6292,3
6299,3
6303,3
6304,3
6313,3
6319,3
6326,3
6334,3
6335,3
6336,3
6344,3
6345,3
6350,3
6357,3
6365,3
6376,3
6393,3
6399,3
6406,3
6408,3
6409,3
6413,3
6419,3
6427,3
6428,3
6431,3
6433,3
6438,3
6440,3
6457,3
6462,3
6463,3
6464,3
6465,3
6467,3
6469,3
6471,3
6473,3
6484,3
6487,3
6489,3
6491,3
6493,3
6507,3
6509,3
6514,3
6516,3
6528,3
6532,3
6540,3
6553,3
6555,3
6556,3
6573,3
6578,3
6579,3
6582,3
6593,3
6597,3
6598,3
6601,3
6602,3
6611,3
6614,3
6616,3
6619,3
6620,3
6622,3
6637,3
6646,3
6652,3
6656,3
6683,3
6685,3
6686,3
6688,3
6689,3
6690,3
6694,3
6695,3
6697,3
6705,3
6711,3
6720,3
6726,3
6727,3
6732,3
6737,3
6740,3
6752,3
6754,3
6761,3
6762,3
6764,3
6766,3
6782,3
6784,3
6794,3
6795,3
6796,3
6798,3
6810,3
6812,3
6814,3
6820,3
6823,3
6824,3
6831,3
6837,3
6840,3
6849,3
6850,3
6857,3
6860,3
6861,3
6866,3
6880,3
6881,3
6885,3
6899,3
6903,3
6905,3
6908,3
6915,3
6925,3
6927,3
6932,3
6934,3
6935,3
6939,3
6943,3
6951,3
6969,3
6970,3
6984,3
6988,3
6998,3
7003,3
7005,3
7008,3
7010,3
7025,3
7032,3
7033,3
7060,3
7073,3
7091,3
7095,3
7103,3
7114,3
7118,3
7121,3
7122,3
7124,3
7125,3
7131,3
7140,3
7144,3
7148,3
7152,3
7158,3
7160,3
7166,3
7171,3
7175,3
7176,3
7182,3
7183,3
7192,3
7194,3
7195,3
7196,3
7201,3
7209,3
7215,3
7216,3
7219,3
7220,3
7231,3
7239,3
7245,3
7247,3
7249,3
7257,3
7258,3
7268,3
7269,3
7270,3
7271,3
7274,3
7279,3
7284,3
7287,3
7289,3
7291,3
7293,3
7321,3
7332,3
7343,3
7347,3
7356,3
7362,3
7364,3
7368,3
7375,3
7378,3
7383,3
7387,3
7390,3
7393,3
7401,3
7404,3
7407,3
7408,3
7412,3
7416,3
7417,3
7433,3
7441,3
7442,3
7473,3
7474,3
7478,3
7480,3
7492,3
7493,3
7507,3
7509,3
7511,3
7529,3
7537,3
7543,3
7546,3
7547,3
7549,3
7557,3
7559,3
7574,3
7576,3
7577,3
7584,3
7586,3
7595,3
7603,3
7612,3
7614,3
7621,3
7623,3
7632,3
7634,3
7649,3
7653,3
7662,3
7669,3
7679,3
7692,3
7695,3
7696,3
7698,3
7699,3
7703,3
7717,3
7721,3
7724,3
7736,3
7738,3
7740,3
7741,3
7742,3
7746,3
7751,3
7754,3
7756,3
7758,3
7760,3
7777,3
7786,3
7788,3
7795,3
7797,3
7808,3
7810,3
7828,3
7840,3
7841,3
7847,3
7849,3
7856,3
7866,3
7867,3
7872,3
7873,3
7889,3
7890,3
7892,3
7896,3
7898,3
7908,3
7919,3
7932,3
7951,3
7954,3
7955,3
7958,3
7963,3
7964,3
7967,3
7970,3
7974,3
7975,3
7980,3
7984,3
7991,3
7994,3
8004,3
8006,3
8008,3
8011,3
8015,3
8026,3
8033,3
8035,3
8038,3
8041,3
8042,3
8059,3
8060,3
8067,3
8068,3
8069,3
8081,3
8082,3
8086,3
8092,3
8096,3
8099,3
8111,3
8119,3
8129,3
8131,3
8138,3
8143,3
8148,3
8155,3
8165,3
8174,3
8176,3
8190,3
8206,3
8213,3
8214,3
8216,3
8221,3
8227,3
8231,3
8236,3
8237,3
8242,3
8246,3
8250,3
8253,3
8255,3
8256,3
8264,3
8270,3
8277,3
8282,3
8290,3
8294,3
8311,3
8312,3
8315,3
8317,3
8322,3
8323,3
8324,3
8349,3
8350,3
8352,3
8359,3
8360,3
8361,3
8365,3
8369,3
8372,3
8373,3
8375,3
8378,3
8402,3
8405,3
8429,3
8436,3
8449,3
8450,3
8451,3
8452,3
8453,3
8460,3
8463,3
8475,3
8479,3
8482,3
8485,3
8494,3
8499,3
8501,3
8504,3
8508,3
8520,3
8526,3
8528,3
8534,3
8542,3
8546,3
8549,3
8552,3
8553,3
8556,3
8562,3
8564,3
8566,3
8575,3
8578,3
8581,3
8596,3
8598,3
8600,3
8604,3
8606,3
8616,3
8620,3
8625,3
8626,3
8645,3
8649,3
8651,3
8652,3
8655,3
8657,3
8659,3
8660,3
8664,3
8673,3
8675,3
8681,3
8686,3
8688,3
8696,3
8697,3
8725,3
8726,3
8727,3
8744,3
8750,3
8767,3
8773,3
8776,3
8781,3
8789,3
8803,3
8814,3
8818,3
8822,3
8827,3
8829,3
8830,3
8842,3
8848,3
8849,3
8863,3
8866,3
8873,3
8885,3
8886,3
8888,3
8902,3
8911,3
8913,3
8927,3
8929,3
8933,3
8942,3
8949,3
8952,3
8954,3
8957,3
8958,3
8962,3
8965,3
8966,3
8976,3
8979,3
8996,3
9003,3
9004,3
9008,3
9015,3
9016,3
9020,3
9032,3
9034,3
9044,3
9046,3
9048,3
9051,3
9053,3
9055,3
9056,3
9065,3
9083,3
9087,3
9091,3
9100,3
9101,3
9102,3
9107,3
9116,3
9122,3
9131,3
9136,3
9139,3
9144,3
9151,3
9156,3
9164,3
9166,3
9168,3
9169,3
9171,3
9178,3
9182,3
9184,3
9185,3
9191,3
9196,3
9199,3
9203,3
9204,3
9206,3
9224,3
9232,3
9234,3
9243,3
9246,3
9252,3
9254,3
9256,3
9257,3
9275,3
9279,3
9294,3
9301,3
9303,3
9306,3
9308,3
9311,3
9315,3
9317,3
9318,3
9322,3
9331,3
9336,3
9343,3
9345,3
9353,3
9364,3
9370,3
9375,3
9383,3
9387,3
9389,3
9399,3
9402,3
9403,3
9405,3
9409,3
9415,3
9422,3
9429,3
9433,3
9437,3
9438,3
9440,3
9442,3
9445,3
9448,3
9459,3
9465,3
9466,3
9469,3
9487,3
9489,3
9495,3
9501,3
9513,3
9514,3
9520,3
9521,3
9527,3
9531,3
9533,3
9543,3
9549,3
9552,3
9554,3
9557,3
9558,3
9560,3
9566,3
9569,3
9591,3
9593,3
9603,3
9609,3
9611,3
9612,3
9613,3
9614,3
9615,3
9618,3
9619,3
9621,3
9623,3
9638,3
9639,3
9648,3
9649,3
9651,3
9653,3
9654,3
9662,3
9663,3
9665,3
9669,3
9670,3
9677,3
9680,3
9681,3
9731,3
9735,3
9736,3
9738,3
9739,3
9744,3
9747,3
9751,3
9752,3
9761,3
9773,3
9777,3
9791,3
9794,3
9801,3
9807,3
9808,3
9818,3
9835,3
9836,3
9838,3
9843,3
9862,3
9863,3
9864,3
9867,3
9868,3
9871,3
9872,3
9891,3
9896,3
9897,3
9899,3
9903,3
9905,3
9912,3
9921,3
9938,3
9940,3
9943,3
9948,3
9956,3
9959,3
9960,3
9966,3
9992,3
9994,3
9995,3
10010,3
10011,3
10013,3
10016,3
10018,3
10031,3
10035,3
10041,3
10043,3
10044,3
10050,3
10051,3
10052,3
10054,3
10055,3
10057,3
10059,3
10069,3
10086,3
10088,3
10089,3
10092,3
10097,3
10107,3
10114,3
10115,3
10116,3
10117,3
10135,3
10139,3
10140,3
10145,3
10153,3
10157,3
10177,3
10193,3
10194,3
10197,3
10203,3
10204,3
10215,3
10216,3
10225,3
10227,3
10234,3
10237,3
10253,3
10267,3
10271,3
10278,3
10280,3
10281,3
10288,3
10295,3
10296,3
10299,3
10301,3
10306,3
10312,3
10320,3
10326,3
10331,3
10337,3
10339,3
10344,3
10345,3
10346,3
10349,3
10352,3
10353,3
10355,3
10356,3
10366,3
10373,3
10380,3
10381,3
10384,3
10387,3
10390,3
10401,3
10404,3
10410,3
10411,3
10422,3
10424,3
10426,3
10428,3
10429,3
10438,3
10445,3
10448,3
10449,3
10456,3
10463,3
10468,3
10471,3
10475,3
10479,3
10480,3
10482,3
10486,3
10492,3
10493,3
10495,3
10502,3
10505,3
10520,3
10522,3
10530,3
10531,3
10533,3
10535,3
10536,3
10542,3
10547,3
10552,3
10562,3
10567,3
10568,3
10572,3
10579,3
10582,3
10583,3
10585,3
10588,3
10589,3
10591,3
10593,3
10595,3
10603,3
10611,3
10633,3
10646,3
10647,3
10649,3
10652,3
10658,3
10661,3
10662,3
10673,3
10675,3
10677,3
10679,3
10682,3
10684,3
10694,3
10695,3
10700,3
10701,3
10702,3
10704,3
10706,3
10713,3
10716,3
10719,3
10720,3
10721,3
10722,3
10727,3
10737,3
10739,3
10746,3
10747,3
10749,3
10751,3
10752,3
10756,3
10761,3
10767,3
10773,3
10775,3
10780,3
10784,3
10797,3
10799,3
10801,3
10807,3
10808,3
10816,3
10821,3
10824,3
10825,3
10830,3
10839,3
10840,3
10846,3
10854,3
10856,3
10860,3
10861,3
10862,3
10867,3
10872,3
10873,3
10875,3
10876,3
10878,3
10881,3
10883,3
10885,3
10890,3
10891,3
10897,3
10899,3
10902,3
10911,3
10917,3
10922,3
10924,3
10932,3
10937,3
10942,3
10945,3
10955,3
10957,3
10959,3
10963,3
10970,3
10980,3
10987,3
10988,3
10994,3
10997,3
10998,3
11001,3
11010,3
11011,3
11013,3
11022,3
11025,3
11033,3
11043,3
11049,3
11058,3
11059,3
11061,3
11064,3
11071,3
11077,3
11081,3
11093,3
11098,3
11107,3
11108,3
11121,3
11129,3
11138,3
11142,3
11154,3
11160,3
11165,3
11168,3
11180,3
11181,3
11187,3
11190,3
11193,3
11194,3
11200,3
11203,3
11214,3
11215,3
11221,3
11224,3
11233,3
11247,3
11255,3
11258,3
11265,3
11268,3
11272,3
11280,3
11285,3
11291,3
11309,3
11311,3
11323,3
11345,3
11360,3
11361,3
11363,3
11364,3
11369,3
11374,3
11380,3
11387,3
11389,3
11390,3
11400,3
11402,3
11403,3
11412,3
11416,3
11430,3
11437,3
11439,3
11442,3
11443,3
11455,3
11459,3
11461,3
11464,3
11465,3
11469,3
11477,3
11478,3
11479,3
11483,3
11489,3
11495,3
11497,3
11498,3
11503,3
11504,3
11521,3
11524,3
11533,3
11535,3
11543,3
11569,3
11574,3
11589,3
11592,3
11598,3
11603,3
11609,3
11612,3
11613,3
11619,3
11626,3
11639,3
11646,3
11648,3
11653,3
11654,3
11661,3
11672,3
11673,3
11684,3
11691,3
11709,3
11714,3
11725,3
11726,3
11728,3
11745,3
11756,3
11760,3
11763,3
11764,3
11779,3
11780,3
11787,3
11788,3
11811,3
11823,3
11827,3
11829,3
11839,3
11849,3
11857,3
11862,3
11878,3
11884,3
11888,3
11890,3
11894,3
11900,3
11902,3
11908,3
11918,3
11919,3
11924,3
11927,3
11932,3
11936,3
11938,3
11951,3
11957,3
11959,3
11961,3
11974,3
11984,3
11985,3
11992,3
11996,3
11997,3
11998,3
12003,3
12010,3
12011,3
12020,3
12022,3
12025,3
12026,3
12027,3
12029,3
12031,3
12032,3
12041,3
12043,3
12050,3
12056,3
12068,3
12069,3
12079,3
12087,3
12089,3
12092,3
12108,3
12116,3
12117,3
12123,3
12125,3
12127,3
12128,3
12130,3
12131,3
12135,3
12139,3
12145,3
12146,3
12149,3
12159,3
12161,3
12168,3
12174,3
12175,3
12181,3
12182,3
12187,3
12188,3
12189,3
12204,3
12206,3
12209,3
12213,3
12215,3
12218,3
12222,3
12233,3
12243,3
12245,3
12258,3
12259,3
12265,3
12267,3
12270,3
12274,3
12275,3
12276,3
12288,3
12291,3
12299,3
12302,3
12307,3
12309,3
12316,3
12327,3
12328,3
12336,3
12342,3
12355,3
12367,3
12373,3
12377,3
12382,3
12386,3
12388,3
12392,3
12393,3
12395,3
12401,3
12410,3
12411,3
12414,3
12416,3
12419,3
12423,3
12428,3
12437,3
12441,3
12445,3
12453,3
12454,3
12455,3
12456,3
12471,3
12472,3
12476,3
12479,3
12480,3
12483,3
12491,3
12496,3
12507,3
12508,3
12510,3
12525,3
12529,3
12532,3
12535,3
12536,3
12537,3
12542,3
12546,3
12551,3
12559,3
12569,3
12576,3
12578,3
12591,3
12597,3
12598,3
12602,3
12612,3
12614,3
12615,3
12617,3
12622,3
12624,3
12629,3
12631,3
12632,3
12635,3
12649,3
12650,3
12657,3
12660,3
12665,3
12667,3
12668,3
12671,3
12673,3
12674,3
12680,3
12682,3
12686,3
12693,3
12694,3
12697,3
12701,3
12702,3
12711,3
12716,3
12726,3
12733,3
12735,3
12739,3
12740,3
12742,3
12748,3
12750,3
12751,3
12752,3
12763,3
12770,3
12773,3
12780,3
12782,3
12796,3
12798,3
12815,3
12816,3
12818,3
12822,3
12824,3
12839,3
12847,3
12849,3
12865,3
12867,3
12869,3
12870,3
12890,3
12895,3
12897,3
12899,3
12903,3
12914,3
12921,3
12929,3
12934,3
12939,3
12941,3
12950,3
12951,3
12960,3
12964,3
12969,3
12971,3
12980,3
12985,3
12989,3
12990,3
12996,3
13002,3
13003,3
13007,3
13008,3
13017,3
13018,3
13019,3
13027,3
13028,3
13031,3
13033,3
13038,3
13044,3
13049,3
13050,3
13052,3
13056,3
13059,3
13060,3
13063,3
13065,3
13067,3
13071,3
13083,3
13089,3
13090,3
13098,3
13104,3
13114,3
13124,3
13126,3
13128,3
13138,3
13140,3
13141,3
13145,3
13146,3
13148,3
13150,3
13157,3
13161,3
13166,3
13167,3
13168,3
13170,3
13175,3
13176,3
13178,3
13179,3
13180,3
13182,3
13185,3
13187,3
13191,3
13197,3
13199,3
13200,3
13207,3
13217,3
13220,3
13222,3
13226,3
13228,3
13239,3
13240,3
13246,3
13248,3
13251,3
13252,3
13258,3
13267,3
13281,3
13284,3
13288,3
13289,3
13297,3
13300,3
13305,3
13309,3
13310,3
13312,3
13314,3
13316,3
13323,3
13326,3
13328,3
13332,3
13365,3
13378,3
13380,3
13387,3
13388,3
13398,3
13404,3
13406,3
13407,3
13416,3
13418,3
13421,3
13432,3
13433,3
13434,3
13442,3
13448,3
13461,3
13469,3
13480,3
13481,3
13484,3
13485,3
13494,3
13495,3
13500,3
13502,3
13506,3
13511,3
13513,3
13516,3
13518,3
13527,3
13530,3
13532,3
13536,3
13540,3
13555,3
13567,3
13573,3
13579,3
13587,3
13588,3
13595,3
13604,3
13613,3
13622,3
13625,3
13627,3
13631,3
13632,3
13639,3
13640,3
13644,3
13652,3
13653,3
13655,3
13658,3
13666,3
13667,3
13669,3
13671,3
13680,3
13683,3
13688,3
13696,3
13699,3
13704,3
13710,3
13712,3
13713,3
13716,3
13717,3
13728,3
13732,3
13735,3
13736,3
13737,3
13740,3
13741,3
13747,3
13748,3
13752,3
13756,3
13760,3
13764,3
13767,3
13772,3
13791,3
13808,3
13819,3
13826,3
13829,3
13837,3
13839,3
13840,3
13846,3
13855,3
13857,3
13860,3
13861,3
13867,3
13876,3
13881,3
13890,3
13891,3
13894,3
13898,3
13900,3
13903,3
13910,3
13916,3
13926,3
13928,3
13931,3
13932,3
13948,3
13951,3
13975,3
13979,3
13988,3
13999,3
14009,3
14017,3
14023,3
14035,3
14041,3
14049,3
14052,3
14053,3
14064,3
14065,3
14066,3
14071,3
14072,3
14074,3
14075,3
14085,3
14088,3
14091,3
14096,3
14103,3
14113,3
14114,3
14115,3
14118,3
14123,3
14128,3
14130,3
14140,3
14141,3
14143,3
14147,3
14149,3
14155,3
14156,3
14159,3
14174,3
14175,3
14178,3
14192,3
14195,3
14196,3
14197,3
14200,3
14211,3
14215,3
14218,3
14219,3
14222,3
14223,3
14228,3
14230,3
14231,3
14234,3
14238,3
14248,3
14249,3
14254,3
14256,3
14257,3
14259,3
14260,3
14263,3
14264,3
14265,3
14266,3
14270,3
14273,3
14274,3
14279,3
14282,3
14284,3
14286,3
14289,3
14291,3
14297,3
14298,3
14302,3
14307,3
14309,3
14311,3
14318,3
14324,3
14328,3
14332,3
14335,3
14336,3
14340,3
14349,3
14350,3
14351,3
14353,3
14368,3
14370,3
14375,3
14379,3
14380,3
14382,3
14383,3
14387,3
14395,3
14399,3
14404,3
14417,3
14419,3
14420,3
14424,3
14429,3
14431,3
14433,3
14435,3
14436,3
14447,3
14448,3
14450,3
14451,3
14458,3
14466,3
14469,3
14472,3
14474,3
14477,3
14478,3
14479,3
14482,3
14487,3
14495,3
14501,3
14507,3
14516,3
14521,3
14522,3
14528,3
14531,3
14533,3
14536,3
14542,3
14544,3
14548,3
14549,3
14550,3
14551,3
14553,3
14556,3
14557,3
14567,3
14571,3
14573,3
14574,3
14579,3
14583,3
14587,3
14596,3
14598,3
14602,3
14604,3
14606,3
14607,3
14618,3
14619,3
14631,3
14637,3
14641,3
14644,3
14649,3
14650,3
14668,3
14672,3
14680,3
14688,3
14696,3
14698,3
14700,3
14701,3
14712,3
14715,3
14716,3
14717,3
14720,3
14725,3
14742,3
14743,3
14759,3
14768,3
14774,3
14777,3
14781,3
14783,3
14801,3
14802,3
14804,3
14805,3
14806,3
14810,3
14813,3
14819,3
14820,3
14822,3
14831,3
14832,3
14833,3
14836,3
14837,3
14838,3
14843,3
14846,3
14851,3
14854,3
14869,3
14871,3
14881,3
14884,3
14885,3
14891,3
14894,3
14895,3
14896,3
14907,3
14910,3
14911,3
14913,3
14914,3
14915,3
14917,3
14921,3
14926,3
14936,3
14945,3
14956,3
14968,3
14971,3
14972,3
14973,3
14974,3
14982,3
14983,3
14986,3
14987,3
14996,3
15001,3
15002,3
15006,3
15010,3
15011,3
15016,3
15020,3
15027,3
15028,3
15042,3
15043,3
15044,3
15047,3
15048,3
15050,3
15059,3
15060,3
15065,3
15068,3
15072,3
15080,3
15082,3
15087,3
15090,3
15091,3
15092,3
15111,3
15116,3
15117,3
15120,3
15128,3
15129,3
15144,3
15149,3
15155,3
15156,3
15159,3
15161,3
15162,3
15167,3
15168,3
15173,3
15188,3
15190,3
15199,3
15208,3
15211,3
15226,3
15232,3
15239,3
15240,3
15258,3
15263,3
15273,3
15274,3
15282,3
15283,3
15288,3
15295,3
15303,3
15315,3
15319,3
15331,3
15334,3
15340,3
15346,3
15350,3
15351,3
15354,3
15355,3
15357,3
15369,3
15370,3
15371,3
15372,3
15399,3
15402,3
15403,3
15404,3
15410,3
15413,3
15414,3
15423,3
15431,3
15439,3
15442,3
15461,3
15470,3
15475,3
15479,3
15495,3
15510,3
15512,3
15515,3
15518,3
15526,3
15535,3
15536,3
15538,3
15539,3
15543,3
15544,3
15546,3
15551,3
15556,3
15558,3
15560,3
15562,3
15569,3
15570,3
15571,3
15573,3
15576,3
15581,3
15591,3
15635,3
15637,3
15650,3
15651,3
15657,3
15661,3
15664,3
15668,3
15669,3
15672,3
15674,3
15679,3
15684,3
15686,3
15689,3
15690,3
15693,3
15699,3
15703,3
15707,3
15708,3
15711,3
15718,3
15730,3
15743,3
15745,3
15746,3
15749,3
15756,3
15760,3
15764,3
15767,3
15778,3
15782,3
15785,3
15792,3
15797,3
15807,3
15809,3
15811,3
15812,3
15813,3
15815,3
15821,3
15827,3
15830,3
15831,3
15838,3
15851,3
15856,3
15860,3
15861,3
15864,3
15871,3
15873,3
15877,3
15878,3
15887,3
15892,3
15895,3
15906,3
15918,3
15919,3
15921,3
15922,3
15926,3
15932,3
15939,3
15952,3
15955,3
15961,3
15962,3
15964,3
15967,3
15969,3
15974,3
15975,3
15977,3
15978,3
15982,3
15984,3
15985,3
15992,3
16000,3
16003,3
16004,3
16005,3
16009,3
16011,3
16019,3
16024,3
16025,3
16028,3
16040,3
16042,3
16044,3
16050,3
16056,3
16059,3
16066,3
16077,3
16082,3
16083,3
16097,3
16098,3
16102,3
16105,3
16108,3
16109,3
16111,3
16114,3
16133,3
16134,3
16137,3
16144,3
16146,3
16147,3
16148,3
16150,3
16158,3
16172,3
16173,3
16175,3
16177,3
16181,3
16182,3
16192,3
16207,3
16210,3
16212,3
16216,3
16222,3
16227,3
16231,3
16233,3
16241,3
16246,3
16250,3
16256,3
16260,3
16265,3
16266,3
16268,3
16284,3
16287,3
16293,3
16294,3
16301,3
16306,3
16324,3
16326,3
16336,3
16341,3
16347,3
16354,3
16357,3
16373,3
16385,3
16386,3
16392,3
16395,3
16396,3
16400,3
16410,3
16411,3
16421,3
16425,3
16429,3
16432,3
16436,3
16438,3
16451,3
16452,3
16456,3
16462,3
16466,3
16468,3
16470,3
16471,3
16476,3
16482,3
16484,3
16486,3
16490,3
16502,3
16503,3
16504,3
16512,3
16515,3
16516,3
16520,3
16521,3
16522,3
16526,3
16529,3
16532,3
16539,3
16540,3
16549,3
16553,3
16557,3
16559,3
16562,3
16570,3
16572,3
16578,3
16584,3
16585,3
16588,3
16590,3
16594,3
16595,3
16616,3
16626,3
16637,3
16639,3
16641,3
16647,3
16648,3
16660,3
16661,3
16670,3
16674,3
16681,3
16693,3
16697,3
16699,3
16701,3
16703,3
16706,3
16710,3
16713,3
16719,3
16721,3
16722,3
16723,3
16724,3
16726,3
16730,3
16737,3
16739,3
16743,3
16748,3
16749,3
16752,3
16757,3
16761,3
16774,3
16777,3
16791,3
16794,3
16798,3
16799,3
16815,3
16824,3
16836,3
16845,3
16847,3
16852,3
16859,3
16862,3
16865,3
16866,3
16872,3
16875,3
16876,3
16884,3
16892,3
16902,3
16906,3
16911,3
16917,3
16929,3
16930,3
16934,3
16944,3
16946,3
16963,3
16966,3
16970,3
16974,3
16982,3
16986,3
16990,3
16999,3
17002,3
17012,3
17014,3
17015,3
17022,3
17023,3
17026,3
17035,3
17036,3
17038,3
17051,3
17055,3
17063,3
17064,3
17070,3
17075,3
17082,3
17083,3
17089,3
17090,3
17096,3
17116,3
17118,3
17119,3
17125,3
17127,3
17133,3
17135,3
17137,3
17138,3
17141,3
17153,3
17159,3
17161,3
17169,3
17170,3
17175,3
17178,3
17179,3
17185,3
17188,3
17190,3
17191,3
17198,3
17209,3
17216,3
17217,3
17231,3
17234,3
17235,3
17241,3
17245,3
17246,3
17247,3
17250,3
17251,3
17252,3
17264,3
17266,3
17268,3
17269,3
17272,3
17273,3
17297,3
17304,3
17313,3
17320,3
17321,3
17323,3
17329,3
17345,3
17346,3
17350,3
17353,3
17360,3
17383,3
17395,3
17396,3
17400,3
17404,3
17413,3
17417,3
17419,3
17420,3
17427,3
17430,3
17434,3
17435,3
17439,3
17444,3
17445,3
17448,3
17449,3
17451,3
17455,3
17462,3
17476,3
17478,3
17479,3
17481,3
17483,3
17489,3
17493,3
17509,3
17514,3
17515,3
17516,3
17525,3
17527,3
6,4
8,4
15,4
18,4
24,4
26,4
42,4
46,4
48,4
59,4
62,4
63,4
66,4
67,4
69,4
72,4
79,4
101,4
126,4
131,4
136,4
138,4
140,4
142,4
153,4
154,4
155,4
169,4
170,4
175,4
176,4
177,4
184,4
192,4
196,4
204,4
208,4
216,4
217,4
224,4
236,4
237,4
238,4
242,4
245,4
246,4
251,4
252,4
254,4
257,4
264,4
266,4
271,4
272,4
282,4
292,4
308,4
309,4
312,4
313,4
315,4
320,4
322,4
332,4
338,4
351,4
358,4
367,4
369,4
372,4
379,4
384,4
385,4
398,4
401,4
403,4
405,4
408,4
410,4
415,4
422,4
424,4
427,4
434,4
439,4
441,4
443,4
445,4
450,4
455,4
460,4
464,4
469,4
472,4
475,4
477,4
480,4
487,4
488,4
495,4
530,4
534,4
536,4
540,4
553,4
554,4
557,4
559,4
575,4
578,4
581,4
585,4
590,4
594,4
605,4
616,4
618,4
624,4
625,4
633,4
639,4
657,4
664,4
666,4
674,4
679,4
693,4
696,4
700,4
701,4
711,4
717,4
724,4
726,4
727,4
731,4
741,4
744,4
752,4
755,4
781,4
783,4
784,4
785,4
797,4
800,4
803,4
804,4
807,4
808,4
809,4
812,4
821,4
823,4
827,4
831,4
835,4
840,4
841,4
867,4
871,4
888,4
905,4
907,4
911,4
913,4
915,4
919,4
923,4
927,4
938,4
950,4
965,4
966,4
968,4
973,4
977,4
981,4
983,4
985,4
987,4
993,4
994,4
1004,4
1006,4
1008,4
1020,4
1029,4
1032,4
1040,4
1041,4
1046,4
1055,4
1058,4
1071,4
1074,4
1082,4
1089,4
1092,4
1108,4
1110,4
1125,4
1127,4
1134,4
1137,4
1141,4
1142,4
1149,4
1161,4
1164,4
1165,4
1169,4
1173,4
1174,4
1182,4
1192,4
1195,4
1196,4
1203,4
1211,4
1214,4
1227,4
1235,4
1250,4
1257,4
1266,4
1269,4
1272,4
1277,4
1284,4
1286,4
1291,4
1298,4
1301,4
1302,4
1308,4
1325,4
1331,4
1335,4
1347,4
1356,4
1370,4
1372,4
1374,4
1375,4
1377,4
1392,4
1393,4
1398,4
1401,4
1405,4
1411,4
1414,4
1416,4
1417,4
1421,4
1435,4
1448,4
1455,4
1458,4
1460,4
1466,4
1479,4
1483,4
1499,4
1503,4
1508,4
1514,4
1519,4
1527,4
1535,4
1536,4
1552,4
1561,4
1565,4
1567,4
1577,4
1579,4
1583,4
1594,4
1603,4
1604,4
1606,4
1616,4
1620,4
1622,4
1624,4
1626,4
1629,4
1635,4
1636,4
1639,4
1641,4
1643,4
1646,4
1650,4
1652,4
1659,4
1665,4
1674,4
1685,4
1688,4
1696,4
1701,4
1708,4
1713,4
1720,4
1728,4
1729,4
1737,4
1742,4
1743,4
1746,4
1768,4
1772,4
1774,4
1783,4
1785,4
1789,4
1798,4
1803,4
1807,4
1811,4
1813,4
1817,4
1818,4
1819,4
1840,4
1843,4
1847,4
1855,4
1857,4
1859,4
1877,4
1884,4
1885,4
1888,4
1897,4
1903,4
1911,4
1912,4
1914,4
1915,4
1924,4
1925,4
1929,4
1936,4
1937,4
1946,4
1956,4
1957,4
1962,4
1964,4
1971,4
1978,4
1979,4
1987,4
1992,4
2001,4
2003,4
2012,4
2022,4
2024,4
2029,4
2032,4
2036,4
2037,4
2038,4
2039,4
2056,4
2067,4
2072,4
2078,4
2080,4
2082,4
2089,4
2090,4
2094,4
2098,4
2104,4
2105,4
2107,4
2110,4
2113,4
2116,4
2122,4
2126,4
2128,4
2132,4
2138,4
2142,4
2157,4
2160,4
2161,4
2164,4
2165,4
2172,4
2176,4
2178,4
2180,4
2181,4
2183,4
2187,4
2190,4
2194,4
2203,4
2205,4
2207,4
2212,4
2213,4
2214,4
2224,4
2229,4
2241,4
2249,4
2256,4
2262,4
2263,4
2268,4
2281,4
2284,4
2287,4
2293,4
2294,4
2302,4
2307,4
2308,4
2312,4
2314,4
2318,4
2319,4
2325,4
2335,4
2337,4
2339,4
2340,4
2355,4
2358,4
2362,4
2363,4
2368,4
2370,4
2373,4
2377,4
2395,4
2403,4
2406,4
2407,4
2408,4
2412,4
2419,4
2429,4
2448,4
2451,4
2468,4
2472,4
2480,4
2481,4
2492,4
2498,4
2502,4
2505,4
2506,4
2511,4
2514,4
2517,4
2520,4
2525,4
2527,4
2534,4
2540,4
2542,4
2547,4
2550,4
2559,4
2560,4
2563,4
2564,4
2566,4
2570,4
2572,4
2586,4
2589,4
2599,4
2601,4
2605,4
2611,4
2612,4
2615,4
2621,4
2630,4
2636,4
2637,4
2645,4
2647,4
2649,4
2650,4
2651,4
2657,4
2662,4
2665,4
2668,4
2669,4
2682,4
2686,4
2694,4
2701,4
2705,4
2706,4
2708,4
2710,4
2711,4
2715,4
2719,4
2722,4
2731,4
2737,4
2753,4
2754,4
2760,4
2769,4
2770,4
2775,4
2776,4
2784,4
2804,4
2806,4
2816,4
2828,4
2833,4
2843,4
2847,4
2854,4
2861,4
2874,4
2883,4
2886,4
2889,4
2891,4
2896,4
2903,4
2905,4
2920,4
2923,4
2927,4
2935,4
2937,4
2941,4
2948,4
2953,4
2954,4
2955,4
2960,4
2964,4
2969,4
2972,4
2974,4
2980,4
2992,4
3002,4
3003,4
3004,4
3007,4
3012,4
3013,4
3014,4
3015,4
3017,4
3020,4
3035,4
3037,4
3038,4
3054,4
3059,4
3066,4
3074,4
3076,4
3089,4
3094,4
3095,4
3104,4
3107,4
3110,4
3117,4
3125,4
3128,4
3134,4
3135,4
3151,4
3173,4
3188,4
3194,4
3198,4
3214,4
3219,4
3225,4
3226,4
3233,4
3235,4
3245,4
3251,4
3254,4
3258,4
3263,4
3272,4
3281,4
3290,4
3293,4
3296,4
3299,4
3307,4
3311,4
3313,4
3314,4
3318,4
3328,4
3333,4
3335,4
3338,4
3340,4
3346,4
3353,4
3365,4
3367,4
3369,4
3373,4
3375,4
3384,4
3387,4
3397,4
3401,4
3403,4
3413,4
3415,4
3421,4
3422,4
3436,4
3456,4
3464,4
3475,4
3482,4
3487,4
3493,4
3494,4
3496,4
3499,4
3501,4
3502,4
3518,4
3528,4
3529,4
3536,4
3540,4
3550,4
3552,4
3564,4
3565,4
3566,4
3569,4
3572,4
3573,4
3575,4
3576,4
3578,4
3580,4
3584,4
3589,4
3591,4
3592,4
3612,4
3636,4
3638,4
3648,4
3651,4
3654,4
3664,4
3667,4
3679,4
3689,4
3692,4
3697,4
3700,4
3701,4
3727,4
3739,4
3744,4
3756,4
3761,4
3763,4
3767,4
3778,4
3781,4
3782,4
3783,4
3785,4
3787,4
3792,4
3796,4
3800,4
3801,4
3806,4
3815,4
3816,4
3817,4
3823,4
3830,4
3831,4
3855,4
3856,4
3857,4
3858,4
3859,4
3860,4
3862,4
3864,4
3870,4
3872,4
3894,4
3896,4
3902,4
3906,4
3909,4
3912,4
3918,4
3919,4
3922,4
3924,4
3937,4
3938,4
3941,4
3942,4
3944,4
3957,4
3963,4
3974,4
3981,4
3994,4
4002,4
4011,4
4015,4
4016,4
4017,4
4030,4
4035,4
4055,4
4057,4
4060,4
4062,4
4066,4
4068,4
4078,4
4079,4
4092,4
4100,4
4101,4
4103,4
4111,4
4119,4
4120,4
4125,4
4129,4
4148,4
4151,4
4152,4
4154,4
4157,4
4173,4
4175,4
4176,4
4179,4
4182,4
4183,4
4191,4
4192,4
4199,4
4202,4
4207,4
4208,4
4227,4
4229,4
4238,4
4240,4
4249,4
4255,4
4256,4
4257,4
4259,4
4262,4
4271,4
4277,4
4281,4
4284,4
4296,4
4298,4
4299,4
4301,4
4303,4
4309,4
4311,4
4325,4
4329,4
4330,4
4336,4
4337,4
4339,4
4344,4
4346,4
4349,4
4354,4
4359,4
4362,4
4367,4
4385,4
4388,4
4390,4
4391,4
4404,4
4405,4
4416,4
4420,4
4423,4
4428,4
4429,4
4432,4
4440,4
4449,4
4460,4
4461,4
4463,4
4466,4
4467,4
4468,4
4471,4
4476,4
4478,4
4489,4
4493,4
4496,4
4497,4
4498,4
4500,4
4502,4
4503,4
4506,4
4508,4
4513,4
4524,4
4526,4
4535,4
4540,4
4545,4
4548,4
4550,4
4552,4
4553,4
4557,4
4561,4
4563,4
4575,4
4577,4
4583,4
4584,4
4585,4
4586,4
4587,4
4588,4
4594,4
4596,4
4598,4
4600,4
4603,4
4605,4
4613,4
4620,4
4627,4
4628,4
4629,4
4630,4
4631,4
4643,4
4649,4
4650,4
4651,4
4653,4
4657,4
4661,4
4669,4
4670,4
4676,4
4677,4
4680,4
4688,4
4697,4
4698,4
4699,4
4707,4
4717,4
4718,4
4719,4
4722,4
4724,4
4728,4
4740,4
4743,4
4745,4
4762,4
4767,4
4770,4
4778,4
4781,4
4782,4
4783,4
4784,4
4786,4
4795,4
4799,4
4801,4
4804,4
4805,4
4815,4
4817,4
4822,4
4823,4
4830,4
4839,4
4844,4
4847,4
4848,4
4849,4
4853,4
4861,4
4865,4
4878,4
4881,4
4883,4
4889,4
4895,4
4896,4
4910,4
4917,4
4921,4
4924,4
4943,4
4957,4
4958,4
4962,4
4966,4
4992,4
4994,4
5003,4
5009,4
5013,4
5014,4
5041,4
5052,4
5057,4
5063,4
5065,4
5066,4
5074,4
5085,4
5086,4
5090,4
5092,4
5098,4
5104,4
5108,4
5113,4
5119,4
5121,4
5125,4
5133,4
5134,4
5135,4
5146,4
5147,4
5149,4
5151,4
5158,4
5161,4
5163,4
5170,4
5174,4
5189,4
5194,4
5208,4
5209,4
5215,4
5217,4
5218,4
5227,4
5231,4
5234,4
5238,4
5241,4
5249,4
5251,4
5252,4
5254,4
5256,4
5277,4
5278,4
5281,4
5282,4
5286,4
5291,4
5295,4
5302,4
5304,4
5307,4
5308,4
5309,4
5317,4
5319,4
5321,4
5322,4
5324,4
5347,4
5349,4
5350,4
5354,4
5358,4
5359,4
5360,4
5362,4
5363,4
5365,4
5369,4
5370,4
5379,4
5382,4
5386,4
5389,4
5399,4
5401,4
5410,4
5411,4
5417,4
5423,4
5427,4
5429,4
5430,4
5441,4
5442,4
5454,4
5459,4
5465,4
5466,4
5469,4
5475,4
5484,4
5486,4
5488,4
5490,4
5495,4
5496,4
5502,4
5503,4
5506,4
5507,4
5510,4
5512,4
5517,4
5524,4
5527,4
5528,4
5532,4
5538,4
5541,4
5543,4
5545,4
5560,4
5564,4
5574,4
5577,4
5580,4
5581,4
5582,4
5584,4
5586,4
5587,4
5593,4
5597,4
5606,4
5623,4
5624,4
5630,4
5637,4
5648,4
5657,4
5669,4
5688,4
5689,4
5693,4
5716,4
5717,4
5718,4
5719,4
5737,4
5748,4
5753,4
5755,4
5767,4
5771,4
5795,4
5801,4
5805,4
5828,4
5839,4
5842,4
5847,4
5853,4
5862,4
5869,4
5871,4
5872,4
5875,4
5876,4
5900,4
5920,4
5927,4
5929,4
5930,4
5932,4
5933,4
5935,4
5937,4
5950,4
5952,4
5955,4
5956,4
5968,4
5974,4
5975,4
5979,4
5981,4
5982,4
5985,4
5989,4
5991,4
5997,4
6002,4
6005,4
6025,4
6027,4
6031,4
6034,4
6037,4
6042,4
6044,4
6048,4
6050,4
6052,4
6053,4
6055,4
6068,4
6069,4
6074,4
6085,4
6089,4
6103,4
6105,4
6109,4
6110,4
6114,4
6115,4
6117,4
6123,4
6124,4
6126,4
6130,4
6135,4
6149,4
6157,4
6158,4
6161,4
6162,4
6166,4
6167,4
6172,4
6174,4
6184,4
6194,4
6198,4
6205,4
6209,4
6211,4
6229,4
6234,4
6237,4
6246,4
6248,4
6254,4
6257,4
6261,4
6263,4
6264,4
6266,4
6267,4
6271,4
6272,4
6273,4
6284,4
6288,4
6290,4
6293,4
6297,4
6301,4
6305,4
6306,4
6317,4
6318,4
6324,4
6327,4
6331,4
6339,4
6340,4
6347,4
6348,4
6353,4
6360,4
6366,4
6367,4
6375,4
6379,4
6384,4
6385,4
6386,4
6387,4
6391,4
6396,4
6402,4
6403,4
6411,4
6414,4
6418,4
6424,4
6435,4
6436,4
6437,4
6443,4
6444,4
6445,4
6452,4
6454,4
6456,4
6459,4
6475,4
6482,4
6490,4
6503,4
6504,4
6512,4
6519,4
6520,4
6523,4
6527,4
6529,4
6533,4
6535,4
6538,4
6539,4
6541,4
6543,4
6544,4
6546,4
6557,4
6559,4
6563,4
6564,4
6565,4
6566,4
6571,4
6576,4
6580,4
6581,4
6594,4
6599,4
6600,4
6604,4
6606,4
6608,4
6609,4
6612,4
6623,4
6625,4
6633,4
6634,4
6638,4
6648,4
6649,4
6653,4
6669,4
6674,4
6687,4
6698,4
6707,4
6708,4
6713,4
6714,4
6715,4
6718,4
6721,4
6725,4
6743,4
6744,4
6746,4
6747,4
6748,4
6749,4
6753,4
6756,4
6760,4
6768,4
6772,4
6776,4
6777,4
6787,4
6791,4
6797,4
6802,4
6808,4
6811,4
6816,4
6818,4
6828,4
6833,4
6838,4
6844,4
6845,4
6853,4
6856,4
6868,4
6873,4
6876,4
6877,4
6878,4
6882,4
6884,4
6887,4
6890,4
6891,4
6894,4
6896,4
6901,4
6904,4
6910,4
6913,4
6916,4
6918,4
6919,4
6923,4
6926,4
6933,4
6941,4
6947,4
6949,4
6954,4
6957,4
6959,4
6961,4
6971,4
6972,4
6973,4
6976,4
6977,4
6999,4
7000,4
7002,4
7013,4
7014,4
7019,4
7029,4
7038,4
7039,4
7041,4
7042,4
7047,4
7048,4
7050,4
7051,4
7052,4
7057,4
7063,4
7072,4
7078,4
7081,4
7082,4
7092,4
7096,4
7104,4
7107,4
7108,4
7113,4
7115,4
7120,4
7129,4
7135,4
7142,4
7149,4
7151,4
7153,4
7155,4
7159,4
7169,4
7172,4
7174,4
7181,4
7187,4
7189,4
7199,4
7202,4
7208,4
7213,4
7214,4
7221,4
7222,4
7227,4
7228,4
7234,4
7255,4
7260,4
7263,4
7266,4
7267,4
7272,4
7276,4
7277,4
7281,4
7282,4
7288,4
7290,4
7298,4
7301,4
7302,4
7304,4
7310,4
7314,4
7315,4
7317,4
7325,4
7326,4
7327,4
7328,4
7334,4
7337,4
7338,4
7339,4
7341,4
7345,4
7351,4
7366,4
7371,4
7379,4
7381,4
7386,4
7403,4
7415,4
7429,4
7434,4
7436,4
7439,4
7453,4
7455,4
7456,4
7457,4
7462,4
7465,4
7469,4
7470,4
7471,4
7486,4
7487,4
7497,4
7500,4
7508,4
7510,4
7512,4
7513,4
7516,4
7521,4
7523,4
7536,4
7538,4
7540,4
7541,4
7545,4
7548,4
7556,4
7560,4
7561,4
7587,4
7588,4
7592,4
7593,4
7598,4
7604,4
7608,4
7616,4
7618,4
7622,4
7626,4
7630,4
7633,4
7636,4
7640,4
7642,4
7646,4
7650,4
7661,4
7664,4
7665,4
7670,4
7671,4
7677,4
7691,4
7705,4
7710,4
7715,4
7718,4
7719,4
7720,4
7728,4
7730,4
7737,4
7739,4
7748,4
7750,4
7753,4
7763,4
7768,4
7770,4
7776,4
7778,4
7782,4
7783,4
7796,4
7805,4
7806,4
7813,4
7817,4
7835,4
7842,4
7846,4
7850,4
7852,4
7854,4
7863,4
7865,4
7869,4
7874,4
7880,4
7883,4
7888,4
7901,4
7905,4
7909,4
7913,4
7915,4
7918,4
7923,4
7927,4
7930,4
7931,4
7935,4
7939,4
7945,4
7949,4
7950,4
7952,4
7956,4
7957,4
7965,4
7969,4
7971,4
7973,4
7979,4
7989,4
7990,4
7995,4
7996,4
7999,4
8009,4
8010,4
8012,4
8017,4
8019,4
8020,4
8021,4
8040,4
8045,4
8046,4
8048,4
8050,4
8053,4
8054,4
8063,4
8064,4
8065,4
8076,4
8077,4
8083,4
8084,4
8093,4
8100,4
8101,4
8103,4
8105,4
8118,4
8123,4
8137,4
8140,4
8142,4
8144,4
8153,4
8161,4
8167,4
8170,4
8171,4
8183,4
8184,4
8192,4
8195,4
8196,4
8210,4
8212,4
8224,4
8226,4
8230,4
8232,4
8243,4
8245,4
8248,4
8259,4
8279,4
8280,4
8281,4
8283,4
8306,4
8325,4
8331,4
8336,4
8339,4
8340,4
8343,4
8344,4
8345,4
8346,4
8358,4
8370,4
8374,4
8379,4
8384,4
8385,4
8393,4
8395,4
8401,4
8404,4
8409,4
8411,4
8415,4
8420,4
8423,4
8424,4
8432,4
8435,4
8442,4
8444,4
8455,4
8459,4
8469,4
8474,4
8483,4
8491,4
8498,4
8511,4
8513,4
8523,4
8525,4
8532,4
8540,4
8547,4
8555,4
8560,4
8565,4
8572,4
8579,4
8588,4
8590,4
8595,4
8599,4
8618,4
8629,4
8637,4
8640,4
8647,4
8650,4
8653,4
8654,4
8669,4
8676,4
8677,4
8684,4
8687,4
8698,4
8706,4
8709,4
8712,4
8713,4
8714,4
8715,4
8717,4
8718,4
8720,4
8722,4
8735,4
8736,4
8737,4
8741,4
8751,4
8752,4
8755,4
8757,4
8760,4
8768,4
8770,4
8771,4
8783,4
8801,4
8805,4
8810,4
8821,4
8828,4
8832,4
8837,4
8840,4
8844,4
8847,4
8853,4
8855,4
8860,4
8861,4
8862,4
8869,4
8871,4
8875,4
8887,4
8894,4
8904,4
8906,4
8907,4
8908,4
8914,4
8920,4
8922,4
8939,4
8940,4
8944,4
8948,4
8953,4
8970,4
8973,4
8974,4
8980,4
8988,4
8990,4
8995,4
8998,4
9010,4
9013,4
9014,4
9026,4
9030,4
9035,4
9047,4
9050,4
9052,4
9057,4
9058,4
9059,4
9061,4
9066,4
9077,4
9078,4
9088,4
9090,4
9097,4
9114,4
9121,4
9133,4
9137,4
9138,4
9143,4
9147,4
9150,4
9157,4
9165,4
9170,4
9175,4
9187,4
9201,4
9209,4
9213,4
9214,4
9216,4
9220,4
9222,4
9223,4
9229,4
9231,4
9233,4
9238,4
9240,4
9248,4
9249,4
9250,4
9253,4
9259,4
9263,4
9264,4
9267,4
9268,4
9270,4
9272,4
9277,4
9283,4
9284,4
9287,4
9291,4
9295,4
9298,4
9300,4
9310,4
9319,4
9324,4
9342,4
9347,4
9355,4
9357,4
9359,4
9360,4
9362,4
9363,4
9366,4
9371,4
9372,4
9374,4
9379,4
9381,4
9384,4
9385,4
9390,4
9392,4
9400,4
9416,4
9418,4
9423,4
9424,4
9426,4
9430,4
9431,4
9435,4
9443,4
9449,4
9451,4
9453,4
9455,4
9458,4
9462,4
9476,4
9491,4
9492,4
9504,4
9512,4
9516,4
9523,4
9525,4
9529,4
9530,4
9537,4
9538,4
9539,4
9548,4
9551,4
9553,4
9556,4
9562,4
9567,4
9570,4
9574,4
9578,4
9579,4
9580,4
9581,4
9584,4
9586,4
9588,4
9589,4
9595,4
9596,4
9602,4
9610,4
9632,4
9643,4
9646,4
9650,4
9657,4
9667,4
9678,4
9683,4
9685,4
9686,4
9690,4
9693,4
9694,4
9695,4
9697,4
9700,4
9701,4
9704,4
9707,4
9708,4
9712,4
9729,4
9741,4
9749,4
9754,4
9755,4
9759,4
9763,4
9764,4
9765,4
9769,4
9780,4
9781,4
9789,4
9797,4
9798,4
9802,4
9803,4
9804,4
9810,4
9811,4
9813,4
9819,4
9823,4
9825,4
9826,4
9828,4
9832,4
9833,4
9834,4
9840,4
9876,4
9878,4
9880,4
9884,4
9886,4
9888,4
9895,4
9898,4
9904,4
9913,4
9920,4
9922,4
9924,4
9934,4
9935,4
9939,4
9951,4
9954,4
9961,4
9963,4
9965,4
9968,4
9973,4
9974,4
9979,4
9985,4
9986,4
9990,4
9993,4
9996,4
10001,4
10003,4
10004,4
10005,4
10022,4
10026,4
10029,4
10030,4
10038,4
10053,4
10062,4
10065,4
10070,4
10099,4
10103,4
10111,4
10121,4
10126,4
10129,4
10132,4
10142,4
10156,4
10161,4
10164,4
10165,4
10166,4
10171,4
10174,4
10175,4
10182,4
10183,4
10187,4
10189,4
10198,4
10206,4
10208,4
10213,4
10224,4
10229,4
10230,4
10232,4
10233,4
10235,4
10244,4
10250,4
10269,4
10272,4
10276,4
10279,4
10286,4
10290,4
10291,4
10317,4
10318,4
10328,4
10330,4
10333,4
10351,4
10362,4
10376,4
10378,4
10391,4
10392,4
10405,4
10409,4
10414,4
10418,4
10419,4
10421,4
10433,4
10434,4
10440,4
10450,4
10451,4
10454,4
10462,4
10464,4
10465,4
10481,4
10484,4
10489,4
10490,4
10496,4
10497,4
10499,4
10509,4
10518,4
10519,4
10523,4
10528,4
10529,4
10538,4
10540,4
10543,4
10545,4
10546,4
10555,4
10556,4
10560,4
10563,4
10566,4
10570,4
10577,4
10586,4
10596,4
10602,4
10604,4
10612,4
10622,4
10627,4
10632,4
10634,4
10638,4
10641,4
10648,4
10650,4
10655,4
10656,4
10660,4
10665,4
10667,4
10669,4
10674,4
10683,4
10685,4
10688,4
10692,4
10698,4
10703,4
10715,4
10729,4
10741,4
10743,4
10769,4
10770,4
10781,4
10783,4
10785,4
10786,4
10787,4
10788,4
10790,4
10792,4
10796,4
10804,4
10805,4
10812,4
10814,4
10817,4
10823,4
10844,4
10851,4
10853,4
10863,4
10870,4
10880,4
10882,4
10884,4
10889,4
10894,4
10907,4
10909,4
10912,4
10920,4
10925,4
10936,4
10938,4
10941,4
10944,4
10953,4
10958,4
10965,4
10969,4
10972,4
10974,4
10975,4
10978,4
10982,4
10984,4
10985,4
10986,4
11005,4
11009,4
11012,4
11015,4
11021,4
11030,4
11032,4
11046,4
11048,4
11050,4
11053,4
11056,4
11060,4
11063,4
11069,4
11073,4
11075,4
11076,4
11080,4
11087,4
11089,4
11091,4
11095,4
11104,4
11109,4
11112,4
11114,4
11125,4
11128,4
11133,4
11139,4
11143,4
11146,4
11150,4
11151,4
11157,4
11161,4
11164,4
11169,4
11173,4
11191,4
11201,4
11205,4
11211,4
11213,4
11218,4
11225,4
11237,4
11241,4
11243,4
11251,4
11254,4
11259,4
11267,4
11270,4
11273,4
11274,4
11275,4
11277,4
11283,4
11289,4
11295,4
11298,4
11300,4
11301,4
11302,4
11315,4
11319,4
11328,4
11346,4
11348,4
11349,4
11350,4
11351,4
11358,4
11362,4
11366,4
11375,4
11376,4
11393,4
11394,4
11397,4
11411,4
11415,4
11417,4
11420,4
11422,4
11424,4
11425,4
11433,4
11438,4
11441,4
11444,4
11447,4
11451,4
11454,4
11456,4
11460,4
11468,4
11471,4
11480,4
11481,4
11491,4
11492,4
11496,4
11501,4
11502,4
11506,4
11512,4
11516,4
11518,4
11522,4
11523,4
11525,4
11526,4
11534,4
11536,4
11542,4
11545,4
11556,4
11557,4
11558,4
11564,4
11571,4
11576,4
11579,4
11590,4
11606,4
11610,4
11611,4
11621,4
11622,4
11630,4
11633,4
11650,4
11655,4
11664,4
11666,4
11675,4
11683,4
11685,4
11686,4
11688,4
11690,4
11698,4
11715,4
11717,4
11721,4
11723,4
11729,4
11731,4
11733,4
11734,4
11735,4
11736,4
11737,4
11744,4
11751,4
11753,4
11754,4
11761,4
11762,4
11769,4
11773,4
11777,4
11789,4
11799,4
11817,4
11821,4
11828,4
11834,4
11846,4
11848,4
11860,4
11865,4
11867,4
11868,4
11880,4
11899,4
11907,4
11909,4
11913,4
11914,4
11921,4
11928,4
11933,4
11934,4
11937,4
11941,4
11946,4
11956,4
11963,4
11968,4
11973,4
11975,4
11976,4
11979,4
11983,4
11986,4
11993,4
12002,4
12015,4
12016,4
12018,4
12023,4
12030,4
12034,4
12051,4
12053,4
12059,4
12060,4
12080,4
12094,4
12095,4
12097,4
12102,4
12109,4
12114,4
12120,4
12121,4
12124,4
12126,4
12129,4
12132,4
12133,4
12136,4
12140,4
12144,4
12148,4
12157,4
12160,4
12162,4
12164,4
12166,4
12169,4
12171,4
12193,4
12195,4
12202,4
12208,4
12210,4
12211,4
12214,4
12216,4
12219,4
12223,4
12224,4
12228,4
12230,4
12235,4
12248,4
12255,4
12256,4
12261,4
12266,4
12269,4
12282,4
12290,4
12294,4
12295,4
12297,4
12300,4
12303,4
12304,4
12306,4
12313,4
12317,4
12318,4
12321,4
12341,4
12343,4
12349,4
12352,4
12357,4
12359,4
12360,4
12365,4
12372,4
12375,4
12385,4
12390,4
12394,4
12400,4
12408,4
12409,4
12420,4
12426,4
12431,4
12432,4
12438,4
12447,4
12448,4
12449,4
12450,4
12452,4
12458,4
12466,4
12470,4
12482,4
12484,4
12492,4
12499,4
12515,4
12517,4
12518,4
12524,4
12528,4
12534,4
12544,4
12549,4
12554,4
12565,4
12567,4
12575,4
12579,4
12581,4
12583,4
12594,4
12595,4
12599,4
12601,4
12609,4
12611,4
12613,4
12627,4
12640,4
12646,4
12659,4
12662,4
12664,4
12666,4
12675,4
12684,4
12688,4
12703,4
12705,4
12707,4
12721,4
12741,4
12746,4
12749,4
12755,4
12762,4
12764,4
12768,4
12775,4
12786,4
12795,4
12801,4
12802,4
12808,4
12810,4
12813,4
12817,4
12821,4
12826,4
12827,4
12830,4
12833,4
12834,4
12838,4
12840,4
12842,4
12843,4
12845,4
12846,4
12848,4
12852,4
12854,4
12857,4
12871,4
12874,4
12876,4
12879,4
12880,4
12881,4
12885,4
12894,4
12896,4
12898,4
12902,4
12906,4
12908,4
12913,4
12916,4
12918,4
12920,4
12923,4
12926,4
12927,4
12935,4
12945,4
12953,4
12958,4
12966,4
12970,4
12976,4
12983,4
12988,4
12992,4
13000,4
13001,4
13011,4
13013,4
13014,4
13024,4
13025,4
13029,4
13034,4
13039,4
13040,4
13042,4
13045,4
13046,4
13047,4
13051,4
13054,4
13055,4
13057,4
13061,4
13068,4
13072,4
13074,4
13077,4
13078,4
13079,4
13082,4
13084,4
13085,4
13099,4
13101,4
13107,4
13123,4
13125,4
13130,4
13134,4
13136,4
13147,4
13153,4
13154,4
13156,4
13160,4
13163,4
13174,4
13181,4
13184,4
13186,4
13193,4
13194,4
13196,4
13202,4
13203,4
13206,4
13209,4
13211,4
13218,4
13237,4
13247,4
13254,4
13263,4
13274,4
13275,4
13278,4
13282,4
13285,4
13292,4
13293,4
13298,4
13303,4
13315,4
13335,4
13337,4
13339,4
13349,4
13350,4
13351,4
13355,4
13359,4
13360,4
13361,4
13367,4
13371,4
13379,4
13381,4
13382,4
13386,4
13389,4
13390,4
13391,4
13394,4
13396,4
13399,4
13411,4
13415,4
13417,4
13419,4
13422,4
13425,4
13431,4
13436,4
13437,4
13438,4
13441,4
13449,4
13462,4
13465,4
13468,4
13473,4
13474,4
13477,4
13479,4
13482,4
13489,4
13491,4
13498,4
13507,4
13509,4
13514,4
13515,4
13520,4
13523,4
13525,4
13528,4
13529,4
13537,4
13543,4
13546,4
13552,4
13562,4
13574,4
13575,4
13583,4
13592,4
13597,4
13598,4
13599,4
13600,4
13603,4
13606,4
13611,4
13641,4
13642,4
13649,4
13650,4
13656,4
13659,4
13660,4
13662,4
13670,4
13678,4
13682,4
13686,4
13687,4
13691,4
13692,4
13693,4
13694,4
13697,4
13707,4
13718,4
13720,4
13725,4
13729,4
13733,4
13738,4
13742,4
13743,4
13750,4
13751,4
13753,4
13757,4
13768,4
13770,4
13771,4
13774,4
13780,4
13781,4
13782,4
13783,4
13789,4
13792,4
13794,4
13804,4
13806,4
13809,4
13815,4
13816,4
13827,4
13832,4
13833,4
13834,4
13836,4
13859,4
13863,4
13873,4
13874,4
13879,4
13886,4
13902,4
13908,4
13913,4
13914,4
13917,4
13918,4
13922,4
13934,4
13936,4
13937,4
13938,4
13955,4
13956,4
13963,4
13964,4
13969,4
13970,4
13973,4
13974,4
13982,4
13995,4
13996,4
13998,4
14001,4
14002,4
14005,4
14007,4
14010,4
14015,4
14018,4
14019,4
14031,4
14033,4
14034,4
14040,4
14043,4
14044,4
14047,4
14051,4
14056,4
14057,4
14061,4
14062,4
14063,4
14067,4
14069,4
14077,4
14078,4
14079,4
14080,4
14081,4
14083,4
14084,4
14087,4
14093,4
14097,4
14099,4
14104,4
14106,4
14120,4
14121,4
14126,4
14129,4
14133,4
14134,4
14136,4
14160,4
14167,4
14168,4
14173,4
14179,4
14183,4
14184,4
14190,4
14191,4
14199,4
14208,4
14213,4
14220,4
14221,4
14224,4
14225,4
14226,4
14229,4
14241,4
14242,4
14243,4
14251,4
14255,4
14258,4
14277,4
14280,4
14288,4
14290,4
14294,4
14296,4
14299,4
14300,4
14301,4
14315,4
14327,4
14329,4
14337,4
14342,4
14346,4
14354,4
14356,4
14359,4
14361,4
14362,4
14363,4
14365,4
14372,4
14374,4
14376,4
14393,4
14403,4
14405,4
14407,4
14408,4
14409,4
14410,4
14423,4
14432,4
14440,4
14443,4
14454,4
14461,4
14464,4
14470,4
14473,4
14488,4
14490,4
14491,4
14492,4
14493,4
14498,4
14502,4
14503,4
14508,4
14512,4
14519,4
14524,4
14525,4
14529,4
14543,4
14546,4
14547,4
14552,4
14562,4
14568,4
14572,4
14578,4
14584,4
14588,4
14609,4
14611,4
14614,4
14617,4
14629,4
14632,4
14633,4
14640,4
14660,4
14661,4
14663,4
14667,4
14679,4
14685,4
14687,4
14689,4
14692,4
14695,4
14699,4
14706,4
14718,4
14719,4
14722,4
14729,4
14730,4
14733,4
14734,4
14735,4
14737,4
14741,4
14752,4
14757,4
14767,4
14773,4
14776,4
14787,4
14788,4
14795,4
14796,4
14809,4
14815,4
14826,4
14834,4
14839,4
14841,4
14842,4
14845,4
14860,4
14864,4
14875,4
14876,4
14882,4
14883,4
14890,4
14893,4
14897,4
14901,4
14902,4
14904,4
14905,4
14908,4
14920,4
14924,4
14927,4
14928,4
14931,4
14932,4
14938,4
14940,4
14944,4
14958,4
14960,4
14962,4
14964,4
14976,4
14977,4
14985,4
14989,4
15003,4
15004,4
15005,4
15007,4
15009,4
15017,4
15018,4
15023,4
15026,4
15035,4
15038,4
15041,4
15064,4
15076,4
15085,4
15086,4
15088,4
15089,4
15098,4
15107,4
15109,4
15110,4
15113,4
15118,4
15124,4
15125,4
15133,4
15134,4
15136,4
15137,4
15139,4
15141,4
15143,4
15145,4
15157,4
15158,4
15160,4
15166,4
15170,4
15172,4
15175,4
15176,4
15195,4
15206,4
15207,4
15210,4
15217,4
15218,4
15220,4
15223,4
15227,4
15231,4
15237,4
15241,4
15243,4
15245,4
15250,4
15252,4
15253,4
15255,4
15259,4
15261,4
15264,4
15267,4
15286,4
15289,4
15290,4
15291,4
15310,4
15312,4
15314,4
15320,4
15323,4
15328,4
15330,4
15337,4
15338,4
15341,4
15343,4
15348,4
15349,4
15360,4
15361,4
15364,4
15365,4
15366,4
15380,4
15382,4
15383,4
15385,4
15391,4
15396,4
15401,4
15405,4
15407,4
15408,4
15409,4
15416,4
15417,4
15426,4
15427,4
15429,4
15433,4
15437,4
15443,4
15445,4
15446,4
15447,4
15448,4
15450,4
15451,4
15454,4
15455,4
15460,4
15463,4
15464,4
15471,4
15488,4
15492,4
15494,4
15498,4
15499,4
15506,4
15513,4
15517,4
15519,4
15522,4
15524,4
15529,4
15531,4
15540,4
15545,4
15550,4
15554,4
15557,4
15567,4
15577,4
15586,4
15589,4
15590,4
15594,4
15595,4
15596,4
15598,4
15601,4
15604,4
15606,4
15608,4
15609,4
15611,4
15612,4
15617,4
15618,4
15621,4
15623,4
15629,4
15644,4
15646,4
15648,4
15656,4
15666,4
15675,4
15682,4
15694,4
15704,4
15709,4
15710,4
15712,4
15720,4
15731,4
15737,4
15738,4
15744,4
15759,4
15776,4
15783,4
15787,4
15791,4
15806,4
15810,4
15828,4
15832,4
15837,4
15843,4
15852,4
15853,4
15857,4
15863,4
15866,4
15868,4
15870,4
15881,4
15883,4
15891,4
15893,4
15896,4
15907,4
15908,4
15910,4
15911,4
15914,4
15924,4
15927,4
15929,4
15930,4
15931,4
15937,4
15943,4
15945,4
15960,4
15976,4
15981,4
15990,4
15991,4
15997,4
15999,4
16020,4
16023,4
16026,4
16027,4
16029,4
16032,4
16034,4
16037,4
16038,4
16045,4
16057,4
16060,4
16069,4
16070,4
16072,4
16074,4
16080,4
16081,4
16084,4
16085,4
16089,4
16092,4
16095,4
16103,4
16110,4
16112,4
16116,4
16119,4
16121,4
16124,4
16125,4
16127,4
16129,4
16132,4
16136,4
16138,4
16149,4
16154,4
16164,4
16165,4
16166,4
16176,4
16191,4
16199,4
16201,4
16205,4
16208,4
16218,4
16220,4
16221,4
16225,4
16229,4
16236,4
16239,4
16252,4
16257,4
16267,4
16275,4
16276,4
16278,4
16283,4
16288,4
16297,4
16298,4
16303,4
16304,4
16310,4
16311,4
16313,4
16316,4
16317,4
16320,4
16321,4
16325,4
16329,4
16340,4
16346,4
16348,4
16349,4
16360,4
16371,4
16379,4
16381,4
16384,4
16387,4
16398,4
16401,4
16402,4
16408,4
16413,4
16414,4
16415,4
16417,4
16423,4
16426,4
16428,4
16430,4
16433,4
16434,4
16440,4
16445,4
16446,4
16449,4
16460,4
16461,4
16472,4
16475,4
16478,4
16485,4
16487,4
16514,4
16517,4
16525,4
16531,4
16533,4
16536,4
16550,4
16565,4
16589,4
16600,4
16602,4
16604,4
16607,4
16608,4
16610,4
16611,4
16612,4
16621,4
16622,4
16665,4
16667,4
16669,4
16671,4
16675,4
16679,4
16687,4
16714,4
16715,4
16733,4
16742,4
16744,4
16750,4
16751,4
16753,4
16754,4
16756,4
16759,4
16760,4
16765,4
16766,4
16767,4
16778,4
16780,4
16783,4
16785,4
16790,4
16793,4
16795,4
16803,4
16804,4
16812,4
16813,4
16816,4
16821,4
16822,4
16823,4
16827,4
16828,4
16848,4
16850,4
16856,4
16870,4
16871,4
16880,4
16882,4
16885,4
16893,4
16903,4
16908,4
16910,4
16920,4
16940,4
16949,4
16952,4
16956,4
16961,4
16962,4
16975,4
16977,4
16980,4
16987,4
16994,4
16995,4
17003,4
17004,4
17010,4
17013,4
17019,4
17020,4
17028,4
17032,4
17033,4
17041,4
17045,4
17049,4
17053,4
17059,4
17060,4
17062,4
17072,4
17077,4
17078,4
17084,4
17087,4
17088,4
17092,4
17093,4
17095,4
17099,4
17100,4
17107,4
17121,4
17123,4
17128,4
17151,4
17157,4
17163,4
17166,4
17168,4
17172,4
17177,4
17180,4
17184,4
17186,4
17201,4
17204,4
17207,4
17215,4
17222,4
17223,4
17226,4
17233,4
17239,4
17242,4
17243,4
17256,4
17257,4
17259,4
17260,4
17262,4
17274,4
17275,4
17286,4
17291,4
17301,4
17305,4
17315,4
17324,4
17326,4
17328,4
17331,4
17332,4
17336,4
17337,4
17349,4
17351,4
17352,4
17354,4
17361,4
17364,4
17370,4
17371,4
17380,4
17381,4
17398,4
17401,4
17402,4
17410,4
17411,4
17418,4
17429,4
17432,4
17443,4
17453,4
17456,4
17458,4
17477,4
17486,4
17495,4
17497,4
17498,4
17508,4
17517,4
17520,4
17529,4
